status,development_run,protocol_version,width,seed,controller,ranked,contract_success,acquisitions_to_contract,first_monitor_pass_acquisition,confirmed_monitor_entry_acquisition,commissioning_acquisitions,ordinary_monitor_acquisitions,probe_acquisitions,total_monitor_acquisitions,payload_validation_acquisitions,total_quantum_executions_to_usable,final_measured_monitor_rmse,final_evaluator_only_phase_rmse,payload_bitwise_zero_probability_at_entry,simulator_runtime_seconds,host_update_seconds,host_controller_initialization_seconds,host_commissioning_seconds,host_ordinary_update_seconds,host_probe_update_seconds,traffic_scalars,traffic_bytes_float64,controller_mutable_float_words_per_channel,controller_updates_to_contract,error_type,error_message
FAIL_CONTRACT_TIMEOUT,False,1.0.0-local-freeze,4,1239900679,do_nothing,True,False,,,,0,40,0,40,0,,0.16122295285872965,0.4472294626502149,,0.41508132475428283,0.0014156247489154339,1.9512022845447063e-05,0.0,0.0013961127260699868,0.0,320,2560,1.0,,,
PASS,False,1.0.0-local-freeze,4,1239900679,retained_residual,True,True,12,7,12,0,12,0,12,1,13,0.021461474611541284,0.041549938159314376,0.98876953125,0.13576949201524258,0.00217554101254791,0.00021711899898946285,0.0,0.0019584220135584474,0.0,96,768,6.0,11,,
PASS,False,1.0.0-local-freeze,4,1239900679,diagonal_secant,True,True,6,4,6,0,6,0,6,1,7,0.02155016449513683,0.07438178558902173,0.982421875,0.06263995298650116,0.001080083951819688,0.0002886829897761345,0.0,0.0007914009620435536,0.0,48,384,4.0,5,,
PASS,False,1.0.0-local-freeze,4,1239900679,anderson_residual,True,True,12,10,12,0,12,0,12,1,13,0.022348537332348747,0.05052767769139474,0.98681640625,0.1252328140544705,0.005228727939538658,0.00033934100065380335,0.0,0.004889386938884854,0.0,96,768,16.0,11,,
PASS,False,1.0.0-local-freeze,4,1239900679,commissioned_pi,True,True,12,10,12,2,10,0,12,1,13,0.033659104051775315,0.014229988042714357,0.99267578125,0.12270983308553696,0.0023498459486290812,6.242399103939533e-05,0.00010088598355650902,0.002186535974033177,0.0,96,768,3.0,9,,
FAIL_CONTRACT_TIMEOUT,False,1.0.0-local-freeze,4,1239900679,spsa,True,False,,,,0,14,26,40,0,,0.15034771591978627,0.41755316243475094,,0.38795436202781275,0.00087773083942011,0.00017352699069306254,0.0,0.0,0.0007042038487270474,320,2560,2.0,,,
PASS,False,1.0.0-local-freeze,4,1239900679,oracle,False,True,3,1,3,0,3,0,3,1,4,0.023964986015712095,1.3877787807814457e-17,0.9931640625,0.039620661991648376,0.00011996994726359844,4.8520974814891815e-05,0.0,7.144897244870663e-05,0.0,24,192,1.0,2,,
FAIL_CONTRACT_TIMEOUT,False,1.0.0-local-freeze,4,1573996,do_nothing,True,False,,,,0,40,0,40,0,,0.17133197834014685,0.4502082007521088,,0.3322275109239854,0.0012858082773163915,3.8356054574251175e-05,0.0,0.0012474522227421403,0.0,320,2560,1.0,,,
PASS,False,1.0.0-local-freeze,4,1573996,retained_residual,True,True,13,9,13,0,13,0,13,1,14,0.025857304608306538,0.07959602010030543,0.9833984375,0.1295130581711419,0.0022974751191213727,0.00036641297629103065,0.0,0.001931062142830342,0.0,104,832,6.0,12,,
PASS,False,1.0.0-local-freeze,4,1573996,diagonal_secant,True,True,8,6,8,0,8,0,8,1,9,0.029629912488192103,0.04870260701129355,0.9892578125,0.08275450603105128,0.0013211639015935361,0.00022640801034867764,0.0,0.0010947558912448585,0.0,64,512,4.0,7,,
PASS,False,1.0.0-local-freeze,4,1573996,anderson_residual,True,True,9,7,9,0,9,0,9,1,10,0.017553099726406958,0.07876103484881788,0.98291015625,0.09465508197899908,0.002497113891877234,0.0002544199815019965,0.0,0.0022426939103752375,0.0,72,576,16.0,8,,
PASS,False,1.0.0-local-freeze,4,1573996,commissioned_pi,True,True,7,5,7,2,5,0,7,1,8,0.032064550813817844,0.07991738092494935,0.9853515625,0.08190467301756144,0.0005154999671503901,6.544799543917179e-05,9.376101661473513e-05,0.00035629095509648323,0.0,56,448,3.0,4,,
FAIL_CONTRACT_TIMEOUT,False,1.0.0-local-freeze,4,1573996,spsa,True,False,,,,0,14,26,40,0,,0.17435217738770656,0.41676177948116777,,0.4147370280115865,0.0007637850358150899,0.00020667299395427108,0.0,0.0,0.0005571120418608189,320,2560,2.0,,,
PASS,False,1.0.0-local-freeze,4,1573996,oracle,False,True,3,1,3,0,3,0,3,1,4,0.013787462179455454,0.0,0.9931640625,0.039541950973216444,0.00010494794696569443,3.911898238584399e-05,0.0,6.582896457985044e-05,0.0,24,192,1.0,2,,
FAIL_CONTRACT_TIMEOUT,False,1.0.0-local-freeze,4,1558604323,do_nothing,True,False,,,,0,40,0,40,0,,0.15515482468733097,0.44811701413645716,,0.3748030680580996,0.0013954390306025743,3.168999683111906e-05,0.0,0.0013637490337714553,0.0,320,2560,1.0,,,
PASS,False,1.0.0-local-freeze,4,1558604323,retained_residual,True,True,10,8,10,0,10,0,10,1,11,0.01873729593319817,0.04096879220000506,0.98828125,0.12918577098753303,0.0017459659720771015,0.00034883199259638786,0.0,0.0013971339794807136,0.0,80,640,6.0,9,,
PASS,False,1.0.0-local-freeze,4,1558604323,diagonal_secant,True,True,15,10,15,0,15,0,15,1,16,0.009941800752318038,0.02989112603656862,0.990234375,0.1589125898317434,0.0052893938845954835,0.00026036094641312957,0.0,0.005029032938182354,0.0,120,960,4.0,14,,
PASS,False,1.0.0-local-freeze,4,1558604323,anderson_residual,True,True,10,8,10,0,10,0,10,1,11,0.014012587236172004,0.024353425256756992,0.990234375,0.0984364990144968,0.003598709008656442,0.0002735300222411752,0.0,0.003325178986415267,0.0,80,640,16.0,9,,
PASS,False,1.0.0-local-freeze,4,1558604323,commissioned_pi,True,True,9,7,9,2,7,0,9,1,10,0.03335558724619663,0.05287273219202795,0.98681640625,0.14586412999778986,0.0007351759704761207,7.402896881103516e-05,9.098299778997898e-05,0.0005701640038751066,0.0,72,576,3.0,6,,
FAIL_CONTRACT_TIMEOUT,False,1.0.0-local-freeze,4,1558604323,spsa,True,False,,,,0,14,26,40,0,,0.14528362233339337,0.4233539331554085,,0.36035702790832147,0.0007298250566236675,0.00018435996025800705,0.0,0.0,0.0005454650963656604,320,2560,2.0,,,
PASS,False,1.0.0-local-freeze,4,1558604323,oracle,False,True,3,1,3,0,3,0,3,1,4,0.025407345474855778,0.0,0.99169921875,0.03861224098363891,0.00010900298366323113,4.264997551217675e-05,0.0,6.635300815105438e-05,0.0,24,192,1.0,2,,
FAIL_CONTRACT_TIMEOUT,False,1.0.0-local-freeze,4,1280968996,do_nothing,True,False,,,,0,40,0,40,0,,0.19221927256134055,0.446584921033524,,0.3691288089612499,0.0012887782650068402,4.2742001824080944e-05,0.0,0.0012460362631827593,0.0,320,2560,1.0,,,
PASS,False,1.0.0-local-freeze,4,1280968996,retained_residual,True,True,14,10,14,0,14,0,14,1,15,0.03485379985031822,0.06511138957632413,0.9853515625,0.15228156291414052,0.00238917104434222,0.00029921199893578887,0.0,0.002089959045406431,0.0,112,896,6.0,13,,
PASS,False,1.0.0-local-freeze,4,1280968996,diagonal_secant,True,True,10,6,10,0,10,0,10,1,11,0.0106997953930125,0.0590378125469005,0.98486328125,0.09719685401069,0.0016735560493543744,0.0001878230250440538,0.0,0.0014857330243103206,0.0,80,640,4.0,9,,
PASS,False,1.0.0-local-freeze,4,1280968996,anderson_residual,True,True,14,10,14,0,14,0,14,1,15,0.024556166028747915,0.06898182323795943,0.984375,0.15771484904689714,0.00578031106851995,0.0002441420219838619,0.0,0.005536169046536088,0.0,112,896,16.0,13,,
PASS,False,1.0.0-local-freeze,4,1280968996,commissioned_pi,True,True,8,6,8,2,6,0,8,1,9,0.031128408390926954,0.08531702220257542,0.9853515625,0.10864154598675668,0.0007421620539389551,0.0001650010235607624,0.0001008500112220645,0.00047631101915612817,0.0,64,512,3.0,5,,
FAIL_CONTRACT_TIMEOUT,False,1.0.0-local-freeze,4,1280968996,spsa,True,False,,,,0,14,26,40,0,,0.16070847557555432,0.3973744672114761,,0.38480982900364324,0.0007570231682620943,0.0001918819616548717,0.0,0.0,0.0005651412066072226,320,2560,2.0,,,
PASS,False,1.0.0-local-freeze,4,1280968996,oracle,False,True,3,1,3,0,3,0,3,1,4,0.0333041729136763,0.0,0.99365234375,0.050402345950715244,0.00010367401409894228,4.3159991037100554e-05,0.0,6.0514023061841726e-05,0.0,24,192,1.0,2,,
FAIL_CONTRACT_TIMEOUT,False,1.0.0-local-freeze,4,946144272,do_nothing,True,False,,,,0,40,0,40,0,,0.1817924111428479,0.44434948979104033,,0.35962042590836063,0.0013271489879116416,4.373904084786773e-05,0.0,0.0012834099470637739,0.0,320,2560,1.0,,,
PASS,False,1.0.0-local-freeze,4,946144272,retained_residual,True,True,10,8,10,0,10,0,10,1,11,0.015084453302325999,0.028731810961000793,0.99267578125,0.11237854097271338,0.0017274169367738068,0.0002786180120892823,0.0,0.0014487989246845245,0.0,80,640,6.0,9,,
PASS,False,1.0.0-local-freeze,4,946144272,diagonal_secant,True,True,8,4,8,0,8,0,8,1,9,0.030863759176061253,0.04632239754946777,0.9892578125,0.09805369295645505,0.0013400008901953697,0.00027672399301081896,0.0,0.0010632768971845508,0.0,64,512,4.0,7,,
PASS,False,1.0.0-local-freeze,4,946144272,anderson_residual,True,True,11,9,11,0,11,0,11,1,12,0.021156584789157155,0.019501340071139548,0.99365234375,0.1305970199755393,0.003217533987481147,0.00024397397646680474,0.0,0.0029735600110143423,0.0,88,704,16.0,10,,
PASS,False,1.0.0-local-freeze,4,946144272,commissioned_pi,True,True,7,5,7,2,5,0,7,1,8,0.027756437740537085,0.0503024709377224,0.98974609375,0.11036396701820195,0.000607338035479188,6.894103717058897e-05,0.00012055103434249759,0.0004178459639661014,0.0,56,448,3.0,4,,
FAIL_CONTRACT_TIMEOUT,False,1.0.0-local-freeze,4,946144272,spsa,True,False,,,,0,14,26,40,0,,0.1720451033416733,0.4247282685231925,,0.41720068210270256,0.0009000010322779417,0.0002792060258798301,0.0,0.0,0.0006207950063981116,320,2560,2.0,,,
PASS,False,1.0.0-local-freeze,4,946144272,oracle,False,True,3,1,3,0,3,0,3,1,4,0.023687303003785375,0.0,0.994140625,0.04065123002510518,9.579601464793086e-05,2.917897654697299e-05,0.0,6.661703810095787e-05,0.0,24,192,1.0,2,,
FAIL_CONTRACT_TIMEOUT,False,1.0.0-local-freeze,4,1536741766,do_nothing,True,False,,,,0,40,0,40,0,,0.18047157549607254,0.45105266750648276,,0.40835932281333953,0.0012172488495707512,3.701000241562724e-05,0.0,0.001180238847155124,0.0,320,2560,1.0,,,
PASS,False,1.0.0-local-freeze,4,1536741766,retained_residual,True,True,12,6,12,0,12,0,12,1,13,0.0251046731246154,0.037098398126906115,0.98974609375,0.12211910693440586,0.0019733479130081832,0.00023669295478612185,0.0,0.0017366549582220614,0.0,96,768,6.0,11,,
PASS,False,1.0.0-local-freeze,4,1536741766,diagonal_secant,True,True,10,8,10,0,10,0,10,1,11,0.02374291113415646,0.019231983469392904,0.9921875,0.11293915996793658,0.0015623169601894915,0.00028647499857470393,0.0,0.0012758419616147876,0.0,80,640,4.0,9,,
PASS,False,1.0.0-local-freeze,4,1536741766,anderson_residual,True,True,18,6,18,0,18,0,18,1,19,0.030294841460061662,0.06504156269756356,0.98388671875,0.18324574298458174,0.006266088108532131,0.000293918012175709,0.0,0.005972170096356422,0.0,144,1152,16.0,17,,
PASS,False,1.0.0-local-freeze,4,1536741766,commissioned_pi,True,True,9,5,9,2,7,0,9,1,10,0.023722819284563216,0.06538119151247863,0.984375,0.10281593888066709,0.0009864660096354783,4.855397855862975e-05,6.426702020689845e-05,0.0008736450108699501,0.0,72,576,3.0,6,,
FAIL_CONTRACT_TIMEOUT,False,1.0.0-local-freeze,4,1536741766,spsa,True,False,,,,0,14,26,40,0,,0.18769409147534274,0.42787022543482833,,0.3582620798260905,0.0009929920197464526,0.00020170799689367414,0.0,0.0,0.0007912840228527784,320,2560,2.0,,,
PASS,False,1.0.0-local-freeze,4,1536741766,oracle,False,True,3,1,3,0,3,0,3,1,4,0.016619056011939016,0.0,0.99365234375,0.03517625597305596,8.116097887977958e-05,2.569198841229081e-05,0.0,5.5468990467488766e-05,0.0,24,192,1.0,2,,
FAIL_CONTRACT_TIMEOUT,False,1.0.0-local-freeze,4,2015248058,do_nothing,True,False,,,,0,40,0,40,0,,0.1735752280557819,0.44838530476670774,,0.3647944360272959,0.0013268046895973384,3.838096745312214e-05,0.0,0.0012884237221442163,0.0,320,2560,1.0,,,
PASS,False,1.0.0-local-freeze,4,2015248058,retained_residual,True,True,12,6,12,0,12,0,12,1,13,0.034758972217215627,0.010388687618933221,0.99072265625,0.12775675090961158,0.0020654010586440563,0.00019381201127544045,0.0,0.0018715890473686159,0.0,96,768,6.0,11,,
PASS,False,1.0.0-local-freeze,4,2015248058,diagonal_secant,True,True,8,6,8,0,8,0,8,1,9,0.029286700707281302,0.027108833993830562,0.98974609375,0.11486061703180894,0.001412872108630836,0.00028192001627758145,0.0,0.0011309520923532546,0.0,64,512,4.0,7,,
PASS,False,1.0.0-local-freeze,4,2015248058,anderson_residual,True,True,15,9,15,0,15,0,15,1,16,0.03002631940269334,0.042084426257645864,0.98828125,0.1500637210556306,0.006160864082630724,0.00024740397930145264,0.0,0.005913460103329271,0.0,120,960,16.0,14,,
PASS,False,1.0.0-local-freeze,4,2015248058,commissioned_pi,True,True,11,6,11,2,9,0,11,1,12,0.026777674967180202,0.03703910959157445,0.9892578125,0.11270739091560245,0.0008857789216563106,6.865896284580231e-05,8.352601435035467e-05,0.0007335939444601536,0.0,88,704,3.0,8,,
FAIL_CONTRACT_TIMEOUT,False,1.0.0-local-freeze,4,2015248058,spsa,True,False,,,,0,14,26,40,0,,0.15623435895835594,0.4126037857997711,,0.4000734651926905,0.0009220730280503631,0.00015307695139199495,0.0,0.0,0.0007689960766583681,320,2560,2.0,,,
PASS,False,1.0.0-local-freeze,4,2015248058,oracle,False,True,3,1,3,0,3,0,3,1,4,0.03333748950478925,5.721958498152797e-17,0.99072265625,0.0432489849627018,9.342905832454562e-05,3.099499735981226e-05,0.0,6.243406096473336e-05,0.0,24,192,1.0,2,,
FAIL_CONTRACT_TIMEOUT,False,1.0.0-local-freeze,4,1062974352,do_nothing,True,False,,,,0,40,0,40,0,,0.1744775107765383,0.4456571152393874,,0.43765370204346254,0.0014662190806120634,4.778197035193443e-05,0.0,0.001418437110260129,0.0,320,2560,1.0,,,
PASS,False,1.0.0-local-freeze,4,1062974352,retained_residual,True,True,14,6,14,0,14,0,14,1,15,0.027136699965890423,0.0844328608400727,0.98046875,0.1372066360199824,0.0032927950378507376,0.00023389799753203988,0.0,0.0030588970403186977,0.0,112,896,6.0,13,,
PASS,False,1.0.0-local-freeze,4,1062974352,diagonal_secant,True,True,20,7,20,0,20,0,20,1,21,0.023562732543607284,0.021218079485612665,0.9912109375,0.20862406183732674,0.004136602918151766,0.00032547302544116974,0.0,0.0038111298927105963,0.0,160,1280,4.0,19,,
PASS,False,1.0.0-local-freeze,4,1062974352,anderson_residual,True,True,20,12,20,0,20,0,20,1,21,0.0335484665243064,0.08556374191274382,0.97998046875,0.20241151400841773,0.006785139034036547,0.00028468697564676404,0.0,0.006500452058389783,0.0,160,1280,16.0,19,,
PASS,False,1.0.0-local-freeze,4,1062974352,commissioned_pi,True,True,13,5,13,2,11,0,13,1,14,0.017240460038342342,0.04868990777988867,0.98779296875,0.12550484016537666,0.001082130940631032,6.120000034570694e-05,0.00010130403097718954,0.0009196269093081355,0.0,104,832,3.0,10,,
FAIL_CONTRACT_TIMEOUT,False,1.0.0-local-freeze,4,1062974352,spsa,True,False,,,,0,14,26,40,0,,0.15223313252575213,0.40616526630180194,,0.3814606169471517,0.0007639729883521795,0.0001881069620139897,0.0,0.0,0.0005758660263381898,320,2560,2.0,,,
PASS,False,1.0.0-local-freeze,4,1062974352,oracle,False,True,3,1,3,0,3,0,3,1,4,0.02198180961688318,0.0,0.99072265625,0.040011907112784684,0.0001069161226041615,3.853504313156009e-05,0.0,6.838107947260141e-05,0.0,24,192,1.0,2,,
FAIL_CONTRACT_TIMEOUT,False,1.0.0-local-freeze,4,317314755,do_nothing,True,False,,,,0,40,0,40,0,,0.16908042664596573,0.4528959067400127,,0.3548013399122283,0.0038063026731833816,5.069997860118747e-05,0.0,0.003755602694582194,0.0,320,2560,1.0,,,
PASS,False,1.0.0-local-freeze,4,317314755,retained_residual,True,True,14,12,14,0,14,0,14,1,15,0.02844447836298543,0.07363641855478092,0.978515625,0.1262432310031727,0.0035645179450511932,0.0002072220086120069,0.0,0.0033572959364391863,0.0,112,896,6.0,13,,
PASS,False,1.0.0-local-freeze,4,317314755,diagonal_secant,True,True,23,5,23,0,23,0,23,1,24,0.022905348381419176,0.022543763582696125,0.990234375,0.2017176008084789,0.005028640094678849,0.00020900601521134377,0.0,0.004819634079467505,0.0,184,1472,4.0,22,,
FAIL_CONTRACT_TIMEOUT,False,1.0.0-local-freeze,4,317314755,anderson_residual,True,False,,8,,0,40,0,40,0,,0.052490944081321315,0.10191992247342682,,0.4050426600733772,0.01808935106964782,0.0002722080098465085,0.0,0.01781714305980131,0.0,320,2560,16.0,,,
PASS,False,1.0.0-local-freeze,4,317314755,commissioned_pi,True,True,12,6,12,2,10,0,12,1,13,0.026119909365468996,0.05170623372308182,0.9853515625,0.12697161099640653,0.0011763859074562788,4.8377958592027426e-05,8.564203744754195e-05,0.0010423659114167094,0.0,96,768,3.0,9,,
FAIL_CONTRACT_TIMEOUT,False,1.0.0-local-freeze,4,317314755,spsa,True,False,,,,0,14,26,40,0,,0.1620869908332844,0.42927574432303456,,0.3724445259431377,0.0007089729770086706,0.00016076897736638784,0.0,0.0,0.0005482039996422827,320,2560,2.0,,,
PASS,False,1.0.0-local-freeze,4,317314755,oracle,False,True,3,1,3,0,3,0,3,1,4,0.024890672529214713,0.0,0.98974609375,0.04323602799559012,9.428901830688119e-05,3.059703158214688e-05,0.0,6.36919867247343e-05,0.0,24,192,1.0,2,,
FAIL_CONTRACT_TIMEOUT,False,1.0.0-local-freeze,4,1833476299,do_nothing,True,False,,,,0,40,0,40,0,,0.21098726180120952,0.45128286735924833,,0.36955184407997876,0.0012805541045963764,3.538402961567044e-05,0.0,0.001245170074980706,0.0,320,2560,1.0,,,
PASS,False,1.0.0-local-freeze,4,1833476299,retained_residual,True,True,17,5,17,0,17,0,17,1,18,0.029280848888145517,0.06584262886059779,0.98828125,0.22967161593260244,0.0036388940061442554,0.0002569860080257058,0.0,0.0033819079981185496,0.0,136,1088,6.0,16,,
PASS,False,1.0.0-local-freeze,4,1833476299,diagonal_secant,True,True,8,4,8,0,8,0,8,1,9,0.024940909647347877,0.056207668583947205,0.98974609375,0.1934195799403824,0.0024549419176764786,0.0003306969883851707,0.0,0.002124244929291308,0.0,64,512,4.0,7,,
FAIL_CONTRACT_TIMEOUT,False,1.0.0-local-freeze,4,1833476299,anderson_residual,True,False,,,,0,40,0,40,0,,0.03720902565244039,0.10415163665381486,,0.5650845018099062,0.020019853895064443,0.005102861032355577,0.0,0.014916992862708867,0.0,320,2560,16.0,,,
PASS,False,1.0.0-local-freeze,4,1833476299,commissioned_pi,True,True,16,5,16,2,14,0,16,1,17,0.02644872420827096,0.04527003415686142,0.98974609375,0.2284568368922919,0.0016198610537685454,5.546002648770809e-05,0.0003547759843058884,0.0012096250429749489,0.0,128,1024,3.0,13,,
FAIL_CONTRACT_TIMEOUT,False,1.0.0-local-freeze,4,1833476299,spsa,True,False,,,,0,14,26,40,0,,0.2072476749289745,0.4478219148554933,,0.5439049078850076,0.0010294280364178121,0.00017641298472881317,0.0,0.0,0.0008530150516889989,320,2560,2.0,,,
PASS,False,1.0.0-local-freeze,4,1833476299,oracle,False,True,6,1,6,0,6,0,6,1,7,0.012089892065293704,0.0,0.994140625,0.07793515006778762,0.0003099390887655318,0.00012675300240516663,0.0,0.00018318608636036515,0.0,48,384,1.0,5,,
FAIL_CONTRACT_TIMEOUT,False,1.0.0-local-freeze,4,1883236474,do_nothing,True,False,,,,0,40,0,40,0,,0.16508632186419583,0.44561252313714006,,0.5701050349744037,0.0014931370969861746,5.763396620750427e-05,0.0,0.0014355031307786703,0.0,320,2560,1.0,,,
PASS,False,1.0.0-local-freeze,4,1883236474,retained_residual,True,True,10,8,10,0,10,0,10,1,11,0.022774211680632445,0.03589992749249749,0.990234375,0.10584751889109612,0.00264344405150041,0.001135273021645844,0.0,0.0015081710298545659,0.0,80,640,6.0,9,,
PASS,False,1.0.0-local-freeze,4,1883236474,diagonal_secant,True,True,16,4,16,0,16,0,16,1,17,0.027718026084005178,0.035535132525454545,0.99072265625,0.14265569078270346,0.003301314020063728,0.00024232600117102265,0.0,0.0030589880188927054,0.0,128,1024,4.0,15,,
PASS,False,1.0.0-local-freeze,4,1883236474,anderson_residual,True,True,10,8,10,0,10,0,10,1,11,0.01590806149583018,0.04496923023245473,0.9892578125,0.11539546819403768,0.0035658059059642255,0.00032477197237312794,0.0,0.0032410339335910976,0.0,80,640,16.0,9,,
PASS,False,1.0.0-local-freeze,4,1883236474,commissioned_pi,True,True,9,4,9,2,7,0,9,1,10,0.01445541363715773,0.016770260118272314,0.99169921875,0.14106805197661743,0.0008285638177767396,5.4981966968625784e-05,0.0001066429540514946,0.0006669388967566192,0.0,72,576,3.0,6,,
FAIL_CONTRACT_TIMEOUT,False,1.0.0-local-freeze,4,1883236474,spsa,True,False,,,,0,14,26,40,0,,0.15524306090138362,0.40858966204627395,,0.3905198519350961,0.0007259409176185727,0.00016716099344193935,0.0,0.0,0.0005587799241766334,320,2560,2.0,,,
PASS,False,1.0.0-local-freeze,4,1883236474,oracle,False,True,3,1,3,0,3,0,3,1,4,0.026576307859203938,6.938893903907228e-18,0.99169921875,0.039668216079007834,0.00011235801503062248,4.246801836416125e-05,0.0,6.988999666646123e-05,0.0,24,192,1.0,2,,
FAIL_CONTRACT_TIMEOUT,False,1.0.0-local-freeze,4,812473704,do_nothing,True,False,,,,0,40,0,40,0,,0.1853115396330009,0.45397371049745583,,0.7880819138954394,0.0014587867772206664,4.308100324124098e-05,0.0,0.0014157057739794254,0.0,320,2560,1.0,,,
PASS,False,1.0.0-local-freeze,4,812473704,retained_residual,True,True,9,7,9,0,9,0,9,1,10,0.018151572250280842,0.054801244281723276,0.98974609375,0.08976402902044356,0.0014958619722165167,0.00027929904172196984,0.0,0.0012165629304945469,0.0,72,576,6.0,8,,
PASS,False,1.0.0-local-freeze,4,812473704,diagonal_secant,True,True,7,5,7,0,7,0,7,1,8,0.025795568478156613,0.03590459493888713,0.990234375,0.06985878600971773,0.0013881620834581554,0.0003583779907785356,0.0,0.0010297840926796198,0.0,56,448,4.0,6,,
PASS,False,1.0.0-local-freeze,4,812473704,anderson_residual,True,True,9,7,9,0,9,0,9,1,10,0.023935432822906312,0.06638626668069719,0.98876953125,0.08190472994465381,0.0024789690505713224,0.00022204499691724777,0.0,0.0022569240536540747,0.0,72,576,16.0,8,,
PASS,False,1.0.0-local-freeze,4,812473704,commissioned_pi,True,True,11,5,11,2,9,0,11,1,12,0.01034577405781741,0.04539558842286705,0.98974609375,0.1262437881086953,0.000904274987988174,5.3702970035374165e-05,9.221903746947646e-05,0.0007583529804833233,0.0,88,704,3.0,8,,
FAIL_CONTRACT_TIMEOUT,False,1.0.0-local-freeze,4,812473704,spsa,True,False,,,,0,14,26,40,0,,0.17632358387992703,0.425387031911723,,0.3774996961001307,0.0007303539314307272,0.00017294497229158878,0.0,0.0,0.0005574089591391385,320,2560,2.0,,,
PASS,False,1.0.0-local-freeze,4,812473704,oracle,False,True,3,1,3,0,3,0,3,1,4,0.028725455629272686,0.0,0.99169921875,0.05198963696602732,0.00010135106276720762,3.5539036616683006e-05,0.0,6.581202615052462e-05,0.0,24,192,1.0,2,,
FAIL_CONTRACT_TIMEOUT,False,1.0.0-local-freeze,4,1612189033,do_nothing,True,False,,,,0,40,0,40,0,,0.17594757688132437,0.4488302444018268,,0.40326948871370405,0.0012075817794539034,4.1252002120018005e-05,0.0,0.0011663297773338854,0.0,320,2560,1.0,,,
PASS,False,1.0.0-local-freeze,4,1612189033,retained_residual,True,True,10,6,10,0,10,0,10,1,11,0.02755816723596908,0.07015454860245901,0.98291015625,0.0971496370038949,0.0022463990026153624,0.0002323910011909902,0.0,0.002014008001424372,0.0,80,640,6.0,9,,
PASS,False,1.0.0-local-freeze,4,1612189033,diagonal_secant,True,True,7,5,7,0,7,0,7,1,8,0.020637465669082377,0.03455319459768687,0.99169921875,0.0816515099722892,0.0011359190684743226,0.000237717991694808,0.0,0.0008982010767795146,0.0,56,448,4.0,6,,
PASS,False,1.0.0-local-freeze,4,1612189033,anderson_residual,True,True,11,9,11,0,11,0,11,1,12,0.028012942558581833,0.044075385017845435,0.99267578125,0.10063845402328297,0.003188087954185903,0.0003139600157737732,0.0,0.00287412793841213,0.0,88,704,16.0,10,,
PASS,False,1.0.0-local-freeze,4,1612189033,commissioned_pi,True,True,8,6,8,2,6,0,8,1,9,0.02906145237500868,0.04816179574380257,0.98876953125,0.10893624305026606,0.0006419360288418829,5.923002026975155e-05,8.998397970572114e-05,0.0004927220288664103,0.0,64,512,3.0,5,,
FAIL_CONTRACT_TIMEOUT,False,1.0.0-local-freeze,4,1612189033,spsa,True,False,,,,0,14,26,40,0,,0.16677673003783725,0.42083584228585924,,0.4180067690904252,0.000751709914766252,0.0001967939897440374,0.0,0.0,0.0005549159250222147,320,2560,2.0,,,
PASS,False,1.0.0-local-freeze,4,1612189033,oracle,False,True,3,1,3,0,3,0,3,1,4,0.029910464987295427,1.3877787807814457e-17,0.994140625,0.0636012590257451,0.0001061930088326335,4.0970975533127785e-05,0.0,6.522203329950571e-05,0.0,24,192,1.0,2,,
FAIL_CONTRACT_TIMEOUT,False,1.0.0-local-freeze,4,1990616316,do_nothing,True,False,,,,0,40,0,40,0,,0.17594977883132343,0.44724886220902876,,0.3715556837269105,0.0022621029056608677,0.0008936499943956733,0.0,0.0013684529112651944,0.0,320,2560,1.0,,,
PASS,False,1.0.0-local-freeze,4,1990616316,retained_residual,True,True,9,7,9,0,9,0,9,1,10,0.030125904528702292,0.02632725195510653,0.9912109375,0.09166199481114745,0.0015460119466297328,0.00035830296110361814,0.0,0.0011877089855261147,0.0,72,576,6.0,8,,
PASS,False,1.0.0-local-freeze,4,1990616316,diagonal_secant,True,True,5,3,5,0,5,0,5,1,6,0.016498018376969438,0.041792741191727344,0.99072265625,0.04725463892100379,0.0008035110076889396,0.00025842001195997,0.0,0.0005450909957289696,0.0,40,320,4.0,4,,
PASS,False,1.0.0-local-freeze,4,1990616316,anderson_residual,True,True,19,7,19,0,19,0,19,1,20,0.021214261014152413,0.04432446002496123,0.98974609375,0.18680556683102623,0.0066065218998119235,0.00038958899676799774,0.0,0.006216932903043926,0.0,152,1216,16.0,18,,
PASS,False,1.0.0-local-freeze,4,1990616316,commissioned_pi,True,True,7,5,7,2,5,0,7,1,8,0.027403085906568238,0.044969481399833554,0.99072265625,0.07195940293604508,0.0005706939846277237,7.112399907782674e-05,0.00016226700972765684,0.0003373029758222401,0.0,56,448,3.0,4,,
FAIL_CONTRACT_TIMEOUT,False,1.0.0-local-freeze,4,1990616316,spsa,True,False,,,,0,14,26,40,0,,0.1671660115345484,0.42007798285260495,,0.3663936210796237,0.0006921509047970176,0.0001405180082656443,0.0,0.0,0.0005516328965313733,320,2560,2.0,,,
PASS,False,1.0.0-local-freeze,4,1990616316,oracle,False,True,4,2,4,0,4,0,4,1,5,0.025627207777236316,0.0,0.99072265625,0.049383529112674296,0.000139561016112566,4.468002589419484e-05,0.0,9.488099021837115e-05,0.0,32,256,1.0,3,,
FAIL_CONTRACT_TIMEOUT,False,1.0.0-local-freeze,4,195957893,do_nothing,True,False,,,,0,40,0,40,0,,0.20775739613254143,0.449821917555672,,0.38409215008141473,0.0012715107877738774,3.6371988244354725e-05,0.0,0.0012351387995295227,0.0,320,2560,1.0,,,
PASS,False,1.0.0-local-freeze,4,195957893,retained_residual,True,True,19,9,19,0,19,0,19,1,20,0.030486556498625094,0.05630046123278539,0.98291015625,0.1659075120696798,0.0030337420757859945,0.00023381097707897425,0.0,0.0027999310987070203,0.0,152,1216,6.0,18,,
PASS,False,1.0.0-local-freeze,4,195957893,diagonal_secant,True,True,7,5,7,0,7,0,7,1,8,0.015944551142262828,0.04778403975777612,0.98779296875,0.0788248929893598,0.0023372539435513318,0.0006530550308525562,0.0,0.0016841989126987755,0.0,56,448,4.0,6,,
PASS,False,1.0.0-local-freeze,4,195957893,anderson_residual,True,True,34,9,34,0,34,0,34,1,35,0.03352580629441647,0.0825487017850835,0.9775390625,0.3381365534150973,0.012201455829199404,0.00021759298397228122,0.0,0.011983862845227122,0.0,272,2176,16.0,33,,
PASS,False,1.0.0-local-freeze,4,195957893,commissioned_pi,True,True,7,5,7,2,5,0,7,1,8,0.022768322221296107,0.08058321995603647,0.97802734375,0.07906275684945285,0.0008222220349125564,5.791697185486555e-05,8.811504812911153e-05,0.0006761900149285793,0.0,56,448,3.0,4,,
FAIL_CONTRACT_TIMEOUT,False,1.0.0-local-freeze,4,195957893,spsa,True,False,,,,0,14,26,40,0,,0.18823499467528768,0.4128354246288492,,0.40290168492356315,0.0007314210524782538,0.0001710960059426725,0.0,0.0,0.0005603250465355814,320,2560,2.0,,,
PASS,False,1.0.0-local-freeze,4,195957893,oracle,False,True,4,2,4,0,4,0,4,1,5,0.01982393311543762,0.0,0.99072265625,0.060055053036194295,0.000130708038341254,2.8654991183429956e-05,0.0,0.00010205304715782404,0.0,32,256,1.0,3,,
FAIL_CONTRACT_TIMEOUT,False,1.0.0-local-freeze,4,561759483,do_nothing,True,False,,,,0,40,0,40,0,,0.17732216119649188,0.4459957450408369,,0.43736384890507907,0.001611625892110169,4.2204977944493294e-05,0.0,0.0015694209141656756,0.0,320,2560,1.0,,,
PASS,False,1.0.0-local-freeze,4,561759483,retained_residual,True,True,8,6,8,0,8,0,8,1,9,0.02101382903752863,0.0725757820226374,0.9853515625,0.0910446000052616,0.0011314519215375185,0.0002550069475546479,0.0,0.0008764449739828706,0.0,64,512,6.0,7,,
PASS,False,1.0.0-local-freeze,4,561759483,diagonal_secant,True,True,18,10,18,0,18,0,18,1,19,0.01740861328080079,0.020949165773138326,0.9921875,0.16992826311616227,0.0036200619069859385,0.0002123229787684977,0.0,0.003407738928217441,0.0,144,1152,4.0,17,,
PASS,False,1.0.0-local-freeze,4,561759483,anderson_residual,True,True,8,6,8,0,8,0,8,1,9,0.01906877383190305,0.05361176592150451,0.9892578125,0.07256589300232008,0.003227395995054394,0.0002853989717550576,0.0,0.0029419970232993364,0.0,64,512,16.0,7,,
PASS,False,1.0.0-local-freeze,4,561759483,commissioned_pi,True,True,7,5,7,2,5,0,7,1,8,0.03242615820846309,0.0729643499627638,0.98583984375,0.0793435979867354,0.0006094449781812727,5.720299668610096e-05,8.743500802665949e-05,0.0004648069734685123,0.0,56,448,3.0,4,,
FAIL_CONTRACT_TIMEOUT,False,1.0.0-local-freeze,4,561759483,spsa,True,False,,,,0,14,26,40,0,,0.1709089875370816,0.42163888424356905,,0.3565678419545293,0.0007978220237419009,0.0001399150351062417,0.0,0.0,0.0006579069886356592,320,2560,2.0,,,
PASS,False,1.0.0-local-freeze,4,561759483,oracle,False,True,3,1,3,0,3,0,3,1,4,0.017034823541469082,0.0,0.9931640625,0.041215105971787125,9.52139962464571e-05,3.34449578076601e-05,0.0,6.1769038438797e-05,0.0,24,192,1.0,2,,
FAIL_CONTRACT_TIMEOUT,False,1.0.0-local-freeze,4,295370387,do_nothing,True,False,,,,0,40,0,40,0,,0.17696823325090982,0.4481609581769082,,0.40198461787076667,0.0014747162349522114,4.1828956454992294e-05,0.0,0.001432887278497219,0.0,320,2560,1.0,,,
PASS,False,1.0.0-local-freeze,4,295370387,retained_residual,True,True,15,5,15,0,15,0,15,1,16,0.016261946614941715,0.04958907135742877,0.99169921875,0.18388501706067473,0.0029039690853096545,0.000304795044939965,0.0,0.0025991740403696895,0.0,120,960,6.0,14,,
PASS,False,1.0.0-local-freeze,4,295370387,diagonal_secant,True,True,6,4,6,0,6,0,6,1,7,0.018100603060923922,0.05930736047793058,0.990234375,0.06323652394348755,0.0013454590225592256,0.00021927402121946216,0.0,0.0011261850013397634,0.0,48,384,4.0,5,,
PASS,False,1.0.0-local-freeze,4,295370387,anderson_residual,True,True,12,7,12,0,12,0,12,1,13,0.027892732513900103,0.04264078343367978,0.99169921875,0.12549935100832954,0.004458417068235576,0.00029328797245398164,0.0,0.0041651290957815945,0.0,96,768,16.0,11,,
PASS,False,1.0.0-local-freeze,4,295370387,commissioned_pi,True,True,7,5,7,2,5,0,7,1,8,0.03406855363161148,0.03430652105022474,0.9921875,0.10350387002108619,0.0005643469630740583,5.97579637542367e-05,9.789597243070602e-05,0.00040669302688911557,0.0,56,448,3.0,4,,
FAIL_CONTRACT_TIMEOUT,False,1.0.0-local-freeze,4,295370387,spsa,True,False,,,,0,14,26,40,0,,0.17225825322093205,0.4341978294025032,,0.4453745047794655,0.0012781579862348735,0.00014913396444171667,0.0,0.0,0.0011290240217931569,320,2560,2.0,,,
PASS,False,1.0.0-local-freeze,4,295370387,oracle,False,True,4,2,4,0,4,0,4,1,5,0.020263304190000015,6.938893903907228e-18,0.9951171875,0.05417122592916712,0.00013983401004225016,4.114402690902352e-05,0.0,9.868998313322663e-05,0.0,32,256,1.0,3,,
FAIL_CONTRACT_TIMEOUT,False,1.0.0-local-freeze,4,2134251794,do_nothing,True,False,,,,0,40,0,40,0,,0.17330988235505299,0.45103675637751456,,0.4673214079812169,0.0014575860695913434,3.5164994187653065e-05,0.0,0.0014224210754036903,0.0,320,2560,1.0,,,
PASS,False,1.0.0-local-freeze,4,2134251794,retained_residual,True,True,14,12,14,0,14,0,14,1,15,0.03194209461046572,0.05616917139225841,0.9921875,0.21354977099690586,0.0025435678544454277,0.00026441796217113733,0.0,0.0022791498922742903,0.0,112,896,6.0,13,,
PASS,False,1.0.0-local-freeze,4,2134251794,diagonal_secant,True,True,14,4,14,0,14,0,14,1,15,0.02605993901392724,0.034730159648859144,0.9931640625,0.12643087503965944,0.002739013929385692,0.00023010902805253863,0.0,0.0025089049013331532,0.0,112,896,4.0,13,,
PASS,False,1.0.0-local-freeze,4,2134251794,anderson_residual,True,True,9,7,9,0,9,0,9,1,10,0.023029268943026218,0.04614394468063688,0.99267578125,0.09020397084532306,0.004513430991210043,0.002275703998748213,0.0,0.0022377269924618304,0.0,72,576,16.0,8,,
PASS,False,1.0.0-local-freeze,4,2134251794,commissioned_pi,True,True,10,5,10,2,8,0,10,1,11,0.02885175155466149,0.03793285888695831,0.9931640625,0.10547826398396865,0.0009726930293254554,5.306495586410165e-05,9.248702554032207e-05,0.0008271410479210317,0.0,80,640,3.0,7,,
FAIL_CONTRACT_TIMEOUT,False,1.0.0-local-freeze,4,2134251794,spsa,True,False,,,,0,14,26,40,0,,0.17025789382884315,0.43718443349036423,,0.352788170974236,0.0006796950474381447,0.00013463199138641357,0.0,0.0,0.0005450630560517311,320,2560,2.0,,,
PASS,False,1.0.0-local-freeze,4,2134251794,oracle,False,True,3,1,3,0,3,0,3,1,4,0.02467360817907762,0.0,0.99365234375,0.03541650698753074,9.38079901970923e-05,3.176101017743349e-05,0.0,6.20469800196588e-05,0.0,24,192,1.0,2,,
FAIL_CONTRACT_TIMEOUT,False,1.0.0-local-freeze,4,1411606814,do_nothing,True,False,,,,0,40,0,40,0,,0.21741281252693642,0.4467655311609721,,0.39207395259290934,0.0014072301564738154,4.8316025640815496e-05,0.0,0.001358914130833,0.0,320,2560,1.0,,,
PASS,False,1.0.0-local-freeze,4,1411606814,retained_residual,True,True,9,7,9,0,9,0,9,1,10,0.034539643385238405,0.037857876711133547,0.98681640625,0.08918343106051907,0.0014706741203553975,0.00024754798505455256,0.0,0.001223126135300845,0.0,72,576,6.0,8,,
PASS,False,1.0.0-local-freeze,4,1411606814,diagonal_secant,True,True,6,4,6,0,6,0,6,1,7,0.029691956838053007,0.050672193478681564,0.9853515625,0.07054842403158545,0.001240932906512171,0.000213021005038172,0.0,0.001027911901473999,0.0,48,384,4.0,5,,
PASS,False,1.0.0-local-freeze,4,1411606814,anderson_residual,True,True,9,7,9,0,9,0,9,1,10,0.030519531187504,0.03505665560918665,0.9853515625,0.09721006802283227,0.0035589009639807045,0.00021377095254138112,0.0,0.0033451300114393234,0.0,72,576,16.0,8,,
PASS,False,1.0.0-local-freeze,4,1411606814,commissioned_pi,True,True,8,6,8,2,6,0,8,1,9,0.027920765552135816,0.05469566737205652,0.98486328125,0.1016158300335519,0.0006499388255178928,4.775595152750611e-05,8.843897376209497e-05,0.0005137439002282917,0.0,64,512,3.0,5,,
FAIL_CONTRACT_TIMEOUT,False,1.0.0-local-freeze,4,1411606814,spsa,True,False,,,,0,14,26,40,0,,0.19762893307057797,0.3995638428511759,,0.3730206769541837,0.0007741551962681115,0.00018540502060204744,0.0,0.0,0.000588750175666064,320,2560,2.0,,,
PASS,False,1.0.0-local-freeze,4,1411606814,oracle,False,True,3,1,3,0,3,0,3,1,4,0.01728922478159689,0.0,0.98779296875,0.039330722007434815,0.00010042596841230989,3.176502650603652e-05,0.0,6.866094190627337e-05,0.0,24,192,1.0,2,,
FAIL_CONTRACT_TIMEOUT,False,1.0.0-local-freeze,4,2130388698,do_nothing,True,False,,,,0,40,0,40,0,,0.1761491528255979,0.4501123598295018,,0.3968489607796073,0.0014338033506646752,3.39450198225677e-05,0.0,0.0013998583308421075,0.0,320,2560,1.0,,,
PASS,False,1.0.0-local-freeze,4,2130388698,retained_residual,True,True,8,6,8,0,8,0,8,1,9,0.02682021167535051,0.046526777512010384,0.99365234375,0.09555555105907843,0.0013447219971567392,0.00027741602389141917,0.0,0.00106730597326532,0.0,64,512,6.0,7,,
PASS,False,1.0.0-local-freeze,4,2130388698,diagonal_secant,True,True,7,5,7,0,7,0,7,1,8,0.02913391567851387,0.05501885731995468,0.9912109375,0.08024386601755396,0.001329788938164711,0.0003283880068920553,0.0,0.0010014009312726557,0.0,56,448,4.0,6,,
PASS,False,1.0.0-local-freeze,4,2130388698,anderson_residual,True,True,8,6,8,0,8,0,8,1,9,0.03052856247629753,0.057087398325607185,0.98974609375,0.08128627418773249,0.0021592718549072742,0.0002936910022981465,0.0,0.0018655808526091278,0.0,64,512,16.0,7,,
PASS,False,1.0.0-local-freeze,4,2130388698,commissioned_pi,True,True,6,4,6,2,4,0,6,1,7,0.02856367061227847,0.0393372331699229,0.99365234375,0.06506753183202818,0.00043564202496781945,6.706500425934792e-05,8.966302266344428e-05,0.00027891399804502726,0.0,48,384,3.0,3,,
FAIL_CONTRACT_TIMEOUT,False,1.0.0-local-freeze,4,2130388698,spsa,True,False,,,,0,14,26,40,0,,0.1617169974411802,0.4123986571782903,,0.37199790484737605,0.0006888180505484343,0.0001610220060683787,0.0,0.0,0.0005277960444800556,320,2560,2.0,,,
PASS,False,1.0.0-local-freeze,4,2130388698,oracle,False,True,3,1,3,0,3,0,3,1,4,0.02755681541106792,2.7755575615628914e-17,0.99560546875,0.03783240797929466,0.00010857096640393138,4.036299651488662e-05,0.0,6.820796988904476e-05,0.0,24,192,1.0,2,,
FAIL_CONTRACT_TIMEOUT,False,1.0.0-local-freeze,4,305030663,do_nothing,True,False,,,,0,40,0,40,0,,0.17969575116659708,0.4557781336796245,,0.3846515808836557,0.0015136610600166023,3.6186014767736197e-05,0.0,0.001477475045248866,0.0,320,2560,1.0,,,
PASS,False,1.0.0-local-freeze,4,305030663,retained_residual,True,True,10,6,10,0,10,0,10,1,11,0.019001842986619024,0.029174733203845823,0.99072265625,0.09495293506188318,0.0016219039680436254,0.00022932200226932764,0.0,0.0013925819657742977,0.0,80,640,6.0,9,,
PASS,False,1.0.0-local-freeze,4,305030663,diagonal_secant,True,True,15,3,15,0,15,0,15,1,16,0.014306203164973491,0.021074695184868146,0.9912109375,0.14872995804762468,0.0023842909722588956,0.0002554480452090502,0.0,0.0021288429270498455,0.0,120,960,4.0,14,,
PASS,False,1.0.0-local-freeze,4,305030663,anderson_residual,True,True,13,6,13,0,13,0,13,1,14,0.012073858536499905,0.04025374821868943,0.99072265625,0.11138896009651944,0.005552663002163172,0.00028065801598131657,0.0,0.005272004986181855,0.0,104,832,16.0,12,,
PASS,False,1.0.0-local-freeze,4,305030663,commissioned_pi,True,True,13,4,13,2,11,0,13,1,14,0.018672768160474796,0.05485891345029316,0.99072265625,0.14284297014819458,0.001062678056769073,5.0309987273067236e-05,8.817797061055899e-05,0.0009241900988854468,0.0,104,832,3.0,10,,
FAIL_CONTRACT_TIMEOUT,False,1.0.0-local-freeze,4,305030663,spsa,True,False,,,,0,14,26,40,0,,0.18013372162955416,0.4308356268167898,,0.38979578478029,0.0007802099571563303,0.00018534198170527816,0.0,0.0,0.0005948679754510522,320,2560,2.0,,,
PASS,False,1.0.0-local-freeze,4,305030663,oracle,False,True,5,1,5,0,5,0,5,1,6,0.014733133241465605,0.0,0.99169921875,0.06517363816965371,0.00017660792218521237,3.1405012123286724e-05,0.0,0.00014520291006192565,0.0,40,320,1.0,4,,
FAIL_CONTRACT_TIMEOUT,False,1.0.0-local-freeze,4,484958000,do_nothing,True,False,,,,0,40,0,40,0,,0.1812167400229563,0.44512380243946903,,0.6500195989501663,0.0020392038859426975,0.00017573096556589007,0.0,0.0018634729203768075,0.0,320,2560,1.0,,,
PASS,False,1.0.0-local-freeze,4,484958000,retained_residual,True,True,8,6,8,0,8,0,8,1,9,0.0106516403117058,0.046963451031046585,0.9892578125,0.09571956505533308,0.002505101088900119,0.00021534902043640614,0.0,0.002289752068463713,0.0,64,512,6.0,7,,
PASS,False,1.0.0-local-freeze,4,484958000,diagonal_secant,True,True,8,6,8,0,8,0,8,1,9,0.021933966588480194,0.06269140019005146,0.98681640625,0.09164645586861297,0.0013897239114157856,0.00026656099362298846,0.0,0.001123162917792797,0.0,64,512,4.0,7,,
PASS,False,1.0.0-local-freeze,4,484958000,anderson_residual,True,True,8,6,8,0,8,0,8,1,9,0.018411991124265573,0.04877317030719397,0.98779296875,0.10291492188116536,0.0027463939622975886,0.00025447801453992724,0.0,0.0024919159477576613,0.0,64,512,16.0,7,,
PASS,False,1.0.0-local-freeze,4,484958000,commissioned_pi,True,True,7,5,7,2,5,0,7,1,8,0.02882462394978567,0.05756770034791105,0.9873046875,0.07510951196309179,0.0005729999393224716,6.828998448327184e-05,9.195896564051509e-05,0.0004127509891986847,0.0,56,448,3.0,4,,
FAIL_CONTRACT_TIMEOUT,False,1.0.0-local-freeze,4,484958000,spsa,True,False,,,,0,14,26,40,0,,0.16979265232229146,0.4099843263796558,,0.3806090409634635,0.0007260590209625661,0.00015841098502278328,0.0,0.0,0.0005676480359397829,320,2560,2.0,,,
PASS,False,1.0.0-local-freeze,4,484958000,oracle,False,True,3,1,3,0,3,0,3,1,4,0.023375747709504256,0.0,0.9931640625,0.041969746991526335,0.00010502006625756621,3.6721990909427404e-05,0.0,6.829807534813881e-05,0.0,24,192,1.0,2,,
FAIL_CONTRACT_TIMEOUT,False,1.0.0-local-freeze,4,668379286,do_nothing,True,False,,,,0,40,0,40,0,,0.17209195402533725,0.4499373478284593,,0.34082714607939124,0.0014030758175067604,6.619998021051288e-05,0.0,0.0013368758372962475,0.0,320,2560,1.0,,,
PASS,False,1.0.0-local-freeze,4,668379286,retained_residual,True,True,8,6,8,0,8,0,8,1,9,0.03456465680254803,0.03151365801482006,0.9931640625,0.09077483596047387,0.0019073039293289185,0.0003605700330808759,0.0,0.0015467338962480426,0.0,64,512,6.0,7,,
PASS,False,1.0.0-local-freeze,4,668379286,diagonal_secant,True,True,10,5,10,0,10,0,10,1,11,0.02440917919912107,0.02418257746207113,0.9931640625,0.09867566596949473,0.0017177850240841508,0.00024329399457201362,0.0,0.0014744910295121372,0.0,80,640,4.0,9,,
PASS,False,1.0.0-local-freeze,4,668379286,anderson_residual,True,True,8,6,8,0,8,0,8,1,9,0.0271292859044709,0.02707904052475267,0.9931640625,0.11665729922242463,0.002036703983321786,0.00029693497344851494,0.0,0.001739769009873271,0.0,64,512,16.0,7,,
PASS,False,1.0.0-local-freeze,4,668379286,commissioned_pi,True,True,21,5,21,2,19,0,21,1,22,0.015293417737661939,0.039916811823829265,0.9931640625,0.19907893985509872,0.0020552659989334643,7.546303095296025e-05,0.00010187597945332527,0.0018779269885271788,0.0,168,1344,3.0,18,,
FAIL_CONTRACT_TIMEOUT,False,1.0.0-local-freeze,4,668379286,spsa,True,False,,,,0,14,26,40,0,,0.15528955915716786,0.4127221460069385,,0.33714092621812597,0.0007082860684022307,0.00013576599303632975,0.0,0.0,0.000572520075365901,320,2560,2.0,,,
PASS,False,1.0.0-local-freeze,4,668379286,oracle,False,True,3,1,3,0,3,0,3,1,4,0.028874725472602576,0.0,0.99365234375,0.047089727013371885,0.0001040890347212553,2.914102515205741e-05,0.0,7.494800956919789e-05,0.0,24,192,1.0,2,,
FAIL_CONTRACT_TIMEOUT,False,1.0.0-local-freeze,4,2091457751,do_nothing,True,False,,,,0,40,0,40,0,,0.17811936821316446,0.4558291182080866,,0.3608364380779676,0.0017703140620142221,3.7633057218044996e-05,0.0,0.0017326810047961771,0.0,320,2560,1.0,,,
PASS,False,1.0.0-local-freeze,4,2091457751,retained_residual,True,True,11,9,11,0,11,0,11,1,12,0.020277638964707707,0.04566996437667531,0.98876953125,0.16569319512927905,0.002151412016246468,0.00029388704570010304,0.0,0.0018575249705463648,0.0,88,704,6.0,10,,
PASS,False,1.0.0-local-freeze,4,2091457751,diagonal_secant,True,True,7,5,7,0,7,0,7,1,8,0.005707358265410625,0.02438359486588947,0.990234375,0.07974826701683924,0.002973801048938185,0.0002284820075146854,0.0,0.0027453190414234996,0.0,56,448,4.0,6,,
PASS,False,1.0.0-local-freeze,4,2091457751,anderson_residual,True,True,18,9,18,0,18,0,18,1,19,0.022993977504557634,0.04911162199208795,0.98779296875,0.20218046504305676,0.006926970148924738,0.0003068380174227059,0.0,0.006620132131502032,0.0,144,1152,16.0,17,,
PASS,False,1.0.0-local-freeze,4,2091457751,commissioned_pi,True,True,7,5,7,2,5,0,7,1,8,0.024018400330967467,0.06612173348212386,0.98291015625,0.17253843392245471,0.0009023888851515949,0.0003708459553308785,0.00010389095405116677,0.0004276519757695496,0.0,56,448,3.0,4,,
FAIL_CONTRACT_TIMEOUT,False,1.0.0-local-freeze,4,2091457751,spsa,True,False,,,,0,14,26,40,0,,0.1584264803332815,0.3945769345652667,,0.6246155028347857,0.000741449068300426,0.0001628649770282209,0.0,0.0,0.0005785840912722051,320,2560,2.0,,,
PASS,False,1.0.0-local-freeze,4,2091457751,oracle,False,True,3,1,3,0,3,0,3,1,4,0.026813821577745114,0.0,0.990234375,0.06856325798435137,9.482703171670437e-05,2.899899845942855e-05,0.0,6.582803325727582e-05,0.0,24,192,1.0,2,,
FAIL_CONTRACT_TIMEOUT,False,1.0.0-local-freeze,4,427837642,do_nothing,True,False,,,,0,40,0,40,0,,0.16886397151103963,0.44910404068426785,,0.5260322909452952,0.0013380079763010144,4.047597758471966e-05,0.0,0.0012975319987162948,0.0,320,2560,1.0,,,
PASS,False,1.0.0-local-freeze,4,427837642,retained_residual,True,True,11,6,11,0,11,0,11,1,12,0.029919929142322377,0.028632511146887956,0.990234375,0.14683046302525327,0.0018554080161266029,0.00030947901541367173,0.0,0.0015459290007129312,0.0,88,704,6.0,10,,
PASS,False,1.0.0-local-freeze,4,427837642,diagonal_secant,True,True,18,5,18,0,18,0,18,1,19,0.02201466253815173,0.023121774217691186,0.990234375,0.19112302089342847,0.0038403310463763773,0.0008434699848294258,0.0,0.0029968610615469515,0.0,144,1152,4.0,17,,
PASS,False,1.0.0-local-freeze,4,427837642,anderson_residual,True,True,14,10,14,0,14,0,14,1,15,0.032118181566329146,0.07287714790412746,0.9794921875,0.2373963660793379,0.005335390975233167,0.0003324440331198275,0.0,0.00500294694211334,0.0,112,896,16.0,13,,
PASS,False,1.0.0-local-freeze,4,427837642,commissioned_pi,True,True,7,5,7,2,5,0,7,1,8,0.010503723029442849,0.02495803659688718,0.990234375,0.13632407801924273,0.0006082079489715397,5.991500802338123e-05,0.0001225380110554397,0.0004257549298927188,0.0,56,448,3.0,4,,
FAIL_CONTRACT_TIMEOUT,False,1.0.0-local-freeze,4,427837642,spsa,True,False,,,,0,14,26,40,0,,0.15750287340964197,0.41777781676241094,,0.5602794129517861,0.0012826569727621973,0.0001789610250853002,0.0,0.0,0.001103695947676897,320,2560,2.0,,,
PASS,False,1.0.0-local-freeze,4,427837642,oracle,False,True,4,2,4,0,4,0,4,1,5,0.0241131356273699,0.0,0.9912109375,0.06486980587942526,0.0001251070061698556,3.2051000744104385e-05,0.0,9.305600542575121e-05,0.0,32,256,1.0,3,,
FAIL_CONTRACT_TIMEOUT,False,1.0.0-local-freeze,4,1523209647,do_nothing,True,False,,,,0,40,0,40,0,,0.1874324358961662,0.4489236039720072,,0.3688532018568367,0.0012405282468535006,3.3405027352273464e-05,0.0,0.0012071232195012271,0.0,320,2560,1.0,,,
PASS,False,1.0.0-local-freeze,4,1523209647,retained_residual,True,True,9,7,9,0,9,0,9,1,10,0.023914568083489886,0.04861070827324459,0.9912109375,0.09096471796510741,0.0015738889924250543,0.0002462800475768745,0.0,0.0013276089448481798,0.0,72,576,6.0,8,,
PASS,False,1.0.0-local-freeze,4,1523209647,diagonal_secant,True,True,11,5,11,0,11,0,11,1,12,0.03375415211320811,0.016682691812814166,0.99169921875,0.1305573681020178,0.0021915289689786732,0.0002449640305712819,0.0,0.0019465649384073913,0.0,88,704,4.0,10,,
PASS,False,1.0.0-local-freeze,4,1523209647,anderson_residual,True,True,9,7,9,0,9,0,9,1,10,0.02343622839974949,0.03980183710339256,0.9921875,0.11905962409218773,0.002714183065108955,0.0002740530180744827,0.0,0.0024401300470344722,0.0,72,576,16.0,8,,
PASS,False,1.0.0-local-freeze,4,1523209647,commissioned_pi,True,True,7,5,7,2,5,0,7,1,8,0.007654499710249454,0.049469097906013226,0.9912109375,0.09800611104583368,0.000571402080822736,7.886800449341536e-05,0.00011070701293647289,0.0003818270633928478,0.0,56,448,3.0,4,,
FAIL_CONTRACT_TIMEOUT,False,1.0.0-local-freeze,4,1523209647,spsa,True,False,,,,0,14,26,40,0,,0.17439486236660454,0.4052202716208913,,0.5483949559275061,0.000736619986128062,0.0001597820082679391,0.0,0.0,0.0005768379778601229,320,2560,2.0,,,
PASS,False,1.0.0-local-freeze,4,1523209647,oracle,False,True,3,1,3,0,3,0,3,1,4,0.014888575281727857,0.0,0.9921875,0.03390822099754587,9.378104005008936e-05,2.8806040063500404e-05,0.0,6.497499998658895e-05,0.0,24,192,1.0,2,,
FAIL_CONTRACT_TIMEOUT,False,1.0.0-local-freeze,4,1177627976,do_nothing,True,False,,,,0,40,0,40,0,,0.1893714256704691,0.4511370701383684,,0.41675354016479105,0.0013102319207973778,3.295601345598698e-05,0.0,0.0012772759073413908,0.0,320,2560,1.0,,,
PASS,False,1.0.0-local-freeze,4,1177627976,retained_residual,True,True,16,12,16,0,16,0,16,1,17,0.026127324689898025,0.028831096922327812,0.98779296875,0.16760707477806136,0.0031666290014982224,0.00024395802756771445,0.0,0.002922670973930508,0.0,128,1024,6.0,15,,
PASS,False,1.0.0-local-freeze,4,1177627976,diagonal_secant,True,True,8,3,8,0,8,0,8,1,9,0.03357510603819099,0.041114272602779674,0.98779296875,0.08353794808499515,0.0017641150043345988,0.00029328803066164255,0.0,0.0014708269736729562,0.0,64,512,4.0,7,,
PASS,False,1.0.0-local-freeze,4,1177627976,anderson_residual,True,True,13,11,13,0,13,0,13,1,14,0.03133452428590254,0.05480149447504606,0.986328125,0.14841832395177335,0.004496213106904179,0.000546806026250124,0.0,0.003949407080654055,0.0,104,832,16.0,12,,
PASS,False,1.0.0-local-freeze,4,1177627976,commissioned_pi,True,True,13,5,13,2,11,0,13,1,14,0.024424741316863337,0.03664939517890616,0.98828125,0.13375120784621686,0.0011445951531641185,7.409905083477497e-05,8.769897976890206e-05,0.0009827971225604415,0.0,104,832,3.0,10,,
FAIL_CONTRACT_TIMEOUT,False,1.0.0-local-freeze,4,1177627976,spsa,True,False,,,,0,14,26,40,0,,0.1740503069923409,0.4096010257226287,,0.41599569615209475,0.0008160578436218202,0.00015479797730222344,0.0,0.0,0.0006612598663195968,320,2560,2.0,,,
PASS,False,1.0.0-local-freeze,4,1177627976,oracle,False,True,3,1,3,0,3,0,3,1,4,0.009877140392650122,2.7755575615628914e-17,0.9892578125,0.04444142000284046,9.869603672996163e-05,3.0013034120202065e-05,0.0,6.868300260975957e-05,0.0,24,192,1.0,2,,
FAIL_CONTRACT_TIMEOUT,False,1.0.0-local-freeze,4,822056531,do_nothing,True,False,,,,0,40,0,40,0,,0.16696920850270663,0.4518507506668097,,0.371577430923935,0.0012433630763553083,3.443099558353424e-05,0.0,0.001208932080771774,0.0,320,2560,1.0,,,
PASS,False,1.0.0-local-freeze,4,822056531,retained_residual,True,True,18,9,18,0,18,0,18,1,19,0.029026307981921164,0.04190646747247822,0.98974609375,0.21075627498794347,0.003406641073524952,0.00022820895537734032,0.0,0.0031784321181476116,0.0,144,1152,6.0,17,,
PASS,False,1.0.0-local-freeze,4,822056531,diagonal_secant,True,True,26,8,26,0,26,0,26,1,27,0.022289450764073904,0.03245239587735499,0.9912109375,0.2903624951140955,0.007242717081680894,0.0002883580164052546,0.0,0.006954359065275639,0.0,208,1664,4.0,25,,
PASS,False,1.0.0-local-freeze,4,822056531,anderson_residual,True,True,10,8,10,0,10,0,10,1,11,0.02641602690691187,0.04561764728227308,0.98974609375,0.1037651970400475,0.00447175808949396,0.00023995700757950544,0.0,0.004231801081914455,0.0,80,640,16.0,9,,
PASS,False,1.0.0-local-freeze,4,822056531,commissioned_pi,True,True,15,6,15,2,13,0,15,1,16,0.030229351799413554,0.031708384256108765,0.990234375,0.13639372307807207,0.0012648450792767107,6.274098996073008e-05,9.006704203784466e-05,0.001112037047278136,0.0,120,960,3.0,12,,
FAIL_CONTRACT_TIMEOUT,False,1.0.0-local-freeze,4,822056531,spsa,True,False,,,,0,14,26,40,0,,0.1562468051583776,0.40926737642184857,,0.3843904460663907,0.0007852757698856294,0.0002326329704374075,0.0,0.0,0.0005526427994482219,320,2560,2.0,,,
PASS,False,1.0.0-local-freeze,4,822056531,oracle,False,True,3,1,3,0,3,0,3,1,4,0.015416180456931486,1.3877787807814457e-17,0.990234375,0.04269384505460039,0.00010716100223362446,3.858399577438831e-05,0.0,6.857700645923615e-05,0.0,24,192,1.0,2,,
FAIL_CONTRACT_TIMEOUT,False,1.0.0-local-freeze,4,445399178,do_nothing,True,False,,,,0,40,0,40,0,,0.1749335299004249,0.4526849339274991,,0.4295880949939601,0.0022885280195623636,5.0264992751181126e-05,0.0,0.0022382630268111825,0.0,320,2560,1.0,,,
PASS,False,1.0.0-local-freeze,4,445399178,retained_residual,True,True,11,9,11,0,11,0,11,1,12,0.03248079759680193,0.08695697735686102,0.9794921875,0.10749773611314595,0.0018180329934693873,0.00030796200735494494,0.0,0.0015100709861144423,0.0,88,704,6.0,10,,
PASS,False,1.0.0-local-freeze,4,445399178,diagonal_secant,True,True,12,6,12,0,12,0,12,1,13,0.012381564778423795,0.06817099799850121,0.98388671875,0.1311903060413897,0.002775124041363597,0.0003782479907386005,0.0,0.0023968760506249964,0.0,96,768,4.0,11,,
FAIL_CONTRACT_TIMEOUT,False,1.0.0-local-freeze,4,445399178,anderson_residual,True,False,,9,,0,40,0,40,0,,0.03325693594503481,0.09029000646081833,,0.38223113713320345,0.016068162047304213,0.00032476300839334726,0.0,0.015743399038910866,0.0,320,2560,16.0,,,
PASS,False,1.0.0-local-freeze,4,445399178,commissioned_pi,True,True,11,6,11,2,9,0,11,1,12,0.03022220337000739,0.07674859366108425,0.98486328125,0.1139585169730708,0.0009087958605960011,5.2675954066216946e-05,8.792901644483209e-05,0.0007681908900849521,0.0,88,704,3.0,8,,
FAIL_CONTRACT_TIMEOUT,False,1.0.0-local-freeze,4,445399178,spsa,True,False,,,,0,14,26,40,0,,0.15854710987720666,0.41333140285434067,,0.3783403708366677,0.0007511190488003194,0.00019317999249324203,0.0,0.0,0.0005579390563070774,320,2560,2.0,,,
PASS,False,1.0.0-local-freeze,4,445399178,oracle,False,True,3,1,3,0,3,0,3,1,4,0.02500743755332398,1.3877787807814457e-17,0.9921875,0.040139609947800636,9.268801659345627e-05,3.424298483878374e-05,0.0,5.844503175467253e-05,0.0,24,192,1.0,2,,
FAIL_CONTRACT_TIMEOUT,False,1.0.0-local-freeze,4,1242705187,do_nothing,True,False,,,,0,40,0,40,0,,0.1869049962953157,0.4534787195752003,,0.38639559788862243,0.0022795930271968246,3.6161975003778934e-05,0.0,0.0022434310521930456,0.0,320,2560,1.0,,,
PASS,False,1.0.0-local-freeze,4,1242705187,retained_residual,True,True,20,8,20,0,20,0,20,1,21,0.023236365350413044,0.03165691436986412,0.98291015625,0.20903235400328413,0.004083738836925477,0.00026485195849090815,0.0,0.0038188868784345686,0.0,160,1280,6.0,19,,
PASS,False,1.0.0-local-freeze,4,1242705187,diagonal_secant,True,True,10,5,10,0,10,0,10,1,11,0.011866590634291737,0.04122037681398116,0.98095703125,0.09233476902591065,0.0014777100295759737,0.0002012290060520172,0.0,0.0012764810235239565,0.0,80,640,4.0,9,,
FAIL_CONTRACT_TIMEOUT,False,1.0.0-local-freeze,4,1242705187,anderson_residual,True,False,,18,,0,40,0,40,0,,0.055731748954864074,0.09420260746563795,,0.3961128803784959,0.018817530828528106,0.0014095769729465246,0.0,0.01740795385558158,0.0,320,2560,16.0,,,
PASS,False,1.0.0-local-freeze,4,1242705187,commissioned_pi,True,True,7,5,7,2,5,0,7,1,8,0.0309264600688198,0.07480624398191761,0.97216796875,0.07133042300119996,0.0006890259101055562,6.713694892823696e-05,9.128497913479805e-05,0.0005306039820425212,0.0,56,448,3.0,4,,
FAIL_CONTRACT_TIMEOUT,False,1.0.0-local-freeze,4,1242705187,spsa,True,False,,,,0,14,26,40,0,,0.14414855190903345,0.36245404646389867,,0.3870606056298129,0.0007306700572371483,0.0001895389868877828,0.0,0.0,0.0005411310703493655,320,2560,2.0,,,
PASS,False,1.0.0-local-freeze,4,1242705187,oracle,False,True,3,1,3,0,3,0,3,1,4,0.030197047175118192,0.0,0.986328125,0.039585470978636295,0.000115533999633044,3.875000402331352e-05,0.0,7.678399560973048e-05,0.0,24,192,1.0,2,,
FAIL_CONTRACT_TIMEOUT,False,1.0.0-local-freeze,8,1239900679,do_nothing,True,False,,,,0,40,0,40,0,,0.16591657039598667,0.4499633585641761,,1.652146521024406,0.0035878540365956724,3.740296233445406e-05,0.0,0.0035504510742612183,0.0,640,5120,1.0,,,
PASS,False,1.0.0-local-freeze,8,1239900679,retained_residual,True,True,18,9,18,0,18,0,18,1,19,0.03065338434791579,0.029545040860118374,0.989990234375,1.3466928089037538,0.0029337191372178495,0.0002745199599303305,0.0,0.002659199177287519,0.0,288,2304,6.0,17,,
PASS,False,1.0.0-local-freeze,8,1239900679,diagonal_secant,True,True,21,10,21,0,21,0,21,1,22,0.02399590007213866,0.04495206844673071,0.98974609375,0.868771335168276,0.006540428206790239,0.000186079996638,0.0,0.006354348210152239,0.0,336,2688,4.0,20,,
PASS,False,1.0.0-local-freeze,8,1239900679,anderson_residual,True,True,11,9,11,0,11,0,11,1,12,0.02761528882699108,0.04225136694086057,0.9892578125,0.4658614929066971,0.0037794600939378142,0.0005441289977170527,0.0,0.0032353310962207615,0.0,176,1408,16.0,10,,
PASS,False,1.0.0-local-freeze,8,1239900679,commissioned_pi,True,True,22,7,22,2,20,0,22,1,23,0.02861800431469074,0.05084888616983142,0.9892578125,0.9370359440217726,0.0021969819790683687,5.997502012178302e-05,9.881495498120785e-05,0.002038192003965378,0.0,352,2816,3.0,19,,
FAIL_CONTRACT_TIMEOUT,False,1.0.0-local-freeze,8,1239900679,spsa,True,False,,,,0,14,26,40,0,,0.16329748173393735,0.4443854588039053,,1.661722833989188,0.0009314380004070699,0.000195200031157583,0.0,0.0,0.0007362379692494869,640,5120,2.0,,,
PASS,False,1.0.0-local-freeze,8,1239900679,oracle,False,True,3,1,3,0,3,0,3,1,4,0.024119777875212765,3.925231146709438e-17,0.990966796875,0.22851996606914327,0.00011013989569619298,3.5646953620016575e-05,0.0,7.44929420761764e-05,0.0,48,384,1.0,2,,
FAIL_CONTRACT_TIMEOUT,False,1.0.0-local-freeze,8,1573996,do_nothing,True,False,,,,0,40,0,40,0,,0.16857364322518587,0.4514706541780956,,1.5232164506451227,0.001973256061319262,3.578100586310029e-05,0.0,0.0019374750554561615,0.0,640,5120,1.0,,,
PASS,False,1.0.0-local-freeze,8,1573996,retained_residual,True,True,8,6,8,0,8,0,8,1,9,0.027375747487562364,0.049327979179323286,0.989013671875,0.4457038479158655,0.0014030178426764905,0.0002673969720490277,0.0,0.0011356208706274629,0.0,128,1024,6.0,7,,
PASS,False,1.0.0-local-freeze,8,1573996,diagonal_secant,True,True,14,4,14,0,14,0,14,1,15,0.01404047406656939,0.03535302278087043,0.99072265625,0.88211997813778,0.0024164729402400553,0.0002807199489325285,0.0,0.002135752991307527,0.0,224,1792,4.0,13,,
PASS,False,1.0.0-local-freeze,8,1573996,anderson_residual,True,True,14,7,14,0,14,0,14,1,15,0.025345248242741193,0.04588525541905499,0.9892578125,0.6946706811431795,0.007275051902979612,0.00027035101084038615,0.0,0.007004700892139226,0.0,224,1792,16.0,13,,
PASS,False,1.0.0-local-freeze,8,1573996,commissioned_pi,True,True,10,5,10,2,8,0,10,1,11,0.031868885987270903,0.0591570200310837,0.988525390625,0.44144775200402364,0.000859151070471853,5.880999378859997e-05,0.00010904099326580763,0.0006913000834174454,0.0,160,1280,3.0,7,,
FAIL_CONTRACT_TIMEOUT,False,1.0.0-local-freeze,8,1573996,spsa,True,False,,,,0,14,26,40,0,,0.15625751000476115,0.4325180835357319,,1.5334935580031015,0.0007886321400292218,0.00018246204126626253,0.0,0.0,0.0006061700987629592,640,5120,2.0,,,
PASS,False,1.0.0-local-freeze,8,1573996,oracle,False,True,3,1,3,0,3,0,3,1,4,0.024658656352193047,1.962615573354719e-17,0.993408203125,0.1870581129915081,8.796801557764411e-05,2.855702769011259e-05,0.0,5.941098788753152e-05,0.0,48,384,1.0,2,,
FAIL_CONTRACT_TIMEOUT,False,1.0.0-local-freeze,8,1558604323,do_nothing,True,False,,,,0,40,0,40,0,,0.179016602310985,0.44988126239852105,,1.549167396966368,0.0038967799046076834,4.6644010581076145e-05,0.0,0.0038501358940266073,0.0,640,5120,1.0,,,
PASS,False,1.0.0-local-freeze,8,1558604323,retained_residual,True,True,12,7,12,0,12,0,12,1,13,0.032451882321584816,0.02869297296499186,0.990234375,0.5790190192055888,0.0020828639972023666,0.0002674570423550904,0.0,0.0018154069548472762,0.0,192,1536,6.0,11,,
PASS,False,1.0.0-local-freeze,8,1558604323,diagonal_secant,True,True,10,5,10,0,10,0,10,1,11,0.02748344703482694,0.04468438471038314,0.989013671875,0.8635920650558546,0.0019877480226568878,0.0002448359737172723,0.0,0.0017429120489396155,0.0,160,1280,4.0,9,,
PASS,False,1.0.0-local-freeze,8,1558604323,anderson_residual,True,True,15,9,15,0,15,0,15,1,16,0.0170802498182301,0.0378081423045292,0.98876953125,0.8075960031710565,0.004874187987297773,0.00034506700467318296,0.0,0.00452912098262459,0.0,240,1920,16.0,14,,
PASS,False,1.0.0-local-freeze,8,1558604323,commissioned_pi,True,True,18,5,18,2,16,0,18,1,19,0.027628370985565545,0.04450346103318503,0.988525390625,1.3654451132752001,0.0020853758906014264,9.431596845388412e-05,0.00012923398753628135,0.0018618259346112609,0.0,288,2304,3.0,15,,
FAIL_CONTRACT_TIMEOUT,False,1.0.0-local-freeze,8,1558604323,spsa,True,False,,,,0,14,26,40,0,,0.17138680569464496,0.4326407659333606,,1.795520315936301,0.0008429740555584431,0.00020320998737588525,0.0,0.0,0.0006397640681825578,640,5120,2.0,,,
PASS,False,1.0.0-local-freeze,8,1558604323,oracle,False,True,3,1,3,0,3,0,3,1,4,0.020601331828868953,1.962615573354719e-17,0.990966796875,0.193753257044591,9.816006058827043e-05,3.8816011510789394e-05,0.0,5.934404907748103e-05,0.0,48,384,1.0,2,,
FAIL_CONTRACT_TIMEOUT,False,1.0.0-local-freeze,8,1280968996,do_nothing,True,False,,,,0,40,0,40,0,,0.14411381417875613,0.4532914166867967,,1.692974359903019,0.0017354022711515427,6.850395584478974e-05,0.0,0.001666898315306753,0.0,640,5120,1.0,,,
PASS,False,1.0.0-local-freeze,8,1280968996,retained_residual,True,True,10,8,10,0,10,0,10,1,11,0.030356508536884257,0.8581905812899137,0.960693359375,0.4979728741454892,0.001883010903839022,0.00032001995714381337,0.0,0.0015629909466952085,0.0,160,1280,6.0,9,,
PASS,False,1.0.0-local-freeze,8,1280968996,diagonal_secant,True,True,11,6,11,0,11,0,11,1,12,0.02855767063573782,0.07080013925256669,0.98486328125,0.5648042021784931,0.004164615995250642,0.00021622597705572844,0.0,0.003948390018194914,0.0,176,1408,4.0,10,,
FAIL_CONTRACT_TIMEOUT,False,1.0.0-local-freeze,8,1280968996,anderson_residual,True,False,,14,,0,40,0,40,3,,0.036098567096243275,0.9482059741072537,,1.7864185090293176,0.021539586829021573,0.0002541100257076323,0.0,0.02128547680331394,0.0,640,5120,16.0,,,
FAIL_CONTRACT_TIMEOUT,False,1.0.0-local-freeze,8,1280968996,commissioned_pi,True,False,,5,,2,38,0,40,0,,0.030667114105968642,0.0759119465470731,,1.6257593880873173,0.0047159388777799904,5.381699884310365e-05,0.00010580004891380668,0.00455632183002308,0.0,640,5120,3.0,,,
FAIL_CONTRACT_TIMEOUT,False,1.0.0-local-freeze,8,1280968996,spsa,True,False,,,,0,14,26,40,0,,0.13675286003762352,0.44835650797036336,,1.5409172301297076,0.0008188880165107548,0.00020636501722037792,0.0,0.0,0.0006125229992903769,640,5120,2.0,,,
PASS,False,1.0.0-local-freeze,8,1280968996,oracle,False,True,3,1,3,0,3,0,3,1,4,0.025377123250591428,0.0,0.992431640625,0.19947176799178123,0.00012180907651782036,4.364002961665392e-05,0.0,7.816904690116644e-05,0.0,48,384,1.0,2,,
FAIL_CONTRACT_TIMEOUT,False,1.0.0-local-freeze,8,946144272,do_nothing,True,False,,,,0,40,0,40,0,,0.18054386986509852,0.446078862950281,,1.653147913981229,0.001378225104417652,3.062299219891429e-05,0.0,0.0013476021122187376,0.0,640,5120,1.0,,,
PASS,False,1.0.0-local-freeze,8,946144272,retained_residual,True,True,9,7,9,0,9,0,9,1,10,0.024588760946004817,0.918478054814575,0.9736328125,0.4678396150120534,0.0026590978959575295,0.0006055620033293962,0.0,0.0020535358926281333,0.0,144,1152,6.0,8,,
PASS,False,1.0.0-local-freeze,8,946144272,diagonal_secant,True,True,10,8,10,0,10,0,10,1,11,0.01953067778702801,0.027931739272918463,0.990478515625,0.535621941962745,0.0017280680476687849,0.00029741600155830383,0.0,0.001430652046110481,0.0,160,1280,4.0,9,,
PASS,False,1.0.0-local-freeze,8,946144272,anderson_residual,True,True,16,14,16,0,16,0,16,1,17,0.031019913499429935,0.04948820937610651,0.988525390625,0.6751556960516609,0.005456081067677587,0.00028091599233448505,0.0,0.005175165075343102,0.0,256,2048,16.0,15,,
PASS,False,1.0.0-local-freeze,8,946144272,commissioned_pi,True,True,7,5,7,2,5,0,7,1,8,0.03204630521196148,0.05646953338630767,0.984619140625,0.32056516798911616,0.0005507769528776407,5.359598435461521e-05,0.00010129599831998348,0.00039588497020304203,0.0,112,896,3.0,4,,
FAIL_CONTRACT_TIMEOUT,False,1.0.0-local-freeze,8,946144272,spsa,True,False,,,,0,14,26,40,0,,0.17192313213906316,0.42584584650318824,,1.7090184307307936,0.0010474171140231192,0.00021231803111732006,0.0,0.0,0.0008350990829057992,640,5120,2.0,,,
PASS,False,1.0.0-local-freeze,8,946144272,oracle,False,True,3,1,3,0,3,0,3,1,4,0.021778691682026445,0.0,0.990966796875,0.28335939603857696,0.00010244699660688639,3.9879989344626665e-05,0.0,6.256700726225972e-05,0.0,48,384,1.0,2,,
FAIL_CONTRACT_TIMEOUT,False,1.0.0-local-freeze,8,1536741766,do_nothing,True,False,,,,0,40,0,40,0,,0.1812506971674698,0.44935301627732427,,1.6320516778505407,0.0013863728963769972,3.9218051824718714e-05,0.0,0.0013471548445522785,0.0,640,5120,1.0,,,
PASS,False,1.0.0-local-freeze,8,1536741766,retained_residual,True,True,10,8,10,0,10,0,10,1,11,0.025423468841689088,0.04916273500856089,0.98974609375,0.5476556189823896,0.0020533749484457076,0.00032791297417134047,0.0,0.001725461974274367,0.0,160,1280,6.0,9,,
PASS,False,1.0.0-local-freeze,8,1536741766,diagonal_secant,True,True,8,6,8,0,8,0,8,1,9,0.0184289789714508,0.04002224077501622,0.989013671875,0.38322325295303017,0.0015028759371489286,0.0002646999782882631,0.0,0.0012381759588606656,0.0,128,1024,4.0,7,,
PASS,False,1.0.0-local-freeze,8,1536741766,anderson_residual,True,True,10,6,10,0,10,0,10,1,11,0.030647185716972537,0.046787728516157756,0.98828125,0.34021548891905695,0.0029380948399193585,0.000421560020186007,0.0,0.0025165348197333515,0.0,160,1280,16.0,9,,
PASS,False,1.0.0-local-freeze,8,1536741766,commissioned_pi,True,True,7,5,7,2,5,0,7,1,8,0.03337144262664409,0.05195344546498832,0.98779296875,0.3265162198804319,0.0005482399719767272,6.443297024816275e-05,0.00010776502313092351,0.000376041978597641,0.0,112,896,3.0,4,,
FAIL_CONTRACT_TIMEOUT,False,1.0.0-local-freeze,8,1536741766,spsa,True,False,,,,0,14,26,40,0,,0.17963043633651637,0.42301253100872993,,1.7699177258764394,0.0007648950559087098,0.00018093397375196218,0.0,0.0,0.0005839610821567476,640,5120,2.0,,,
PASS,False,1.0.0-local-freeze,8,1536741766,oracle,False,True,3,1,3,0,3,0,3,1,4,0.02631287809630367,0.0,0.991943359375,0.2224168189568445,0.00010232796194031835,3.791996277868748e-05,0.0,6.440799916163087e-05,0.0,48,384,1.0,2,,
FAIL_CONTRACT_TIMEOUT,False,1.0.0-local-freeze,8,2015248058,do_nothing,True,False,,,,0,40,0,40,0,,0.1613721976683266,0.44832743553349136,,1.8306885948986746,0.0018661341164261103,4.795199492946267e-05,0.0,0.0018181821214966476,0.0,640,5120,1.0,,,
PASS,False,1.0.0-local-freeze,8,2015248058,retained_residual,True,True,10,8,10,0,10,0,10,1,11,0.02617348053975165,0.03735072213459425,0.992431640625,0.5071288319886662,0.00173738703597337,0.00023623404558748007,0.0,0.00150115299038589,0.0,160,1280,6.0,9,,
PASS,False,1.0.0-local-freeze,8,2015248058,diagonal_secant,True,True,22,7,22,0,22,0,22,1,23,0.03236244914263416,0.05947026898228184,0.9912109375,1.0669916391489096,0.0037825542385689914,0.0002318070037290454,0.0,0.003550747234839946,0.0,352,2816,4.0,21,,
PASS,False,1.0.0-local-freeze,8,2015248058,anderson_residual,True,True,11,7,11,0,11,0,11,1,12,0.02240414280473052,0.047566017623589175,0.990478515625,0.5867053269757889,0.0032320808968506753,0.0002618469879962504,0.0,0.002970233908854425,0.0,176,1408,16.0,10,,
PASS,False,1.0.0-local-freeze,8,2015248058,commissioned_pi,True,True,10,8,10,2,8,0,10,1,11,0.03330283060787607,0.06423514607094336,0.988037109375,0.4996937190880999,0.0015619579353369772,7.484498200938106e-05,0.00036571797681972384,0.0011213949765078723,0.0,160,1280,3.0,7,,
FAIL_CONTRACT_TIMEOUT,False,1.0.0-local-freeze,8,2015248058,spsa,True,False,,,,0,14,26,40,0,,0.16961207594581304,0.44227416340043396,,1.8975166293676011,0.0008608701755292714,0.0003113370039500296,0.0,0.0,0.0005495331715792418,640,5120,2.0,,,
PASS,False,1.0.0-local-freeze,8,2015248058,oracle,False,True,3,1,3,0,3,0,3,1,4,0.020766668151418633,0.0,0.992431640625,0.2701514770160429,0.00010190607281401753,3.9649021346122026e-05,0.0,6.225705146789551e-05,0.0,48,384,1.0,2,,
FAIL_CONTRACT_TIMEOUT,False,1.0.0-local-freeze,8,1062974352,do_nothing,True,False,,,,0,40,0,40,0,,0.18304257139128083,0.44660598986319006,,1.616898177890107,0.0014412969467230141,3.776897210627794e-05,0.0,0.0014035279746167362,0.0,640,5120,1.0,,,
PASS,False,1.0.0-local-freeze,8,1062974352,retained_residual,True,True,11,7,11,0,11,0,11,1,12,0.027771599731592055,0.04385319135249352,0.98779296875,0.5061780479736626,0.0026958700036630034,0.0008911759941838682,0.0,0.0018046940094791353,0.0,176,1408,6.0,10,,
PASS,False,1.0.0-local-freeze,8,1062974352,diagonal_secant,True,True,14,7,14,0,14,0,14,1,15,0.02839978347380126,0.032435001908055976,0.989013671875,0.6131728750187904,0.0029649129137396812,0.0002445789868943393,0.0,0.002720333926845342,0.0,224,1792,4.0,13,,
PASS,False,1.0.0-local-freeze,8,1062974352,anderson_residual,True,True,9,7,9,0,9,0,9,1,10,0.024719313633179904,0.06206138479750843,0.98681640625,0.34728016692679375,0.0026803778600879014,0.00031827803468331695,0.0,0.0023620998254045844,0.0,144,1152,16.0,8,,
PASS,False,1.0.0-local-freeze,8,1062974352,commissioned_pi,True,True,15,5,15,2,13,0,15,1,16,0.025215867994619508,0.05539859324642105,0.98779296875,0.6516922910232097,0.0015041049919091165,9.054399561136961e-05,8.813099702820182e-05,0.001325429999269545,0.0,240,1920,3.0,12,,
FAIL_CONTRACT_TIMEOUT,False,1.0.0-local-freeze,8,1062974352,spsa,True,False,,,,0,14,26,40,0,,0.18261549433774948,0.43853416682822244,,1.3759898368734866,0.0007346849888563156,0.00017650198424234986,0.0,0.0,0.0005581830046139657,640,5120,2.0,,,
PASS,False,1.0.0-local-freeze,8,1062974352,oracle,False,True,3,1,3,0,3,0,3,1,4,0.02145053626192653,0.0,0.991943359375,0.1558506230940111,9.785190923139453e-05,3.152096178382635e-05,0.0,6.633094744756818e-05,0.0,48,384,1.0,2,,
FAIL_CONTRACT_TIMEOUT,False,1.0.0-local-freeze,8,317314755,do_nothing,True,False,,,,0,40,0,40,0,,0.1745120321227229,0.45542359544948846,,1.452745814109221,0.0015080493758432567,3.7443998735398054e-05,0.0,0.0014706053771078587,0.0,640,5120,1.0,,,
PASS,False,1.0.0-local-freeze,8,317314755,retained_residual,True,True,9,7,9,0,9,0,9,1,10,0.025027540058183567,0.037418363943685154,0.9892578125,0.40165425796294585,0.001489090034738183,0.0002882439875975251,0.0,0.001200846047140658,0.0,144,1152,6.0,8,,
PASS,False,1.0.0-local-freeze,8,317314755,diagonal_secant,True,True,18,5,18,0,18,0,18,1,19,0.017481005782929965,0.023236648056491345,0.9892578125,1.107590472965967,0.003361395967658609,0.00032179796835407615,0.0,0.003039597999304533,0.0,288,2304,4.0,17,,
PASS,False,1.0.0-local-freeze,8,317314755,anderson_residual,True,True,9,7,9,0,9,0,9,1,10,0.0228879394518229,0.056534647687506066,0.98583984375,0.6150844588992186,0.0025051641277968884,0.0003462470485828817,0.0,0.0021589170792140067,0.0,144,1152,16.0,8,,
PASS,False,1.0.0-local-freeze,8,317314755,commissioned_pi,True,True,12,6,12,2,10,0,12,1,13,0.028676782130941183,0.05397988447529901,0.98486328125,0.7722229851642624,0.001122626126743853,5.584105383604765e-05,8.472200715914369e-05,0.0009820630657486618,0.0,192,1536,3.0,9,,
FAIL_CONTRACT_TIMEOUT,False,1.0.0-local-freeze,8,317314755,spsa,True,False,,,,0,14,26,40,0,,0.17068081760211337,0.4486487517462472,,2.1278025069041178,0.0006967468070797622,0.00015634199371561408,0.0,0.0,0.0005404048133641481,640,5120,2.0,,,
PASS,False,1.0.0-local-freeze,8,317314755,oracle,False,True,3,1,3,0,3,0,3,1,4,0.02589603073421336,1.2266347333466993e-18,0.989990234375,0.21445790899451822,0.00011287402594462037,5.237403092905879e-05,0.0,6.049999501556158e-05,0.0,48,384,1.0,2,,
FAIL_CONTRACT_TIMEOUT,False,1.0.0-local-freeze,8,1833476299,do_nothing,True,False,,,,0,40,0,40,0,,0.19749935391477344,0.45391247112350386,,1.919182922982145,0.0013065218226984143,2.967199543491006e-05,0.0,0.0012768498272635043,0.0,640,5120,1.0,,,
PASS,False,1.0.0-local-freeze,8,1833476299,retained_residual,True,True,13,9,13,0,13,0,13,1,14,0.03136423213428071,0.034632449384229415,0.9921875,0.6351867169723846,0.0030961509328335524,0.00023941299878060818,0.0,0.002856737934052944,0.0,208,1664,6.0,12,,
PASS,False,1.0.0-local-freeze,8,1833476299,diagonal_secant,True,True,11,9,11,0,11,0,11,1,12,0.03034816256496159,0.03393412044520128,0.9931640625,0.5160517329350114,0.001825567102059722,0.0002607249771244824,0.0,0.0015648421249352396,0.0,176,1408,4.0,10,,
PASS,False,1.0.0-local-freeze,8,1833476299,anderson_residual,True,True,13,6,13,0,13,0,13,1,14,0.031337615214296954,0.04516397576401547,0.991455078125,0.5675937890191562,0.004208372964058071,0.0002976480172947049,0.0,0.0039107249467633665,0.0,208,1664,16.0,12,,
PASS,False,1.0.0-local-freeze,8,1833476299,commissioned_pi,True,True,12,5,12,2,10,0,12,1,13,0.029777150563455715,0.06203321904997065,0.989013671875,0.6441014690790325,0.0014214819530025125,8.559500565752387e-05,8.164899190887809e-05,0.0012542379554361105,0.0,192,1536,3.0,9,,
FAIL_CONTRACT_TIMEOUT,False,1.0.0-local-freeze,8,1833476299,spsa,True,False,,,,0,14,26,40,0,,0.17565133274092898,0.4199556283452977,,1.5523909044568427,0.0007772559765726328,0.0001325829653069377,0.0,0.0,0.0006446730112656951,640,5120,2.0,,,
PASS,False,1.0.0-local-freeze,8,1833476299,oracle,False,True,3,1,3,0,3,0,3,1,4,0.025547423750557068,0.0,0.994873046875,0.17512117506703362,0.0003510320675559342,3.7466990761458874e-05,0.0,0.0003135650767944753,0.0,48,384,1.0,2,,
FAIL_CONTRACT_TIMEOUT,False,1.0.0-local-freeze,8,1883236474,do_nothing,True,False,,,,0,40,0,40,0,,0.17634464681729578,0.4487643454875686,,1.9095187468919903,0.0014193080132827163,3.8809957914054394e-05,0.0,0.0013804980553686619,0.0,640,5120,1.0,,,
PASS,False,1.0.0-local-freeze,8,1883236474,retained_residual,True,True,10,8,10,0,10,0,10,1,11,0.029119718891440174,0.054245141577448384,0.984619140625,0.5045617549913004,0.002559577871579677,0.0002372909802943468,0.0,0.00232228689128533,0.0,160,1280,6.0,9,,
PASS,False,1.0.0-local-freeze,8,1883236474,diagonal_secant,True,True,6,4,6,0,6,0,6,1,7,0.02258845083265195,0.05508181712529885,0.984375,0.3134889969951473,0.001008974970318377,0.00026287900982424617,0.0,0.0007460959604941308,0.0,96,768,4.0,5,,
PASS,False,1.0.0-local-freeze,8,1883236474,anderson_residual,True,True,11,9,11,0,11,0,11,1,12,0.02565960361990722,0.044652140114556794,0.98583984375,0.4068319179932587,0.0031688621384091675,0.00026354496367275715,0.0,0.0029053171747364104,0.0,176,1408,16.0,10,,
PASS,False,1.0.0-local-freeze,8,1883236474,commissioned_pi,True,True,12,7,12,2,10,0,12,1,13,0.02657027972117564,0.04217963746182258,0.9892578125,0.5451920919003896,0.0013255330850370228,7.991102756932378e-05,0.00010542897507548332,0.0011401930823922157,0.0,192,1536,3.0,9,,
FAIL_CONTRACT_TIMEOUT,False,1.0.0-local-freeze,8,1883236474,spsa,True,False,,,,0,14,26,40,0,,0.16445011942601934,0.42304843349571297,,1.6766562439734116,0.0007321469602175057,0.0001597439986653626,0.0,0.0,0.0005724029615521431,640,5120,2.0,,,
PASS,False,1.0.0-local-freeze,8,1883236474,oracle,False,True,3,1,3,0,3,0,3,1,4,0.01940937162100462,0.0,0.990966796875,0.20783452299656346,9.974307613447309e-05,3.756803926080465e-05,0.0,6.217503687366843e-05,0.0,48,384,1.0,2,,
FAIL_CONTRACT_TIMEOUT,False,1.0.0-local-freeze,8,812473704,do_nothing,True,False,,,,0,40,0,40,0,,0.20312848454934482,0.4470597165151132,,1.5961289539700374,0.001305510988458991,3.7645979318767786e-05,0.0,0.0012678650091402233,0.0,640,5120,1.0,,,
PASS,False,1.0.0-local-freeze,8,812473704,retained_residual,True,True,15,10,15,0,15,0,15,1,16,0.02584865889695121,0.052411491312006266,0.98974609375,0.5280425159726292,0.0029020330985076725,0.00021223101066425443,0.0,0.002689802087843418,0.0,240,1920,6.0,14,,
PASS,False,1.0.0-local-freeze,8,812473704,diagonal_secant,True,True,20,6,20,0,20,0,20,1,21,0.014845978419026504,0.026623020061961572,0.989990234375,0.8358055090648122,0.002953561139293015,0.00022821000311523676,0.0,0.0027253511361777782,0.0,320,2560,4.0,19,,
PASS,False,1.0.0-local-freeze,8,812473704,anderson_residual,True,True,26,11,26,0,26,0,26,1,27,0.019429897551097135,0.07315061804225786,0.98486328125,1.1844312521861866,0.01137777406256646,0.0002492229687049985,0.0,0.01112855109386146,0.0,416,3328,16.0,25,,
PASS,False,1.0.0-local-freeze,8,812473704,commissioned_pi,True,True,13,5,13,2,11,0,13,1,14,0.028161756021600533,0.04773096682296596,0.98876953125,0.6155367080355063,0.0011400458752177656,7.905601523816586e-05,8.757697651162744e-05,0.0009734128834679723,0.0,208,1664,3.0,10,,
FAIL_CONTRACT_TIMEOUT,False,1.0.0-local-freeze,8,812473704,spsa,True,False,,,,0,14,26,40,0,,0.19555218295042304,0.42604335270805666,,1.6234727599075995,0.0007990719750523567,0.00018768501468002796,0.0,0.0,0.0006113869603723288,640,5120,2.0,,,
PASS,False,1.0.0-local-freeze,8,812473704,oracle,False,True,3,1,3,0,3,0,3,1,4,0.01521869733045421,0.0,0.9921875,0.21285809902474284,9.875692194327712e-05,3.475596895441413e-05,0.0,6.400095298886299e-05,0.0,48,384,1.0,2,,
FAIL_CONTRACT_TIMEOUT,False,1.0.0-local-freeze,8,1612189033,do_nothing,True,False,,,,0,40,0,40,0,,0.18492715641887597,0.4491798452533683,,1.5847641231375746,0.0014309128746390343,3.848003689199686e-05,0.0,0.0013924328377470374,0.0,640,5120,1.0,,,
PASS,False,1.0.0-local-freeze,8,1612189033,retained_residual,True,True,15,10,15,0,15,0,15,1,16,0.026820072776374246,0.03982848509805552,0.988037109375,0.6677073582541198,0.0027891569188795984,0.00028682395350188017,0.0,0.002502332965377718,0.0,240,1920,6.0,14,,
PASS,False,1.0.0-local-freeze,8,1612189033,diagonal_secant,True,True,8,4,8,0,8,0,8,1,9,0.034928431396833326,0.05995654170456617,0.986328125,0.38826275803148746,0.002359784033615142,0.00024276803014799953,0.0,0.0021170160034671426,0.0,128,1024,4.0,7,,
PASS,False,1.0.0-local-freeze,8,1612189033,anderson_residual,True,True,10,8,10,0,10,0,10,1,11,0.026596905360867323,0.0347919529423894,0.988525390625,0.5265310420072637,0.003590571053791791,0.00025709602050483227,0.0,0.003333475033286959,0.0,160,1280,16.0,9,,
PASS,False,1.0.0-local-freeze,8,1612189033,commissioned_pi,True,True,12,5,12,2,10,0,12,1,13,0.02440933181706131,0.05300873369968968,0.986572265625,0.617315653769765,0.0009933399851433933,4.843599162995815e-05,9.173603029921651e-05,0.0008531679632142186,0.0,192,1536,3.0,9,,
FAIL_CONTRACT_TIMEOUT,False,1.0.0-local-freeze,8,1612189033,spsa,True,False,,,,0,14,26,40,0,,0.18913133566103033,0.4360605871751015,,1.8212970910244621,0.0007846550433896482,0.00020403001690283418,0.0,0.0,0.000580625026486814,640,5120,2.0,,,
PASS,False,1.0.0-local-freeze,8,1612189033,oracle,False,True,3,1,3,0,3,0,3,1,4,0.029709140519620914,0.0,0.9921875,0.1468215209315531,9.358290117233992e-05,3.807299071922898e-05,0.0,5.550991045311093e-05,0.0,48,384,1.0,2,,
FAIL_CONTRACT_TIMEOUT,False,1.0.0-local-freeze,8,1990616316,do_nothing,True,False,,,,0,40,0,40,0,,0.18111968452967847,0.44799353622332877,,1.5489481391268782,0.0012733228504657745,3.977696178480983e-05,0.0,0.0012335458886809647,0.0,640,5120,1.0,,,
PASS,False,1.0.0-local-freeze,8,1990616316,retained_residual,True,True,12,7,12,0,12,0,12,1,13,0.021569516795568497,0.034214606428364804,0.990478515625,0.5321302970405668,0.0027103560278192163,0.0002623159671202302,0.0,0.002448040060698986,0.0,192,1536,6.0,11,,
PASS,False,1.0.0-local-freeze,8,1990616316,diagonal_secant,True,True,7,5,7,0,7,0,7,1,8,0.032528016412476594,0.03337635282146578,0.990234375,0.3305314960889518,0.0010985219851136208,0.00019930198322981596,0.0,0.0008992200018838048,0.0,112,896,4.0,6,,
PASS,False,1.0.0-local-freeze,8,1990616316,anderson_residual,True,True,13,8,13,0,13,0,13,1,14,0.031611733137900104,0.024853018941199997,0.990966796875,0.5797068019746803,0.005336098256520927,0.00022841704776510596,0.0,0.005107681208755821,0.0,208,1664,16.0,12,,
PASS,False,1.0.0-local-freeze,8,1990616316,commissioned_pi,True,True,17,5,17,2,15,0,17,1,18,0.02644562533713366,0.046100512757614634,0.990234375,0.7613683590316214,0.0015065278857946396,5.374499596655369e-05,9.095302084460855e-05,0.0013618298689834774,0.0,272,2176,3.0,14,,
FAIL_CONTRACT_TIMEOUT,False,1.0.0-local-freeze,8,1990616316,spsa,True,False,,,,0,14,26,40,0,,0.17529220368369777,0.4339432354637622,,1.5097801398369484,0.0006959719466976821,0.00014344998635351658,0.0,0.0,0.0005525219603441656,640,5120,2.0,,,
PASS,False,1.0.0-local-freeze,8,1990616316,oracle,False,True,3,1,3,0,3,0,3,1,4,0.01631089611134091,0.0,0.9912109375,0.19198302400764078,9.516702266409993e-05,3.2962008845061064e-05,0.0,6.220501381903887e-05,0.0,48,384,1.0,2,,
FAIL_CONTRACT_TIMEOUT,False,1.0.0-local-freeze,8,195957893,do_nothing,True,False,,,,0,40,0,40,0,,0.1755742867988833,0.4457019155918272,,1.7035861330805346,0.001419127976987511,4.6452973037958145e-05,0.0,0.0013726750039495528,0.0,640,5120,1.0,,,
PASS,False,1.0.0-local-freeze,8,195957893,retained_residual,True,True,18,6,18,0,18,0,18,1,19,0.015829653395944655,0.03822250109669744,0.988525390625,0.7615453134058043,0.005418519023805857,0.0002788100391626358,0.0,0.005139708984643221,0.0,288,2304,6.0,17,,
PASS,False,1.0.0-local-freeze,8,195957893,diagonal_secant,True,True,17,5,17,0,17,0,17,1,18,0.018567532560382367,0.02964988555832487,0.98828125,0.7472911429940723,0.003009309119079262,0.00027972401585429907,0.0,0.002729585103224963,0.0,272,2176,4.0,16,,
PASS,False,1.0.0-local-freeze,8,195957893,anderson_residual,True,True,12,7,12,0,12,0,12,1,13,0.033742672160033675,0.032174078150842174,0.98974609375,0.5524020938319154,0.00344586482970044,0.000323623011354357,0.0,0.003122241818346083,0.0,192,1536,16.0,11,,
PASS,False,1.0.0-local-freeze,8,195957893,commissioned_pi,True,True,7,5,7,2,5,0,7,1,8,0.03041094652152348,0.06406265075577279,0.985595703125,0.3639252080465667,0.0005681029870174825,9.04860207810998e-05,8.675799472257495e-05,0.0003908589715138078,0.0,112,896,3.0,4,,
FAIL_CONTRACT_TIMEOUT,False,1.0.0-local-freeze,8,195957893,spsa,True,False,,,,0,14,26,40,0,,0.17433965618758254,0.4325072836566221,,1.5685326248058118,0.0007301490404643118,0.00017166801262646914,0.0,0.0,0.0005584810278378427,640,5120,2.0,,,
PASS,False,1.0.0-local-freeze,8,195957893,oracle,False,True,3,1,3,0,3,0,3,1,4,0.027247668805280675,4.9065389333867974e-18,0.99169921875,0.20610990095883608,9.317108197137713e-05,3.295403439551592e-05,0.0,6.0217047575861216e-05,0.0,48,384,1.0,2,,
FAIL_CONTRACT_TIMEOUT,False,1.0.0-local-freeze,8,561759483,do_nothing,True,False,,,,0,40,0,40,0,,0.17865773227164156,0.4519609689994852,,1.6305317688384093,0.001350309292320162,3.6649988032877445e-05,0.0,0.0013136593042872846,0.0,640,5120,1.0,,,
PASS,False,1.0.0-local-freeze,8,561759483,retained_residual,True,True,9,7,9,0,9,0,9,1,10,0.031105661842161725,0.055125197622663095,0.98876953125,0.4464838739368133,0.0017761040362529457,0.0002706070081330836,0.0,0.001505497028119862,0.0,144,1152,6.0,8,,
PASS,False,1.0.0-local-freeze,8,561759483,diagonal_secant,True,True,9,7,9,0,9,0,9,1,10,0.021687329294373878,0.042939142643883745,0.98828125,0.4382400109898299,0.001670609985012561,0.00025191804161295295,0.0,0.0014186919433996081,0.0,144,1152,4.0,8,,
PASS,False,1.0.0-local-freeze,8,561759483,anderson_residual,True,True,28,6,28,0,28,0,28,1,29,0.03005707239337517,0.08272505328659961,0.98388671875,1.0381470569991507,0.016173938871361315,0.00028440600726753473,0.0,0.01588953286409378,0.0,448,3584,16.0,27,,
PASS,False,1.0.0-local-freeze,8,561759483,commissioned_pi,True,True,10,5,10,2,8,0,10,1,11,0.016788995358353705,0.03683282167569037,0.9892578125,0.5517797950888053,0.0008461319375783205,5.804601823911071e-05,9.712198516353965e-05,0.0006909639341756701,0.0,160,1280,3.0,7,,
FAIL_CONTRACT_TIMEOUT,False,1.0.0-local-freeze,8,561759483,spsa,True,False,,,,0,14,26,40,0,,0.17609648518777854,0.43807746231757183,,1.6060330930049531,0.0008478439413011074,0.00016632297774776816,0.0,0.0,0.0006815209635533392,640,5120,2.0,,,
PASS,False,1.0.0-local-freeze,8,561759483,oracle,False,True,3,1,3,0,3,0,3,1,4,0.019462464323605256,1.962615573354719e-17,0.990234375,0.17919544799951836,9.573303395882249e-05,3.326800651848316e-05,0.0,6.246502744033933e-05,0.0,48,384,1.0,2,,
FAIL_CONTRACT_TIMEOUT,False,1.0.0-local-freeze,8,295370387,do_nothing,True,False,,,,0,40,0,40,0,,0.18111929373509303,0.45136371693499855,,1.5187436700216495,0.0014454807387664914,4.3087988160550594e-05,0.0,0.0014023927506059408,0.0,640,5120,1.0,,,
PASS,False,1.0.0-local-freeze,8,295370387,retained_residual,True,True,8,6,8,0,8,0,8,1,9,0.02517505985052122,0.06127691322156707,0.989013671875,0.3236792209208943,0.0014214989496394992,0.00028830597875639796,0.0,0.0011331929708831012,0.0,128,1024,6.0,7,,
PASS,False,1.0.0-local-freeze,8,295370387,diagonal_secant,True,True,13,11,13,0,13,0,13,1,14,0.02139976486763168,0.021564990381072402,0.993408203125,0.7971827391302213,0.002407796971965581,0.00021752400789409876,0.0,0.0021902729640714824,0.0,208,1664,4.0,12,,
PASS,False,1.0.0-local-freeze,8,295370387,anderson_residual,True,True,20,8,20,0,20,0,20,1,21,0.021544113336281995,0.04562733343031943,0.991943359375,1.4328619520529173,0.006961522914934903,0.0002876759972423315,0.0,0.006673846917692572,0.0,320,2560,16.0,19,,
PASS,False,1.0.0-local-freeze,8,295370387,commissioned_pi,True,True,23,6,23,2,21,0,23,1,24,0.03475136196431424,0.08393910885120402,0.98193359375,1.4709456118871458,0.0024560109595768154,8.760701166465878e-05,0.00021148496307432652,0.00215691898483783,0.0,368,2944,3.0,20,,
FAIL_CONTRACT_TIMEOUT,False,1.0.0-local-freeze,8,295370387,spsa,True,False,,,,0,14,26,40,0,,0.17711138269391186,0.44365025171853134,,1.8026937557733618,0.000791965052485466,0.00018859701231122017,0.0,0.0,0.0006033680401742458,640,5120,2.0,,,
PASS,False,1.0.0-local-freeze,8,295370387,oracle,False,True,3,1,3,0,3,0,3,1,4,0.02680562335309386,9.813077866773595e-18,0.993408203125,0.21248946391278878,8.721195627003908e-05,2.4934997782111168e-05,0.0,6.227695848792791e-05,0.0,48,384,1.0,2,,
FAIL_CONTRACT_TIMEOUT,False,1.0.0-local-freeze,8,2134251794,do_nothing,True,False,,,,0,40,0,40,0,,0.16576188836392997,0.4497742681389476,,1.463733117969241,0.0013809340307489038,3.8672005757689476e-05,0.0,0.0013422620249912143,0.0,640,5120,1.0,,,
PASS,False,1.0.0-local-freeze,8,2134251794,retained_residual,True,True,13,11,13,0,13,0,13,1,14,0.026400650830266045,0.058800144837154254,0.992919921875,0.5487332991324365,0.0027239799965173006,0.0002845840062946081,0.0,0.0024393959902226925,0.0,208,1664,6.0,12,,
PASS,False,1.0.0-local-freeze,8,2134251794,diagonal_secant,True,True,17,5,17,0,17,0,17,1,18,0.0317341728485746,0.05830410400486416,0.99169921875,0.6986423269845545,0.0028634979389607906,0.00038401398342102766,0.0,0.002479483955539763,0.0,272,2176,4.0,16,,
PASS,False,1.0.0-local-freeze,8,2134251794,anderson_residual,True,True,10,8,10,0,10,0,10,1,11,0.02235137089230845,0.045669970949250044,0.9921875,0.4299452650011517,0.0028033850248903036,0.00023603701265528798,0.0,0.0025673480122350156,0.0,160,1280,16.0,9,,
PASS,False,1.0.0-local-freeze,8,2134251794,commissioned_pi,True,True,7,5,7,2,5,0,7,1,8,0.028078958124315732,0.06094945657442705,0.9892578125,0.3215291849919595,0.000551061995793134,6.263097748160362e-05,9.544094791635871e-05,0.00039299007039517164,0.0,112,896,3.0,4,,
FAIL_CONTRACT_TIMEOUT,False,1.0.0-local-freeze,8,2134251794,spsa,True,False,,,,0,14,26,40,0,,0.1639788505201556,0.44387060575813025,,1.5977723449468613,0.0007075239554978907,0.00015605497173964977,0.0,0.0,0.0005514689837582409,640,5120,2.0,,,
PASS,False,1.0.0-local-freeze,8,2134251794,oracle,False,True,3,1,3,0,3,0,3,1,4,0.020057641947449755,0.0,0.993408203125,0.20366581209236756,0.00011030299356207252,5.136901745572686e-05,0.0,5.8933976106345654e-05,0.0,48,384,1.0,2,,
FAIL_CONTRACT_TIMEOUT,False,1.0.0-local-freeze,8,1411606814,do_nothing,True,False,,,,0,40,0,40,0,,0.19793897846008238,0.4553024826179656,,1.4205302623449825,0.0016489262925460935,3.314000787213445e-05,0.0,0.001615786284673959,0.0,640,5120,1.0,,,
PASS,False,1.0.0-local-freeze,8,1411606814,retained_residual,True,True,12,7,12,0,12,0,12,1,13,0.018699681792892255,0.03365197121718692,0.988525390625,0.5420920131728053,0.0026565699372440577,0.0002543809823691845,0.0,0.002402188954874873,0.0,192,1536,6.0,11,,
PASS,False,1.0.0-local-freeze,8,1411606814,diagonal_secant,True,True,25,6,25,0,25,0,25,1,26,0.02654138174358206,0.04699269374425427,0.987548828125,1.0131529787322506,0.004524748073890805,0.00024193298304453492,0.0,0.00428281509084627,0.0,400,3200,4.0,24,,
FAIL_CONTRACT_TIMEOUT,False,1.0.0-local-freeze,8,1411606814,anderson_residual,True,False,,15,,0,40,0,40,0,,0.03638647582074913,0.07674068243667743,,1.5103006199933589,0.017243255104403943,0.00047192099737003446,0.0,0.01677133410703391,0.0,640,5120,16.0,,,
PASS,False,1.0.0-local-freeze,8,1411606814,commissioned_pi,True,True,19,5,19,2,17,0,19,1,20,0.026489679711141904,0.06924281363238856,0.98583984375,0.7858325110864826,0.002170524967368692,6.492098327726126e-05,0.00010317796841263771,0.002002426015678793,0.0,304,2432,3.0,16,,
FAIL_CONTRACT_TIMEOUT,False,1.0.0-local-freeze,8,1411606814,spsa,True,False,,,,0,14,26,40,0,,0.19347688206246363,0.4451856269246808,,1.5247853130567819,0.0008797220652922988,0.0001734649995341897,0.0,0.0,0.0007062570657581091,640,5120,2.0,,,
PASS,False,1.0.0-local-freeze,8,1411606814,oracle,False,True,3,1,3,0,3,0,3,1,4,0.022200190447514506,4.046035655711836e-17,0.990478515625,0.18573476502206177,9.395001688972116e-05,2.9586022719740868e-05,0.0,6.436399416998029e-05,0.0,48,384,1.0,2,,
FAIL_CONTRACT_TIMEOUT,False,1.0.0-local-freeze,8,2130388698,do_nothing,True,False,,,,0,40,0,40,0,,0.19528188465495702,0.4514058865034544,,1.6165466480888426,0.0020422968082129955,4.43630269728601e-05,0.0,0.0019979337812401354,0.0,640,5120,1.0,,,
PASS,False,1.0.0-local-freeze,8,2130388698,retained_residual,True,True,11,9,11,0,11,0,11,1,12,0.02874166181145289,0.07771919099077158,0.979736328125,0.4958903539227322,0.0019097938784398139,0.00025303696747869253,0.0,0.0016567569109611213,0.0,176,1408,6.0,10,,
PASS,False,1.0.0-local-freeze,8,2130388698,diagonal_secant,True,True,9,7,9,0,9,0,9,1,10,0.015817175660152012,0.030983842146235754,0.9912109375,0.4489140440709889,0.0015903010498732328,0.00023417797638103366,0.0,0.0013561230734921992,0.0,144,1152,4.0,8,,
PASS,False,1.0.0-local-freeze,8,2130388698,anderson_residual,True,True,13,6,13,0,13,0,13,1,14,0.03071651467682245,0.06102443264639532,0.984619140625,0.5709915120969526,0.005567489890381694,0.00033210398396477103,0.0,0.005235385906416923,0.0,208,1664,16.0,12,,
PASS,False,1.0.0-local-freeze,8,2130388698,commissioned_pi,True,True,11,4,11,2,9,0,11,1,12,0.015008940813661433,0.04364585742870085,0.9873046875,0.44963321107206866,0.0012056870036758482,6.742996629327536e-05,0.00010360201122239232,0.0010346550261601806,0.0,176,1408,3.0,8,,
FAIL_CONTRACT_TIMEOUT,False,1.0.0-local-freeze,8,2130388698,spsa,True,False,,,,0,14,26,40,0,,0.18904263967443422,0.44309318926411656,,1.5908071910962462,0.0007671240600757301,0.00014004501281306148,0.0,0.0,0.0006270790472626686,640,5120,2.0,,,
PASS,False,1.0.0-local-freeze,8,2130388698,oracle,False,True,3,1,3,0,3,0,3,1,4,0.013993698933053725,0.0,0.9931640625,0.1743751800386235,8.775299647822976e-05,2.9675953555852175e-05,0.0,5.8077042922377586e-05,0.0,48,384,1.0,2,,
FAIL_CONTRACT_TIMEOUT,False,1.0.0-local-freeze,8,305030663,do_nothing,True,False,,,,0,40,0,40,0,,0.15984264932740114,0.4520951718234847,,1.5849036306608468,0.0016940031200647354,3.8417987525463104e-05,0.0,0.0016555851325392723,0.0,640,5120,1.0,,,
PASS,False,1.0.0-local-freeze,8,305030663,retained_residual,True,True,17,10,17,0,17,0,17,1,18,0.03131704291398005,0.05708530514698147,0.990234375,0.7495821120101027,0.006036493752617389,0.0001876519527286291,0.0,0.00584884179988876,0.0,272,2176,6.0,16,,
PASS,False,1.0.0-local-freeze,8,305030663,diagonal_secant,True,True,13,6,13,0,13,0,13,1,14,0.019171452512181997,0.05160680862474343,0.988525390625,0.531358820036985,0.0025228490121662617,0.00025287794414907694,0.0,0.0022699710680171847,0.0,208,1664,4.0,12,,
PASS,False,1.0.0-local-freeze,8,305030663,anderson_residual,True,True,12,7,12,0,12,0,12,1,13,0.03459945140332049,0.04154946979910484,0.990478515625,0.43176343897357583,0.0043680869857780635,0.00023504998534917831,0.0,0.004133037000428885,0.0,192,1536,16.0,11,,
PASS,False,1.0.0-local-freeze,8,305030663,commissioned_pi,True,True,14,6,14,2,12,0,14,1,15,0.031867950819356054,0.055640253592665945,0.990234375,0.6304330281564035,0.0015130300307646394,7.588102016597986e-05,0.00026961200637742877,0.0011675370042212307,0.0,224,1792,3.0,11,,
FAIL_CONTRACT_TIMEOUT,False,1.0.0-local-freeze,8,305030663,spsa,True,False,,,,0,14,26,40,0,,0.15934630023376617,0.4407057037480041,,1.5215926500968635,0.0008234379929490387,0.00023235095432028174,0.0,0.0,0.000591087038628757,640,5120,2.0,,,
PASS,False,1.0.0-local-freeze,8,305030663,oracle,False,True,3,1,3,0,3,0,3,1,4,0.02871365177533143,2.023017827855918e-17,0.9921875,0.19085944595281035,0.00011060497490689158,4.129100125283003e-05,0.0,6.931397365406156e-05,0.0,48,384,1.0,2,,
FAIL_CONTRACT_TIMEOUT,False,1.0.0-local-freeze,8,484958000,do_nothing,True,False,,,,0,40,0,40,0,,0.19944595022180647,0.4492217709272092,,1.6216941500315443,0.001267806044779718,2.9308022931218147e-05,0.0,0.0012384980218484998,0.0,640,5120,1.0,,,
PASS,False,1.0.0-local-freeze,8,484958000,retained_residual,True,True,16,8,16,0,16,0,16,1,17,0.03488189884027292,0.05101983109273656,0.987548828125,0.7345931900199503,0.0052259680815041065,0.0019965710234828293,0.0,0.003229397058021277,0.0,256,2048,6.0,15,,
PASS,False,1.0.0-local-freeze,8,484958000,diagonal_secant,True,True,12,5,12,0,12,0,12,1,13,0.016686837586817767,0.029879430746065836,0.99072265625,0.5960908270790242,0.002927370893303305,0.0002435640199109912,0.0,0.0026838068733923137,0.0,192,1536,4.0,11,,
FAIL_CONTRACT_TIMEOUT,False,1.0.0-local-freeze,8,484958000,anderson_residual,True,False,,9,,0,40,0,40,0,,0.03768287018510023,0.05689517201260321,,1.6582820459152572,0.0163946186657995,0.0002698359894566238,0.0,0.016124782676342875,0.0,640,5120,16.0,,,
PASS,False,1.0.0-local-freeze,8,484958000,commissioned_pi,True,True,13,5,13,2,11,0,13,1,14,0.028450109390088713,0.05372902503985732,0.988037109375,0.636433613137342,0.0016437250305898488,4.8231042455881834e-05,8.82290187291801e-05,0.0015072649694047868,0.0,208,1664,3.0,10,,
FAIL_CONTRACT_TIMEOUT,False,1.0.0-local-freeze,8,484958000,spsa,True,False,,,,0,14,26,40,0,,0.18123221885673974,0.42437293858961384,,1.7261090088868514,0.0008040200336836278,0.00018199102487415075,0.0,0.0,0.0006220290088094771,640,5120,2.0,,,
PASS,False,1.0.0-local-freeze,8,484958000,oracle,False,True,3,1,3,0,3,0,3,1,4,0.024367172989714064,2.1942709178604383e-17,0.99267578125,0.14057231799233705,8.875696221366525e-05,3.180495696142316e-05,0.0,5.695200525224209e-05,0.0,48,384,1.0,2,,
FAIL_CONTRACT_TIMEOUT,False,1.0.0-local-freeze,8,668379286,do_nothing,True,False,,,,0,40,0,40,0,,0.18054574752316918,0.4550029064831447,,1.6910949779557995,0.0014520039549097419,3.4024007618427277e-05,0.0,0.0014179799472913146,0.0,640,5120,1.0,,,
PASS,False,1.0.0-local-freeze,8,668379286,retained_residual,True,True,9,5,9,0,9,0,9,1,10,0.024229035193189644,0.0446852803279813,0.988525390625,0.4766094229416922,0.0017602410516701639,0.00024002999998629093,0.0,0.001520211051683873,0.0,144,1152,6.0,8,,
PASS,False,1.0.0-local-freeze,8,668379286,diagonal_secant,True,True,7,5,7,0,7,0,7,1,8,0.025662652242574052,0.04863293914403127,0.98876953125,0.6415611810516566,0.0011759110493585467,0.00020488398149609566,0.0,0.0009710270678624511,0.0,112,896,4.0,6,,
PASS,False,1.0.0-local-freeze,8,668379286,anderson_residual,True,True,9,7,9,0,9,0,9,1,10,0.028499692881753094,0.05822176124976505,0.987548828125,0.7296709810616449,0.0030580239254049957,0.0008139489800669253,0.0,0.0022440749453380704,0.0,144,1152,16.0,8,,
PASS,False,1.0.0-local-freeze,8,668379286,commissioned_pi,True,True,24,6,24,2,22,0,24,1,25,0.02263672085647639,0.04501039930700121,0.99072265625,1.5379327432019636,0.002907362882979214,0.00011173496022820473,0.0001122059766203165,0.002683421946130693,0.0,384,3072,3.0,21,,
FAIL_CONTRACT_TIMEOUT,False,1.0.0-local-freeze,8,668379286,spsa,True,False,,,,0,14,26,40,0,,0.17989851130303738,0.45123502753890526,,1.9332468292559497,0.0010816491558216512,0.0005029669846408069,0.0,0.0,0.0005786821711808443,640,5120,2.0,,,
PASS,False,1.0.0-local-freeze,8,668379286,oracle,False,True,3,1,3,0,3,0,3,1,4,0.024769146304891004,4.9065389333867974e-18,0.99267578125,0.16465164901455864,9.14200209081173e-05,3.0349998269230127e-05,0.0,6.107002263888717e-05,0.0,48,384,1.0,2,,
FAIL_CONTRACT_TIMEOUT,False,1.0.0-local-freeze,8,2091457751,do_nothing,True,False,,,,0,40,0,40,0,,0.1767124939881212,0.4468671472577908,,1.7374787949956954,0.0012885770411230624,4.8151006922125816e-05,0.0,0.0012404260342009366,0.0,640,5120,1.0,,,
PASS,False,1.0.0-local-freeze,8,2091457751,retained_residual,True,True,18,7,18,0,18,0,18,1,19,0.028756045244960025,0.058577273557891614,0.98583984375,0.7834579610498622,0.0033533520763739944,0.0004958520294167101,0.0,0.002857500046957284,0.0,288,2304,6.0,17,,
PASS,False,1.0.0-local-freeze,8,2091457751,diagonal_secant,True,True,13,6,13,0,13,0,13,1,14,0.029020146918868072,0.03960587484017643,0.989013671875,0.48931970610283315,0.002013564109802246,0.0002717830357141793,0.0,0.0017417810740880668,0.0,208,1664,4.0,12,,
PASS,False,1.0.0-local-freeze,8,2091457751,anderson_residual,True,True,20,10,20,0,20,0,20,1,21,0.029480675477864555,0.049785513011193494,0.988037109375,0.8486105059855618,0.007263716834131628,0.0002623730106279254,0.0,0.007001343823503703,0.0,320,2560,16.0,19,,
PASS,False,1.0.0-local-freeze,8,2091457751,commissioned_pi,True,True,8,6,8,2,6,0,8,1,9,0.02342382667965814,0.054502438965984695,0.98779296875,0.36507173196878284,0.0006925360066816211,8.785794489085674e-05,0.00010998302605003119,0.0004946950357407331,0.0,128,1024,3.0,5,,
FAIL_CONTRACT_TIMEOUT,False,1.0.0-local-freeze,8,2091457751,spsa,True,False,,,,0,14,26,40,0,,0.1709582850705416,0.42386701397333904,,1.591143369965721,0.0007686640019528568,0.00013744703028351068,0.0,0.0,0.0006312169716693461,640,5120,2.0,,,
PASS,False,1.0.0-local-freeze,8,2091457751,oracle,False,True,3,1,3,0,3,0,3,1,4,0.02310613997218851,0.0,0.990966796875,0.28229437000118196,0.00010248302714899182,3.5634031519293785e-05,0.0,6.684899562969804e-05,0.0,48,384,1.0,2,,
FAIL_CONTRACT_TIMEOUT,False,1.0.0-local-freeze,8,427837642,do_nothing,True,False,,,,0,40,0,40,0,,0.15725274193833952,0.4492639839267151,,1.4508176231756806,0.0015924499020911753,3.9230973925441504e-05,0.0,0.0015532189281657338,0.0,640,5120,1.0,,,
PASS,False,1.0.0-local-freeze,8,427837642,retained_residual,True,True,14,6,14,0,14,0,14,1,15,0.019677378459579783,0.04041541984590193,0.9912109375,0.60198239114834,0.002549941127654165,0.00036286498652771115,0.0,0.002187076141126454,0.0,224,1792,6.0,13,,
PASS,False,1.0.0-local-freeze,8,427837642,diagonal_secant,True,True,18,4,18,0,18,0,18,1,19,0.02334848028665505,0.03609512278666456,0.9912109375,0.8123241298599169,0.004343874054029584,0.00026623596204444766,0.0,0.004077638091985136,0.0,288,2304,4.0,17,,
PASS,False,1.0.0-local-freeze,8,427837642,anderson_residual,True,True,14,6,14,0,14,0,14,1,15,0.021978250427191936,0.05696575374716233,0.989501953125,0.7053424679907039,0.00557585310889408,0.0002776539768092334,0.0,0.0052981991320848465,0.0,224,1792,16.0,13,,
PASS,False,1.0.0-local-freeze,8,427837642,commissioned_pi,True,True,12,5,12,2,10,0,12,1,13,0.011850569339547246,0.04338881659326421,0.990234375,0.528684530116152,0.0012109330273233354,5.283899372443557e-05,0.0002266019582748413,0.0009314920753240585,0.0,192,1536,3.0,9,,
FAIL_CONTRACT_TIMEOUT,False,1.0.0-local-freeze,8,427837642,spsa,True,False,,,,0,14,26,40,0,,0.1547863355525486,0.42671111474109036,,1.456346225226298,0.0013082590303383768,0.00015916000120341778,0.0,0.0,0.001149099029134959,640,5120,2.0,,,
PASS,False,1.0.0-local-freeze,8,427837642,oracle,False,True,3,1,3,0,3,0,3,1,4,0.01603192686023989,2.943923360032078e-17,0.991943359375,0.20952414895873517,9.786104783415794e-05,3.478303551673889e-05,0.0,6.307801231741905e-05,0.0,48,384,1.0,2,,
FAIL_CONTRACT_TIMEOUT,False,1.0.0-local-freeze,8,1523209647,do_nothing,True,False,,,,0,40,0,40,0,,0.19751857365417866,0.44893411664912375,,1.4882810281123966,0.0013322519371286035,3.5724020563066006e-05,0.0,0.0012965279165655375,0.0,640,5120,1.0,,,
PASS,False,1.0.0-local-freeze,8,1523209647,retained_residual,True,True,11,9,11,0,11,0,11,1,12,0.027137386350600198,0.045161623277271454,0.98974609375,0.46833142620744184,0.0019422749755904078,0.000258978980127722,0.0,0.0016832959954626858,0.0,176,1408,6.0,10,,
PASS,False,1.0.0-local-freeze,8,1523209647,diagonal_secant,True,True,15,5,15,0,15,0,15,1,16,0.018012507689220896,0.015273682301232331,0.9921875,0.6696863399702124,0.0024314079200848937,0.00026362400967627764,0.0,0.002167783910408616,0.0,240,1920,4.0,14,,
PASS,False,1.0.0-local-freeze,8,1523209647,anderson_residual,True,True,18,11,18,0,18,0,18,1,19,0.025314657566753995,0.05771319080868866,0.988525390625,1.0619344910373911,0.00619592989096418,0.0002592079690657556,0.0,0.005936721921898425,0.0,288,2304,16.0,17,,
PASS,False,1.0.0-local-freeze,8,1523209647,commissioned_pi,True,True,19,6,19,2,17,0,19,1,20,0.025305237611289333,0.053645544931908075,0.988037109375,0.8816626392072067,0.005660283088218421,7.216003723442554e-05,0.0002474060165695846,0.005340717034414411,0.0,304,2432,3.0,16,,
FAIL_CONTRACT_TIMEOUT,False,1.0.0-local-freeze,8,1523209647,spsa,True,False,,,,0,14,26,40,0,,0.1874976754044438,0.43313303477913445,,2.062237851030659,0.000913487165234983,0.0001349519588984549,0.0,0.0,0.0007785352063365281,640,5120,2.0,,,
PASS,False,1.0.0-local-freeze,8,1523209647,oracle,False,True,5,1,5,0,5,0,5,1,6,0.02116485901745748,0.0,0.992431640625,0.2674076699768193,0.00019910297123715281,3.380398266017437e-05,0.0,0.00016529898857697845,0.0,80,640,1.0,4,,
FAIL_CONTRACT_TIMEOUT,False,1.0.0-local-freeze,8,1177627976,do_nothing,True,False,,,,0,40,0,40,0,,0.19561029619648587,0.45034929261969475,,1.791827247303445,0.0014505482977256179,3.996299346908927e-05,0.0,0.0014105853042565286,0.0,640,5120,1.0,,,
PASS,False,1.0.0-local-freeze,8,1177627976,retained_residual,True,True,8,6,8,0,8,0,8,1,9,0.02470182582616659,0.040169594398482965,0.991455078125,0.29413307301001623,0.0013907280517742038,0.00030665198573842645,0.0,0.0010840760660357773,0.0,128,1024,6.0,7,,
PASS,False,1.0.0-local-freeze,8,1177627976,diagonal_secant,True,True,27,7,27,0,27,0,27,1,28,0.013253766963911546,0.034026719039291796,0.991943359375,1.2529786710510962,0.004595081903971732,0.0002119240234605968,0.0,0.004383157880511135,0.0,432,3456,4.0,26,,
PASS,False,1.0.0-local-freeze,8,1177627976,anderson_residual,True,True,12,7,12,0,12,0,12,1,13,0.02823718795739047,0.04424465549337437,0.9912109375,0.5642120969714597,0.00449055916396901,0.00034111400600522757,0.0,0.0041494451579637825,0.0,192,1536,16.0,11,,
PASS,False,1.0.0-local-freeze,8,1177627976,commissioned_pi,True,True,12,6,12,2,10,0,12,1,13,0.025627934590220613,0.04835245024549162,0.9912109375,0.7180834260652773,0.0010227499878965318,6.382598076015711e-05,9.643496014177799e-05,0.0008624890469945967,0.0,192,1536,3.0,9,,
FAIL_CONTRACT_TIMEOUT,False,1.0.0-local-freeze,8,1177627976,spsa,True,False,,,,0,14,26,40,0,,0.1876749374969346,0.42950749990910464,,2.2790328479604796,0.0007879168842919171,0.0002139040152542293,0.0,0.0,0.0005740128690376878,640,5120,2.0,,,
PASS,False,1.0.0-local-freeze,8,1177627976,oracle,False,True,3,1,3,0,3,0,3,1,4,0.02297922972263828,1.962615573354719e-17,0.992919921875,0.3737209760583937,9.267596760764718e-05,2.868997398763895e-05,0.0,6.398599362000823e-05,0.0,48,384,1.0,2,,
FAIL_CONTRACT_TIMEOUT,False,1.0.0-local-freeze,8,822056531,do_nothing,True,False,,,,0,40,0,40,0,,0.17969488045835502,0.4466407848844793,,1.977332518901676,0.0016503388178534806,4.570599412545562e-05,0.0,0.001604632823728025,0.0,640,5120,1.0,,,
PASS,False,1.0.0-local-freeze,8,822056531,retained_residual,True,True,13,8,13,0,13,0,13,1,14,0.033282465666297126,0.06970108193294619,0.9814453125,0.6418236019671895,0.0024171560653485358,0.0002954090014100075,0.0,0.0021217470639385283,0.0,208,1664,6.0,12,,
PASS,False,1.0.0-local-freeze,8,822056531,diagonal_secant,True,True,26,7,26,0,26,0,26,1,27,0.029346170278883605,0.03520480667830225,0.990234375,1.58088230289286,0.004636341007426381,0.0003219880163669586,0.0,0.0043143529910594225,0.0,416,3328,4.0,25,,
PASS,False,1.0.0-local-freeze,8,822056531,anderson_residual,True,True,14,12,14,0,14,0,14,1,15,0.028817385608918965,0.07091706786024214,0.98095703125,0.6761519578867592,0.004625605943147093,0.0002785769756883383,0.0,0.004347028967458755,0.0,224,1792,16.0,13,,
PASS,False,1.0.0-local-freeze,8,822056531,commissioned_pi,True,True,14,5,14,2,12,0,14,1,15,0.024676929576991104,0.03394776671109317,0.99072265625,0.763067904044874,0.0018349390593357384,5.771499127149582e-05,0.00034607399720698595,0.0014311500708572567,0.0,224,1792,3.0,11,,
FAIL_CONTRACT_TIMEOUT,False,1.0.0-local-freeze,8,822056531,spsa,True,False,,,,0,14,26,40,0,,0.17728719944000856,0.43649475770633295,,1.6876133640180342,0.0014599509886465967,0.00017953698989003897,0.0,0.0,0.0012804139987565577,640,5120,2.0,,,
PASS,False,1.0.0-local-freeze,8,822056531,oracle,False,True,3,1,3,0,3,0,3,1,4,0.021650882865048703,0.0,0.992431640625,0.21978377900086343,9.603297803550959e-05,2.8968031983822584e-05,0.0,6.7064946051687e-05,0.0,48,384,1.0,2,,
FAIL_CONTRACT_TIMEOUT,False,1.0.0-local-freeze,8,445399178,do_nothing,True,False,,,,0,40,0,40,0,,0.19379933713508285,0.45709095824560586,,1.6763235428952612,0.0014100557891651988,4.4351036194711924e-05,0.0,0.0013657047529704869,0.0,640,5120,1.0,,,
PASS,False,1.0.0-local-freeze,8,445399178,retained_residual,True,True,11,9,11,0,11,0,11,1,12,0.02528447188888164,0.04874643577944965,0.98828125,0.6456763700116426,0.0019917901372537017,0.0003299639793112874,0.0,0.0016618261579424143,0.0,176,1408,6.0,10,,
PASS,False,1.0.0-local-freeze,8,445399178,diagonal_secant,True,True,30,6,30,0,30,0,30,1,31,0.024180708510823008,0.03388658684577805,0.9892578125,1.289575265836902,0.004806238983292133,0.0002370199654251337,0.0,0.004569219017866999,0.0,480,3840,4.0,29,,
PASS,False,1.0.0-local-freeze,8,445399178,anderson_residual,True,True,20,9,20,0,20,0,20,1,21,0.023168610870873855,0.05019297624548524,0.986083984375,1.0226934508536942,0.006765202910173684,0.0003331159823574126,0.0,0.006432086927816272,0.0,320,2560,16.0,19,,
PASS,False,1.0.0-local-freeze,8,445399178,commissioned_pi,True,True,9,5,9,2,7,0,9,1,10,0.029337282924556028,0.08106522369413857,0.98193359375,0.40704321791417897,0.0007448680116795003,5.002698162570596e-05,9.689602302387357e-05,0.0005979450070299208,0.0,144,1152,3.0,6,,
FAIL_CONTRACT_TIMEOUT,False,1.0.0-local-freeze,8,445399178,spsa,True,False,,,,0,14,26,40,0,,0.1888449039351378,0.43977239956293085,,1.7219008729443885,0.0011602219892665744,0.00014330900739878416,0.0,0.0,0.0010169129818677902,640,5120,2.0,,,
PASS,False,1.0.0-local-freeze,8,445399178,oracle,False,True,3,1,3,0,3,0,3,1,4,0.020010224947258348,1.962615573354719e-17,0.991943359375,0.28618197597097605,9.39320307224989e-05,2.739299088716507e-05,0.0,6.653903983533382e-05,0.0,48,384,1.0,2,,
FAIL_CONTRACT_TIMEOUT,False,1.0.0-local-freeze,8,1242705187,do_nothing,True,False,,,,0,40,0,40,0,,0.19044332210929243,0.44463425712396515,,2.5861255318741314,0.0027405806467868388,3.243598621338606e-05,0.0,0.0027081446605734527,0.0,640,5120,1.0,,,
PASS,False,1.0.0-local-freeze,8,1242705187,retained_residual,True,True,10,8,10,0,10,0,10,1,11,0.023113716310935874,0.03276216718981147,0.986083984375,0.5316544341039844,0.0017795349704101682,0.00029124499997124076,0.0,0.0014882899704389274,0.0,160,1280,6.0,9,,
PASS,False,1.0.0-local-freeze,8,1242705187,diagonal_secant,True,True,16,11,16,0,16,0,16,1,17,0.027104145392121966,0.042242790961879044,0.986083984375,0.5992013090290129,0.0026750488323159516,0.0004711960209533572,0.0,0.0022038528113625944,0.0,256,2048,4.0,15,,
PASS,False,1.0.0-local-freeze,8,1242705187,anderson_residual,True,True,13,9,13,0,13,0,13,1,14,0.03153397753802141,0.05532252107940987,0.98193359375,0.6839815869461745,0.004666969936806709,0.0003157390165142715,0.0,0.004351230920292437,0.0,208,1664,16.0,12,,
PASS,False,1.0.0-local-freeze,8,1242705187,commissioned_pi,True,True,7,5,7,2,5,0,7,1,8,0.017651088601600858,0.05466180019124033,0.98388671875,0.29430804908042774,0.0006026729824952781,5.739298649132252e-05,0.00010996800847351551,0.0004353119875304401,0.0,112,896,3.0,4,,
FAIL_CONTRACT_TIMEOUT,False,1.0.0-local-freeze,8,1242705187,spsa,True,False,,,,0,14,26,40,0,,0.18477770340456293,0.4245712997391258,,1.6628586711594835,0.0007169301388785243,0.00015845999587327242,0.0,0.0,0.0005584701430052519,640,5120,2.0,,,
PASS,False,1.0.0-local-freeze,8,1242705187,oracle,False,True,4,2,4,0,4,0,4,1,5,0.02676556885507978,0.0,0.98876953125,0.22646152996458113,0.00013673794455826283,3.083300543949008e-05,0.0,0.00010590493911877275,0.0,64,512,1.0,3,,
