status,development_run,protocol_version,width,seed,controller,ranked,contract_success,acquisitions_to_contract,first_monitor_pass_acquisition,confirmed_monitor_entry_acquisition,commissioning_acquisitions,ordinary_monitor_acquisitions,probe_acquisitions,total_monitor_acquisitions,payload_validation_acquisitions,total_quantum_executions_to_usable,final_measured_monitor_rmse,final_evaluator_only_phase_rmse,payload_bitwise_zero_probability_at_entry,simulator_runtime_seconds,host_update_seconds,host_controller_initialization_seconds,host_commissioning_seconds,host_ordinary_update_seconds,host_probe_update_seconds,traffic_scalars,traffic_bytes_float64,controller_mutable_float_words_per_channel,controller_updates_to_contract,error_type,error_message
FAIL_CONTRACT_TIMEOUT,False,1.0.0-local-freeze,16,1239900679,do_nothing,True,False,,,,0,40,0,40,0,,0.1705337994010771,0.4458667840788376,,0.020432683115359396,0.0007431389531120658,1.4477991499006748e-05,0.0,0.000728660961613059,0.0,1280,10240,1.0,,,
PASS,False,1.0.0-local-freeze,16,1239900679,retained_residual,True,True,12,10,12,0,12,0,12,1,13,0.02468025052792031,0.04463171989319816,0.9927978515625,0.0032829809933900833,0.0012645910028368235,0.00013861001934856176,0.0,0.0011259809834882617,0.0,384,3072,6.0,11,,
PASS,False,1.0.0-local-freeze,16,1239900679,diagonal_secant,True,True,12,5,12,0,12,0,12,1,13,0.022825842835323372,0.03864128996727154,0.993408203125,0.005504304950591177,0.0015422170981764793,0.00024951499653980136,0.0,0.001292702101636678,0.0,384,3072,4.0,11,,
PASS,False,1.0.0-local-freeze,16,1239900679,anderson_residual,True,True,11,9,11,0,11,0,11,1,12,0.02770458286879445,0.049029088114102844,0.9921875,0.008739971905015409,0.0036334451870061457,0.0003471759846433997,0.0,0.003286269202362746,0.0,352,2816,16.0,10,,
PASS,False,1.0.0-local-freeze,16,1239900679,commissioned_pi,True,True,10,6,10,2,8,0,10,1,11,0.03464926631585598,0.05482652594552451,0.9913330078125,0.00957092602038756,0.0009826389723457396,0.00013552099699154496,0.00011963094584643841,0.0007274870295077562,0.0,320,2560,3.0,7,,
FAIL_CONTRACT_TIMEOUT,False,1.0.0-local-freeze,16,1239900679,spsa,True,False,,,,0,14,26,40,0,,0.1657639784089761,0.43457168478348135,,0.014384570007678121,0.0005463029956445098,0.00015228602569550276,0.0,0.0,0.00039401696994900703,1280,10240,2.0,,,
PASS,False,1.0.0-local-freeze,16,1239900679,oracle,False,True,3,1,3,0,3,0,3,1,4,0.024914607599802005,0.0,0.9959716796875,0.0020542260026559234,7.412699051201344e-05,2.836901694536209e-05,0.0,4.5757973566651344e-05,0.0,96,768,1.0,2,,
FAIL_CONTRACT_TIMEOUT,False,1.0.0-local-freeze,16,1573996,do_nothing,True,False,,,,0,40,0,40,0,,0.18752281725650233,0.4462035712938466,,0.023295715975109488,0.0012761480174958706,4.5872991904616356e-05,0.0,0.0012302750255912542,0.0,1280,10240,1.0,,,
PASS,False,1.0.0-local-freeze,16,1573996,retained_residual,True,True,19,9,19,0,19,0,19,1,20,0.030877335066275702,0.036101451796845034,0.9935302734375,0.013674347836058587,0.005088805046398193,0.00022738997358828783,0.0,0.004861415072809905,0.0,608,4864,6.0,18,,
PASS,False,1.0.0-local-freeze,16,1573996,diagonal_secant,True,True,22,12,22,0,22,0,22,1,23,0.02195306540375898,0.03813420269464331,0.9925537109375,0.018372770922724158,0.003860647091642022,0.0002684150240384042,0.0,0.003592232067603618,0.0,704,5632,4.0,21,,
PASS,False,1.0.0-local-freeze,16,1573996,anderson_residual,True,True,17,8,17,0,17,0,17,1,18,0.027971487177739826,0.05047822631196276,0.991455078125,0.014608412922825664,0.0077303979196585715,0.00038405897794291377,0.0,0.007346338941715658,0.0,544,4352,16.0,16,,
PASS,False,1.0.0-local-freeze,16,1573996,commissioned_pi,True,True,19,5,19,2,17,0,19,1,20,0.02934928021709998,0.04276194788773019,0.9920654296875,0.009468596894294024,0.0014076579245738685,9.153300197795033e-05,9.509100345894694e-05,0.0012210339191369712,0.0,608,4864,3.0,16,,
FAIL_CONTRACT_TIMEOUT,False,1.0.0-local-freeze,16,1573996,spsa,True,False,,,,0,14,26,40,0,,0.18229648152305072,0.43768760276574475,,0.018448983959387988,0.000793471175711602,0.0001619720133021474,0.0,0.0,0.0006314991624094546,1280,10240,2.0,,,
PASS,False,1.0.0-local-freeze,16,1573996,oracle,False,True,3,1,3,0,3,0,3,1,4,0.03149845773842051,3.469446951953614e-18,0.9951171875,0.002316070022061467,0.00010604498675093055,2.8882990591228008e-05,0.0,7.716199615970254e-05,0.0,96,768,1.0,2,,
FAIL_CONTRACT_TIMEOUT,False,1.0.0-local-freeze,16,1558604323,do_nothing,True,False,,,,0,40,0,40,0,,0.18520808158388252,0.45077133891099785,,0.014873453008476645,0.000836472085211426,2.604199107736349e-05,0.0,0.0008104300941340625,0.0,1280,10240,1.0,,,
PASS,False,1.0.0-local-freeze,16,1558604323,retained_residual,True,True,11,9,11,0,11,0,11,1,12,0.028264088560977334,0.051978529684785585,0.989990234375,0.006876629078760743,0.001673581195063889,0.00010883697541430593,0.0,0.001564744219649583,0.0,352,2816,6.0,10,,
PASS,False,1.0.0-local-freeze,16,1558604323,diagonal_secant,True,True,26,7,26,0,26,0,26,1,27,0.026384842224936114,0.04348601733428599,0.99169921875,0.015089534863363951,0.004376216733362526,0.00013951800065115094,0.0,0.004236698732711375,0.0,832,6656,4.0,25,,
PASS,False,1.0.0-local-freeze,16,1558604323,anderson_residual,True,True,14,7,14,0,14,0,14,1,15,0.03324584456699894,0.04491908554444894,0.9915771484375,0.008621017972473055,0.004388623929116875,0.0004035379970446229,0.0,0.003985085932072252,0.0,448,3584,16.0,13,,
PASS,False,1.0.0-local-freeze,16,1558604323,commissioned_pi,True,True,10,8,10,2,8,0,10,1,11,0.024621464015543576,0.05793947558382706,0.987548828125,0.00963760691229254,0.0016580108786001801,3.847299376502633e-05,0.00010108796413987875,0.001518449920695275,0.0,320,2560,3.0,7,,
FAIL_CONTRACT_TIMEOUT,False,1.0.0-local-freeze,16,1558604323,spsa,True,False,,,,0,14,26,40,0,,0.1799117016452496,0.43686675571573,,0.02274347876664251,0.0021065627224743366,0.001372279948554933,0.0,0.0,0.0007342827739194036,1280,10240,2.0,,,
PASS,False,1.0.0-local-freeze,16,1558604323,oracle,False,True,3,1,3,0,3,0,3,1,4,0.019334373025507168,1.3877787807814457e-17,0.9942626953125,0.001686517964117229,8.83189495652914e-05,3.847101470455527e-05,0.0,4.984793486073613e-05,0.0,96,768,1.0,2,,
FAIL_CONTRACT_TIMEOUT,False,1.0.0-local-freeze,16,1280968996,do_nothing,True,False,,,,0,40,0,40,0,,0.15591129308279453,0.4511586365472596,,0.02266981702996418,0.0010710408678278327,4.307896597310901e-05,0.0,0.0010279619018547237,0.0,1280,10240,1.0,,,
PASS,False,1.0.0-local-freeze,16,1280968996,retained_residual,True,True,10,8,10,0,10,0,10,1,11,0.030984826350615776,0.6544514926366618,0.97021484375,0.005344797973521054,0.0013019570615142584,0.00013337802374735475,0.0,0.0011685790377669036,0.0,320,2560,6.0,9,,
PASS,False,1.0.0-local-freeze,16,1280968996,diagonal_secant,True,True,16,8,16,0,16,0,16,1,17,0.019239342364950333,0.6566645395290134,0.9710693359375,0.010566765035036951,0.0025363891618326306,0.00019624200649559498,0.0,0.0023401471553370357,0.0,512,4096,4.0,15,,
PASS,False,1.0.0-local-freeze,16,1280968996,anderson_residual,True,True,14,9,14,0,14,0,14,1,15,0.02972217843289185,0.6720485704118822,0.9644775390625,0.008121029008179903,0.004707184969447553,0.0002958110417239368,0.0,0.004411373927723616,0.0,448,3584,16.0,13,,
FAIL_CONTRACT_TIMEOUT,False,1.0.0-local-freeze,16,1280968996,commissioned_pi,True,False,,28,,2,38,0,40,0,,0.05349417207740578,0.104037309663044,,0.014078253239858896,0.0022565920371562243,5.302904173731804e-05,0.0004089089925400913,0.001794654002878815,0.0,1280,10240,3.0,,,
FAIL_CONTRACT_TIMEOUT,False,1.0.0-local-freeze,16,1280968996,spsa,True,False,,,,0,14,26,40,0,,0.15381578701092363,0.44393791428130347,,0.0185987280565314,0.0006182881188578904,0.00011402595555409789,0.0,0.0,0.0005042621633037925,1280,10240,2.0,,,
PASS,False,1.0.0-local-freeze,16,1280968996,oracle,False,True,3,1,3,0,3,0,3,1,4,0.01912592888115945,0.0,0.9935302734375,0.001430991047527641,6.494001718237996e-05,2.5735003873705864e-05,0.0,3.92050133086741e-05,0.0,96,768,1.0,2,,
FAIL_CONTRACT_TIMEOUT,False,1.0.0-local-freeze,16,946144272,do_nothing,True,False,,,,0,40,0,40,0,,0.18741220167033626,0.4483247177700892,,0.021169229759834707,0.0053933990420773625,4.417099989950657e-05,0.0,0.005349228042177856,0.0,1280,10240,1.0,,,
PASS,False,1.0.0-local-freeze,16,946144272,retained_residual,True,True,11,9,11,0,11,0,11,1,12,0.027023345585380283,0.04330321422537298,0.9921875,0.006569839257281274,0.001757520018145442,0.00020403304370120168,0.0,0.0015534869744442403,0.0,352,2816,6.0,10,,
PASS,False,1.0.0-local-freeze,16,946144272,diagonal_secant,True,True,22,7,22,0,22,0,22,1,23,0.02455131099253829,0.03393652789317852,0.99365234375,0.010888823948334903,0.003026190970558673,0.0002421810058876872,0.0,0.002784009964670986,0.0,704,5632,4.0,21,,
PASS,False,1.0.0-local-freeze,16,946144272,anderson_residual,True,True,11,9,11,0,11,0,11,1,12,0.030030041196949204,0.04844672653382673,0.991455078125,0.003882627934217453,0.001810045971069485,0.0001681479625403881,0.0,0.0016418980085290968,0.0,352,2816,16.0,10,,
PASS,False,1.0.0-local-freeze,16,946144272,commissioned_pi,True,True,8,6,8,2,6,0,8,1,9,0.03482899408980334,0.0676519399887923,0.9876708984375,0.008092677046079189,0.0008702439372427762,5.38539607077837e-05,8.93609831109643e-05,0.0007270289934240282,0.0,256,2048,3.0,5,,
FAIL_CONTRACT_TIMEOUT,False,1.0.0-local-freeze,16,946144272,spsa,True,False,,,,0,14,26,40,0,,0.19044952289274167,0.4444641793822972,,0.016455152304843068,0.0004995120107196271,8.938898099586368e-05,0.0,0.0,0.00041012302972376347,1280,10240,2.0,,,
PASS,False,1.0.0-local-freeze,16,946144272,oracle,False,True,3,1,3,0,3,0,3,1,4,0.027450082296585094,6.938893903907228e-18,0.9952392578125,0.0024100199807435274,9.981897892430425e-05,3.823498263955116e-05,0.0,6.158399628475308e-05,0.0,96,768,1.0,2,,
FAIL_CONTRACT_TIMEOUT,False,1.0.0-local-freeze,16,1536741766,do_nothing,True,False,,,,0,40,0,40,0,,0.1903525954480153,0.44809078645968065,,0.04219895094865933,0.0014092689962126315,4.422996426001191e-05,0.0,0.0013650390319526196,0.0,1280,10240,1.0,,,
PASS,False,1.0.0-local-freeze,16,1536741766,retained_residual,True,True,8,6,8,0,8,0,8,1,9,0.024660015983792933,0.05457017954109888,0.9901123046875,0.005171385942958295,0.0014289579703472555,0.00041455402970314026,0.0,0.0010144039406441152,0.0,256,2048,6.0,7,,
FAIL_CONTRACT_TIMEOUT,False,1.0.0-local-freeze,16,1536741766,diagonal_secant,True,False,,7,,0,40,0,40,0,,0.09403043764472788,0.21829752470860994,,0.021852620760910213,0.007124334049876779,0.00012564798817038536,0.0,0.006998686061706394,0.0,1280,10240,4.0,,,
PASS,False,1.0.0-local-freeze,16,1536741766,anderson_residual,True,True,9,7,9,0,9,0,9,1,10,0.021078966399663657,0.05889752053333998,0.9893798828125,0.003656193148344755,0.001807929074857384,0.00012896099360659719,0.0,0.0016789680812507868,0.0,288,2304,16.0,8,,
PASS,False,1.0.0-local-freeze,16,1536741766,commissioned_pi,True,True,8,6,8,2,6,0,8,1,9,0.029350232173124848,0.057691277227466024,0.9893798828125,0.004992196918465197,0.0005369880236685276,5.264597712084651e-05,8.720404002815485e-05,0.00039713800651952624,0.0,256,2048,3.0,5,,
FAIL_CONTRACT_TIMEOUT,False,1.0.0-local-freeze,16,1536741766,spsa,True,False,,,,0,14,26,40,0,,0.18429423680828683,0.4403728070295627,,0.024506250047124922,0.0005468130111694336,8.19520209915936e-05,0.0,0.0,0.00046486099017784,1280,10240,2.0,,,
PASS,False,1.0.0-local-freeze,16,1536741766,oracle,False,True,3,1,3,0,3,0,3,1,4,0.017118593284443907,1.5517353602416792e-17,0.9952392578125,0.006958010024391115,0.00014577805995941162,3.3894029911607504e-05,0.0,0.00011188403004780412,0.0,96,768,1.0,2,,
FAIL_CONTRACT_TIMEOUT,False,1.0.0-local-freeze,16,2015248058,do_nothing,True,False,,,,0,40,0,40,0,,0.17979503606517377,0.45177761299375596,,0.023381150793284178,0.0010323500027880073,3.3934018574655056e-05,0.0,0.0009984159842133522,0.0,1280,10240,1.0,,,
PASS,False,1.0.0-local-freeze,16,2015248058,retained_residual,True,True,20,12,20,0,20,0,20,3,23,0.02464679416310957,0.8151345212826049,0.9556884765625,0.009740636334754527,0.004086224944330752,0.00010398996528238058,0.0,0.003982234979048371,0.0,640,5120,6.0,19,,
PASS,False,1.0.0-local-freeze,16,2015248058,diagonal_secant,True,True,11,4,11,0,11,0,11,1,12,0.024045760165442374,0.04150699530527837,0.9920654296875,0.007779058942105621,0.003059835988096893,0.00011256302241235971,0.0,0.002947272965684533,0.0,352,2816,4.0,10,,
PASS,False,1.0.0-local-freeze,16,2015248058,anderson_residual,True,True,23,14,23,0,23,0,23,1,24,0.03384546632720759,0.062417233292266464,0.989501953125,0.01445709983818233,0.00771483889548108,0.00035542401019483805,0.0,0.007359414885286242,0.0,736,5888,16.0,22,,
PASS,False,1.0.0-local-freeze,16,2015248058,commissioned_pi,True,True,7,5,7,2,5,0,7,1,8,0.032772696285482066,0.052367037848793235,0.9913330078125,0.0046223209938034415,0.00044402398634701967,6.829795893281698e-05,5.696597509086132e-05,0.00031876005232334137,0.0,224,1792,3.0,4,,
FAIL_CONTRACT_TIMEOUT,False,1.0.0-local-freeze,16,2015248058,spsa,True,False,,,,0,14,26,40,0,,0.17603225800428607,0.4414095298290622,,0.016308517078869045,0.0005162129527889192,8.845404954627156e-05,0.0,0.0,0.00042775890324264765,1280,10240,2.0,,,
PASS,False,1.0.0-local-freeze,16,2015248058,oracle,False,True,3,1,3,0,3,0,3,1,4,0.023991164572897624,2.7755575615628914e-17,0.9951171875,0.0032616949756629765,9.75090661086142e-05,2.3675034753978252e-05,0.0,7.383403135463595e-05,0.0,96,768,1.0,2,,
FAIL_CONTRACT_TIMEOUT,False,1.0.0-local-freeze,16,1062974352,do_nothing,True,False,,,,0,40,0,40,0,,0.1722316725784579,0.45036544094994346,,0.020375564286950976,0.001311663188971579,3.5631994251161814e-05,0.0,0.0012760311947204173,0.0,1280,10240,1.0,,,
PASS,False,1.0.0-local-freeze,16,1062974352,retained_residual,True,True,11,9,11,0,11,0,11,1,12,0.03227565378609857,0.03898710820379019,0.9921875,0.006054601108189672,0.001745405897963792,0.0002183410106226802,0.0,0.001527064887341112,0.0,352,2816,6.0,10,,
PASS,False,1.0.0-local-freeze,16,1062974352,diagonal_secant,True,True,35,10,35,0,35,0,35,1,36,0.018895482867214236,0.023254179291646464,0.993408203125,0.015739256923552603,0.004876607097685337,0.0001624759752303362,0.0,0.004714131122455001,0.0,1120,8960,4.0,34,,
PASS,False,1.0.0-local-freeze,16,1062974352,anderson_residual,True,True,33,14,33,0,33,0,33,1,34,0.029738217248400544,0.06355343814902045,0.988037109375,0.01681177387945354,0.012382547894958407,0.00020385097013786435,0.0,0.012178696924820542,0.0,1056,8448,16.0,32,,
PASS,False,1.0.0-local-freeze,16,1062974352,commissioned_pi,True,True,10,6,10,2,8,0,10,1,11,0.031412773593511106,0.0660214174342249,0.9873046875,0.004296409024391323,0.0008081269334070385,3.608496626839042e-05,4.680897109210491e-05,0.0007252329960465431,0.0,320,2560,3.0,7,,
FAIL_CONTRACT_TIMEOUT,False,1.0.0-local-freeze,16,1062974352,spsa,True,False,,,,0,14,26,40,0,,0.16612942105331258,0.44202307381848605,,0.02577638195361942,0.0005495089571923018,6.852002115920186e-05,0.0,0.0,0.0004809889360330999,1280,10240,2.0,,,
PASS,False,1.0.0-local-freeze,16,1062974352,oracle,False,True,3,1,3,0,3,0,3,1,4,0.0236477954123278,0.0,0.9942626953125,0.005237513978499919,0.00011501304106786847,4.024000372737646e-05,0.0,7.477303734049201e-05,0.0,96,768,1.0,2,,
FAIL_CONTRACT_TIMEOUT,False,1.0.0-local-freeze,16,317314755,do_nothing,True,False,,,,0,40,0,40,0,,0.17166550830532037,0.4477538507712712,,0.017062194005120546,0.0013236161321401596,4.184199497103691e-05,0.0,0.0012817741371691227,0.0,1280,10240,1.0,,,
PASS,False,1.0.0-local-freeze,16,317314755,retained_residual,True,True,13,8,13,0,13,0,13,1,14,0.024932917357887243,0.0379852268660649,0.9923095703125,0.0032590609043836594,0.0011704809730872512,0.00010957702761515975,0.0,0.0010609039454720914,0.0,416,3328,6.0,12,,
PASS,False,1.0.0-local-freeze,16,317314755,diagonal_secant,True,True,10,8,10,0,10,0,10,1,11,0.03280087446713101,0.04652964787882257,0.9913330078125,0.0024876000243239105,0.000693082925863564,0.00011159398127347231,0.0,0.0005814889445900917,0.0,320,2560,4.0,9,,
PASS,False,1.0.0-local-freeze,16,317314755,anderson_residual,True,True,9,7,9,0,9,0,9,1,10,0.02939493933106086,0.04655332439773459,0.9913330078125,0.004091390059329569,0.002658108074683696,0.00017676001880317926,0.0,0.0024813480558805168,0.0,288,2304,16.0,8,,
PASS,False,1.0.0-local-freeze,16,317314755,commissioned_pi,True,True,8,6,8,2,6,0,8,1,9,0.03411297418230544,0.04597304618253895,0.990966796875,0.0040920040919445455,0.00039741588989272714,5.2723975386470556e-05,8.047797018662095e-05,0.00026421394431963563,0.0,256,2048,3.0,5,,
FAIL_CONTRACT_TIMEOUT,False,1.0.0-local-freeze,16,317314755,spsa,True,False,,,,0,14,26,40,0,,0.1694593712274123,0.4413058844766002,,0.04001486604101956,0.0006557631422765553,0.00013822398614138365,0.0,0.0,0.0005175391561351717,1280,10240,2.0,,,
PASS,False,1.0.0-local-freeze,16,317314755,oracle,False,True,3,1,3,0,3,0,3,1,4,0.020121338795595568,1.3877787807814457e-17,0.9952392578125,0.002055320015642792,9.768904419615865e-05,3.418501000851393e-05,0.0,6.350403418764472e-05,0.0,96,768,1.0,2,,
FAIL_CONTRACT_TIMEOUT,False,1.0.0-local-freeze,16,1833476299,do_nothing,True,False,,,,0,40,0,40,0,,0.17249801816009167,0.4492676752513779,,0.025730517343617976,0.0014034502673894167,4.3714011553674936e-05,0.0,0.0013597362558357418,0.0,1280,10240,1.0,,,
PASS,False,1.0.0-local-freeze,16,1833476299,retained_residual,True,True,13,8,13,0,13,0,13,1,14,0.023103963330483132,0.04739097123548821,0.9937744140625,0.004659451136831194,0.0013311979128047824,0.00012182298814877868,0.0,0.0012093749246560037,0.0,416,3328,6.0,12,,
PASS,False,1.0.0-local-freeze,16,1833476299,diagonal_secant,True,True,9,7,9,0,9,0,9,1,10,0.025853054161532663,0.04259380728626319,0.9945068359375,0.003666551026981324,0.000758851005230099,0.00012195296585559845,0.0,0.0006368980393745005,0.0,288,2304,4.0,8,,
PASS,False,1.0.0-local-freeze,16,1833476299,anderson_residual,True,True,9,7,9,0,9,0,9,1,10,0.025585381305269342,0.02537514914284587,0.9959716796875,0.007413745915982872,0.003416751977056265,0.0002688089734874666,0.0,0.0031479430035687983,0.0,288,2304,16.0,8,,
PASS,False,1.0.0-local-freeze,16,1833476299,commissioned_pi,True,True,10,6,10,2,8,0,10,1,11,0.02590487634585492,0.05276592824757125,0.99267578125,0.003618809045292437,0.0004214021028019488,4.055100725963712e-05,4.832702688872814e-05,0.0003325240686535835,0.0,320,2560,3.0,7,,
FAIL_CONTRACT_TIMEOUT,False,1.0.0-local-freeze,16,1833476299,spsa,True,False,,,,0,14,26,40,0,,0.1724294151970118,0.4401550554137666,,0.02522112982114777,0.000561714987270534,0.00023325602523982525,0.0,0.0,0.0003284589620307088,1280,10240,2.0,,,
PASS,False,1.0.0-local-freeze,16,1833476299,oracle,False,True,3,1,3,0,3,0,3,1,4,0.024807093345932712,0.0,0.9969482421875,0.001350281061604619,6.19830098003149e-05,2.7592002879828215e-05,0.0,3.439100692048669e-05,0.0,96,768,1.0,2,,
FAIL_CONTRACT_TIMEOUT,False,1.0.0-local-freeze,16,1883236474,do_nothing,True,False,,,,0,40,0,40,0,,0.17705763368554364,0.4521895583089546,,0.023498908965848386,0.0009652221924625337,3.9019971154630184e-05,0.0,0.0009262022213079035,0.0,1280,10240,1.0,,,
PASS,False,1.0.0-local-freeze,16,1883236474,retained_residual,True,True,20,11,20,0,20,0,20,1,21,0.022596860194053013,0.055928074408191565,0.9923095703125,0.013495065097231418,0.0022928902180865407,0.00010596099309623241,0.0,0.0021869292249903083,0.0,640,5120,6.0,19,,
PASS,False,1.0.0-local-freeze,16,1883236474,diagonal_secant,True,True,29,8,29,0,29,0,29,1,30,0.03381215447550738,0.051362560979438324,0.9930419921875,0.0102182399132289,0.0032408488914370537,0.00013479997869580984,0.0,0.003106048912741244,0.0,928,7424,4.0,28,,
PASS,False,1.0.0-local-freeze,16,1883236474,anderson_residual,True,True,14,9,14,0,14,0,14,1,15,0.03219765030894608,0.06222773450173508,0.98974609375,0.010778602969367057,0.007352601911406964,0.0002793179592117667,0.0,0.007073283952195197,0.0,448,3584,16.0,13,,
PASS,False,1.0.0-local-freeze,16,1883236474,commissioned_pi,True,True,16,5,16,2,14,0,16,1,17,0.025982057377445696,0.056441729809167285,0.9920654296875,0.011730123835150152,0.0018478638958185911,5.4983014706522226e-05,8.223799522966146e-05,0.0017106428858824074,0.0,512,4096,3.0,13,,
FAIL_CONTRACT_TIMEOUT,False,1.0.0-local-freeze,16,1883236474,spsa,True,False,,,,0,14,26,40,0,,0.17415267135965443,0.4435073829401859,,0.027874361840076745,0.0006932321120984852,0.0001159579842351377,0.0,0.0,0.0005772741278633475,1280,10240,2.0,,,
PASS,False,1.0.0-local-freeze,16,1883236474,oracle,False,True,3,1,3,0,3,0,3,1,4,0.027490223533939914,0.0,0.9967041015625,0.0020859529613517225,0.00013762898743152618,2.6287976652383804e-05,0.0,0.00011134101077914238,0.0,96,768,1.0,2,,
FAIL_CONTRACT_TIMEOUT,False,1.0.0-local-freeze,16,812473704,do_nothing,True,False,,,,0,40,0,40,0,,0.1797970147809027,0.4542970745888763,,0.0247140119317919,0.002098640485201031,0.00011841102968901396,0.0,0.001980229455512017,0.0,1280,10240,1.0,,,
PASS,False,1.0.0-local-freeze,16,812473704,retained_residual,True,True,11,9,11,0,11,0,11,1,12,0.02197875891814989,0.05767793033385313,0.9884033203125,0.0040434139664284885,0.0012869699858129025,0.0003533160197548568,0.0,0.0009336539660580456,0.0,352,2816,6.0,10,,
PASS,False,1.0.0-local-freeze,16,812473704,diagonal_secant,True,True,23,5,23,0,23,0,23,1,24,0.013729518895510245,0.02847953036661982,0.9927978515625,0.013992446067277342,0.004015722020994872,0.0001808580127544701,0.0,0.0038348640082404017,0.0,736,5888,4.0,22,,
PASS,False,1.0.0-local-freeze,16,812473704,anderson_residual,True,True,11,9,11,0,11,0,11,1,12,0.022267043754483597,0.05066573313050818,0.9901123046875,0.008746659848839045,0.007031339046079665,0.0002835949999280274,0.0,0.006747744046151638,0.0,352,2816,16.0,10,,
PASS,False,1.0.0-local-freeze,16,812473704,commissioned_pi,True,True,7,5,7,2,5,0,7,1,8,0.03292686875701921,0.06773236668137542,0.98583984375,0.0022200398962013423,0.00024553597904741764,4.0907005313783884e-05,4.651298513635993e-05,0.00015811598859727383,0.0,224,1792,3.0,4,,
FAIL_CONTRACT_TIMEOUT,False,1.0.0-local-freeze,16,812473704,spsa,True,False,,,,0,14,26,40,0,,0.17398141681158713,0.43691620153108124,,0.023355413926765323,0.0006412948132492602,0.00010704697342589498,0.0,0.0,0.0005342478398233652,1280,10240,2.0,,,
PASS,False,1.0.0-local-freeze,16,812473704,oracle,False,True,3,1,3,0,3,0,3,1,4,0.02374385252245373,3.179800655392251e-17,0.9942626953125,0.005207395006436855,0.00011976901441812515,2.44450056925416e-05,0.0,9.532400872558355e-05,0.0,96,768,1.0,2,,
FAIL_CONTRACT_TIMEOUT,False,1.0.0-local-freeze,16,1612189033,do_nothing,True,False,,,,0,40,0,40,0,,0.16690037529067786,0.4521584390030066,,0.023966873006429523,0.0012114288401789963,4.0390994399785995e-05,0.0,0.0011710378457792103,0.0,1280,10240,1.0,,,
PASS,False,1.0.0-local-freeze,16,1612189033,retained_residual,True,True,9,7,9,0,9,0,9,1,10,0.024294982419405062,0.05158668167768807,0.991455078125,0.0035827269311994314,0.0012090610689483583,0.00012791302287951112,0.0,0.0010811480460688472,0.0,288,2304,6.0,8,,
PASS,False,1.0.0-local-freeze,16,1612189033,diagonal_secant,True,True,12,5,12,0,12,0,12,1,13,0.02827575071621614,0.06514528344665653,0.9874267578125,0.006657363090198487,0.001907535013742745,0.00024200702318921685,0.0,0.001665527990553528,0.0,384,3072,4.0,11,,
PASS,False,1.0.0-local-freeze,16,1612189033,anderson_residual,True,True,9,7,9,0,9,0,9,1,10,0.029380868670454422,0.059188752203911094,0.9898681640625,0.0050507900305092335,0.0023562749847769737,0.0003449729993008077,0.0,0.002011301985476166,0.0,288,2304,16.0,8,,
PASS,False,1.0.0-local-freeze,16,1612189033,commissioned_pi,True,True,10,6,10,2,8,0,10,1,11,0.027905484363095836,0.03614137530441573,0.9931640625,0.0051306961686350405,0.0007308999192900956,6.078300066292286e-05,9.62020130828023e-05,0.0005739149055443704,0.0,320,2560,3.0,7,,
FAIL_CONTRACT_TIMEOUT,False,1.0.0-local-freeze,16,1612189033,spsa,True,False,,,,0,14,26,40,0,,0.16247328162619218,0.44078855425189367,,0.018816733150742948,0.0005849369917996228,9.886996122077107e-05,0.0,0.0,0.0004860670305788517,1280,10240,2.0,,,
PASS,False,1.0.0-local-freeze,16,1612189033,oracle,False,True,3,1,3,0,3,0,3,1,4,0.012954846708317614,1.4304896245381992e-17,0.9952392578125,0.0013844050117768347,5.383690586313605e-05,2.1496962290257215e-05,0.0,3.233994357287884e-05,0.0,96,768,1.0,2,,
FAIL_CONTRACT_TIMEOUT,False,1.0.0-local-freeze,16,1990616316,do_nothing,True,False,,,,0,40,0,40,0,,0.18075929142390273,0.4506118657175895,,0.024997960892505944,0.004545758885797113,6.930099334567785e-05,0.0,0.004476457892451435,0.0,1280,10240,1.0,,,
PASS,False,1.0.0-local-freeze,16,1990616316,retained_residual,True,True,11,9,11,0,11,0,11,1,12,0.027058269139178366,0.042771189350935136,0.990966796875,0.007028014864772558,0.0016098709893412888,0.00016335496911779046,0.0,0.0014465160202234983,0.0,352,2816,6.0,10,,
PASS,False,1.0.0-local-freeze,16,1990616316,diagonal_secant,True,True,19,13,19,0,19,0,19,1,20,0.02910237919218315,0.04146729471540219,0.9910888671875,0.00839358096709475,0.001970039971638471,0.00021688698325306177,0.0,0.0017531529883854091,0.0,608,4864,4.0,18,,
PASS,False,1.0.0-local-freeze,16,1990616316,anderson_residual,True,True,10,8,10,0,10,0,10,1,11,0.02354209132922713,0.06857077157124132,0.98779296875,0.004664966952987015,0.002284318092279136,0.00019641203107312322,0.0,0.002087906061206013,0.0,320,2560,16.0,9,,
PASS,False,1.0.0-local-freeze,16,1990616316,commissioned_pi,True,True,11,5,11,2,9,0,11,1,12,0.03466490611128154,0.06269228355808297,0.98828125,0.0029664600151591003,0.00041824200889095664,3.7182995583862066e-05,5.3697964176535606e-05,0.00032736104913055897,0.0,352,2816,3.0,8,,
FAIL_CONTRACT_TIMEOUT,False,1.0.0-local-freeze,16,1990616316,spsa,True,False,,,,0,14,26,40,0,,0.18290653866735818,0.44425056826318876,,0.022882255900185555,0.0005839899531565607,7.359503069892526e-05,0.0,0.0,0.0005103949224576354,1280,10240,2.0,,,
PASS,False,1.0.0-local-freeze,16,1990616316,oracle,False,True,3,1,3,0,3,0,3,1,4,0.020289301462863056,6.938893903907228e-18,0.9942626953125,0.0020865039550699294,9.983999188989401e-05,3.863999154418707e-05,0.0,6.120000034570694e-05,0.0,96,768,1.0,2,,
FAIL_CONTRACT_TIMEOUT,False,1.0.0-local-freeze,16,195957893,do_nothing,True,False,,,,0,40,0,40,0,,0.178260297588837,0.45079095799119023,,0.025393327290657908,0.0013425619108602405,4.91419923491776e-05,0.0,0.0012934199185110629,0.0,1280,10240,1.0,,,
PASS,False,1.0.0-local-freeze,16,195957893,retained_residual,True,True,12,10,12,0,12,0,12,1,13,0.024766890195665296,0.05232860292430864,0.990966796875,0.007607600942719728,0.0012057761196047068,0.00012193102156743407,0.0,0.0010838450980372727,0.0,384,3072,6.0,11,,
PASS,False,1.0.0-local-freeze,16,195957893,diagonal_secant,True,True,13,11,13,0,13,0,13,1,14,0.023767218371466482,0.047311751220374766,0.991943359375,0.010377847007475793,0.002185205987188965,0.00015376601368188858,0.0,0.0020314399735070765,0.0,416,3328,4.0,12,,
PASS,False,1.0.0-local-freeze,16,195957893,anderson_residual,True,True,12,10,12,0,12,0,12,1,13,0.0349190444993955,0.06047632193951499,0.9896240234375,0.0036300859646871686,0.0019287839531898499,0.0001225859741680324,0.0,0.0018061979790218174,0.0,384,3072,16.0,11,,
PASS,False,1.0.0-local-freeze,16,195957893,commissioned_pi,True,True,13,8,13,2,11,0,13,1,14,0.031060718454586165,0.08057248370178477,0.985107421875,0.008083979948423803,0.00119016197277233,7.28919985704124e-05,0.00010264798766002059,0.001014621986541897,0.0,416,3328,3.0,10,,
FAIL_CONTRACT_TIMEOUT,False,1.0.0-local-freeze,16,195957893,spsa,True,False,,,,0,14,26,40,0,,0.17299204575576285,0.4410659807488475,,0.020884867932181805,0.0006188839906826615,0.00011669803643599153,0.0,0.0,0.00050218595424667,1280,10240,2.0,,,
PASS,False,1.0.0-local-freeze,16,195957893,oracle,False,True,3,1,3,0,3,0,3,1,4,0.02718977491134796,1.5899003276961254e-17,0.9949951171875,0.0023749570245854557,0.00010679394472390413,3.778398968279362e-05,0.0,6.900995504111052e-05,0.0,96,768,1.0,2,,
FAIL_CONTRACT_TIMEOUT,False,1.0.0-local-freeze,16,561759483,do_nothing,True,False,,,,0,40,0,40,0,,0.18563848542829148,0.4473347363986952,,0.0167061131214723,0.0009769751923158765,3.2208976335823536e-05,0.0,0.000944766215980053,0.0,1280,10240,1.0,,,
PASS,False,1.0.0-local-freeze,16,561759483,retained_residual,True,True,11,9,11,0,11,0,11,1,12,0.020965553961107684,0.037062110976399575,0.99365234375,0.007711501209996641,0.0018995078862644732,0.0002213790430687368,0.0,0.0016781288431957364,0.0,352,2816,6.0,10,,
PASS,False,1.0.0-local-freeze,16,561759483,diagonal_secant,True,True,21,9,21,0,21,0,21,1,22,0.03095343054399652,0.039913005587040466,0.9927978515625,0.016815965878777206,0.005872468929737806,0.00021578598534688354,0.0,0.005656682944390923,0.0,672,5376,4.0,20,,
PASS,False,1.0.0-local-freeze,16,561759483,anderson_residual,True,True,11,9,11,0,11,0,11,1,12,0.02201263182133245,0.04738472979299431,0.9918212890625,0.006221768155228347,0.004538916051387787,0.0002542210277169943,0.0,0.004284695023670793,0.0,352,2816,16.0,10,,
PASS,False,1.0.0-local-freeze,16,561759483,commissioned_pi,True,True,9,4,9,2,7,0,9,1,10,0.02831241892283033,0.03730846828010418,0.9931640625,0.007830802933312953,0.0006955189164727926,5.592801608145237e-05,9.889097418636084e-05,0.0005406999262049794,0.0,288,2304,3.0,6,,
FAIL_CONTRACT_TIMEOUT,False,1.0.0-local-freeze,16,561759483,spsa,True,False,,,,0,14,26,40,0,,0.1798848436802142,0.42990526980474075,,0.02235169621417299,0.0012275489862076938,0.0001856079907156527,0.0,0.0,0.0010419409954920411,1280,10240,2.0,,,
PASS,False,1.0.0-local-freeze,16,561759483,oracle,False,True,3,1,3,0,3,0,3,1,4,0.024696245213881897,2.7755575615628914e-17,0.9954833984375,0.0014958648825995624,7.779995212331414e-05,3.628997365012765e-05,0.0,4.150997847318649e-05,0.0,96,768,1.0,2,,
FAIL_CONTRACT_TIMEOUT,False,1.0.0-local-freeze,16,295370387,do_nothing,True,False,,,,0,40,0,40,0,,0.17976348762949143,0.4529512169316341,,0.026280938182026148,0.001534844166599214,4.054501187056303e-05,0.0,0.001494299154728651,0.0,1280,10240,1.0,,,
PASS,False,1.0.0-local-freeze,16,295370387,retained_residual,True,True,10,8,10,0,10,0,10,1,11,0.029460450331514905,0.038362561120688365,0.9930419921875,0.009873703063931316,0.0021827397868037224,0.00021814799401909113,0.0,0.0019645917927846313,0.0,320,2560,6.0,9,,
PASS,False,1.0.0-local-freeze,16,295370387,diagonal_secant,True,True,21,13,21,0,21,0,21,1,22,0.027018382366925723,0.7871618374235342,0.960693359375,0.0076951051014475524,0.0036044870503246784,0.00010881799971684813,0.0,0.0034956690506078303,0.0,672,5376,4.0,20,,
PASS,False,1.0.0-local-freeze,16,295370387,anderson_residual,True,True,9,7,9,0,9,0,9,1,10,0.02334353365919168,0.038161197206104634,0.993408203125,0.004632433992810547,0.002496035012882203,0.00018974801059812307,0.0,0.00230628700228408,0.0,288,2304,16.0,8,,
FAIL_CONTRACT_TIMEOUT,False,1.0.0-local-freeze,16,295370387,commissioned_pi,True,False,,6,,2,38,0,40,0,,0.057951522899625366,0.1260085838985874,,0.022765818051993847,0.004485306155402213,8.030503522604704e-05,9.767099982127547e-05,0.004307330120354891,0.0,1280,10240,3.0,,,
FAIL_CONTRACT_TIMEOUT,False,1.0.0-local-freeze,16,295370387,spsa,True,False,,,,0,14,26,40,0,,0.17803213308716964,0.44707344775904656,,0.03172412107232958,0.0009748220909386873,0.00013503298396244645,0.0,0.0,0.0008397891069762409,1280,10240,2.0,,,
PASS,False,1.0.0-local-freeze,16,295370387,oracle,False,True,3,1,3,0,3,0,3,1,4,0.020034784228403216,1.962615573354719e-17,0.995361328125,0.0012488079373724759,7.315492257475853e-05,2.5305955205112696e-05,0.0,4.7848967369645834e-05,0.0,96,768,1.0,2,,
FAIL_CONTRACT_TIMEOUT,False,1.0.0-local-freeze,16,2134251794,do_nothing,True,False,,,,0,40,0,40,0,,0.17214163775222724,0.44778976606008547,,0.015910157875623554,0.0009722111281007528,3.9484992157667875e-05,0.0,0.000932726135943085,0.0,1280,10240,1.0,,,
PASS,False,1.0.0-local-freeze,16,2134251794,retained_residual,True,True,9,7,9,0,9,0,9,1,10,0.028102630090146852,0.04991478215663048,0.990966796875,0.006061346037313342,0.0012788958847522736,0.0001897619804367423,0.0,0.0010891339043155313,0.0,288,2304,6.0,8,,
PASS,False,1.0.0-local-freeze,16,2134251794,diagonal_secant,True,True,28,9,28,0,28,0,28,1,29,0.03495556454422113,0.04181544509147432,0.99267578125,0.012561752693727612,0.0036020399420522153,0.00017933297203853726,0.0,0.003422706970013678,0.0,896,7168,4.0,27,,
PASS,False,1.0.0-local-freeze,16,2134251794,anderson_residual,True,True,10,8,10,0,10,0,10,1,11,0.032626302667531956,0.05516615237120593,0.989990234375,0.006040423177182674,0.0027849780744872987,0.0002565769827924669,0.0,0.002528401091694832,0.0,320,2560,16.0,9,,
PASS,False,1.0.0-local-freeze,16,2134251794,commissioned_pi,True,True,10,8,10,2,8,0,10,1,11,0.034183992387245156,0.053637554738914225,0.990234375,0.00698754214681685,0.0006969550158828497,6.088003283366561e-05,0.00010430702241137624,0.0005317679606378078,0.0,320,2560,3.0,7,,
FAIL_CONTRACT_TIMEOUT,False,1.0.0-local-freeze,16,2134251794,spsa,True,False,,,,0,14,26,40,0,,0.16977570264654313,0.4409901690486554,,0.02196505799656734,0.000499760964885354,0.00011358002666383982,0.0,0.0,0.0003861809382215142,1280,10240,2.0,,,
PASS,False,1.0.0-local-freeze,16,2134251794,oracle,False,True,3,1,3,0,3,0,3,1,4,0.03159611479363751,6.938893903907228e-18,0.994873046875,0.0011202070163562894,5.6507939007133245e-05,2.3707980290055275e-05,0.0,3.279995871707797e-05,0.0,96,768,1.0,2,,
FAIL_CONTRACT_TIMEOUT,False,1.0.0-local-freeze,16,1411606814,do_nothing,True,False,,,,0,40,0,40,0,,0.190262138800281,0.450843884775164,,0.02905869612004608,0.001246526895556599,7.026101229712367e-05,0.0,0.0011762658832594752,0.0,1280,10240,1.0,,,
PASS,False,1.0.0-local-freeze,16,1411606814,retained_residual,True,True,13,9,13,0,13,0,13,1,14,0.025912137557796703,0.050721023214331896,0.9912109375,0.00962295796489343,0.0031583858653903008,0.0001369439996778965,0.0,0.0030214418657124043,0.0,416,3328,6.0,12,,
PASS,False,1.0.0-local-freeze,16,1411606814,diagonal_secant,True,True,17,6,17,0,17,0,17,1,18,0.028280163949588315,0.040996972536664934,0.9925537109375,0.009943489043507725,0.0030833769706077874,0.00022931699641048908,0.0,0.0028540599741972983,0.0,544,4352,4.0,16,,
PASS,False,1.0.0-local-freeze,16,1411606814,anderson_residual,True,True,10,8,10,0,10,0,10,1,11,0.02973395778184889,0.054679155398019756,0.990234375,0.004788570222444832,0.003434739075601101,0.00032137398375198245,0.0,0.0031133650918491185,0.0,320,2560,16.0,9,,
PASS,False,1.0.0-local-freeze,16,1411606814,commissioned_pi,True,True,11,6,11,2,9,0,11,1,12,0.025817654656118485,0.06409850263173804,0.9891357421875,0.009119478054344654,0.0011195060214959085,6.166298408061266e-05,9.14839911274612e-05,0.0009663590462878346,0.0,352,2816,3.0,8,,
FAIL_CONTRACT_TIMEOUT,False,1.0.0-local-freeze,16,1411606814,spsa,True,False,,,,0,14,26,40,0,,0.1859034074254045,0.445909829406277,,0.018179095175582916,0.0005943408468738198,0.00022180099040269852,0.0,0.0,0.0003725398564711213,1280,10240,2.0,,,
PASS,False,1.0.0-local-freeze,16,1411606814,oracle,False,True,3,1,3,0,3,0,3,1,4,0.021774928211308425,3.1031676915590914e-17,0.9952392578125,0.0019692130153998733,6.921699969097972e-05,3.45699954777956e-05,0.0,3.464700421318412e-05,0.0,96,768,1.0,2,,
FAIL_CONTRACT_TIMEOUT,False,1.0.0-local-freeze,16,2130388698,do_nothing,True,False,,,,0,40,0,40,0,,0.18367270537220745,0.4477669979466746,,0.015770135971251875,0.001310064923018217,2.914504148066044e-05,0.0,0.0012809198815375566,0.0,1280,10240,1.0,,,
PASS,False,1.0.0-local-freeze,16,2130388698,retained_residual,True,True,18,11,18,0,18,0,18,1,19,0.016103105510904936,0.028239698301295114,0.9913330078125,0.006689497909974307,0.002051982970442623,0.00011203298345208168,0.0,0.0019399499869905412,0.0,576,4608,6.0,17,,
PASS,False,1.0.0-local-freeze,16,2130388698,diagonal_secant,True,True,11,6,11,0,11,0,11,1,12,0.029008077713226315,0.05436501489767339,0.9879150390625,0.006793720123823732,0.0018090600497089326,0.0002094440278597176,0.0,0.001599616021849215,0.0,352,2816,4.0,10,,
PASS,False,1.0.0-local-freeze,16,2130388698,anderson_residual,True,True,12,10,12,0,12,0,12,1,13,0.0330974918083609,0.07878892244114416,0.983154296875,0.005638548987917602,0.0025903030182234943,0.00017455097986385226,0.0,0.002415752038359642,0.0,384,3072,16.0,11,,
PASS,False,1.0.0-local-freeze,16,2130388698,commissioned_pi,True,True,13,7,13,2,11,0,13,1,14,0.03408057966666132,0.0612884624615856,0.9869384765625,0.005319610005244613,0.0006314979400485754,5.3387018851935863e-05,7.244298467412591e-05,0.0005056679365225136,0.0,416,3328,3.0,10,,
FAIL_CONTRACT_TIMEOUT,False,1.0.0-local-freeze,16,2130388698,spsa,True,False,,,,0,14,26,40,0,,0.1765144316470941,0.42816814553368815,,0.021003209985792637,0.000799720932263881,0.000140600954182446,0.0,0.0,0.000659119978081435,1280,10240,2.0,,,
PASS,False,1.0.0-local-freeze,16,2130388698,oracle,False,True,3,1,3,0,3,0,3,1,4,0.021461474611541284,1.962615573354719e-17,0.9927978515625,0.002512703067623079,0.00011014798656105995,3.5415985621511936e-05,0.0,7.473200093954802e-05,0.0,96,768,1.0,2,,
FAIL_CONTRACT_TIMEOUT,False,1.0.0-local-freeze,16,305030663,do_nothing,True,False,,,,0,40,0,40,0,,0.17464982530711817,0.44770599811871137,,0.025453862035647035,0.0012371029006317258,3.337999805808067e-05,0.0,0.0012037229025736451,0.0,1280,10240,1.0,,,
PASS,False,1.0.0-local-freeze,16,305030663,retained_residual,True,True,10,8,10,0,10,0,10,1,11,0.029059978191114198,0.04223567906329178,0.9921875,0.006537504785228521,0.0016863418859429657,0.0001898829941637814,0.0,0.0014964588917791843,0.0,320,2560,6.0,9,,
PASS,False,1.0.0-local-freeze,16,305030663,diagonal_secant,True,True,20,5,20,0,20,0,20,1,21,0.030025388882045836,0.038964932533379605,0.992919921875,0.008407058019656688,0.002928406116552651,0.00018315203487873077,0.0,0.00274525408167392,0.0,640,5120,4.0,19,,
PASS,False,1.0.0-local-freeze,16,305030663,anderson_residual,True,True,10,8,10,0,10,0,10,1,11,0.029023035080020815,0.05094667236097207,0.9913330078125,0.006781936157494783,0.0038343690684996545,0.00029689003713428974,0.0,0.003537479031365365,0.0,320,2560,16.0,9,,
PASS,False,1.0.0-local-freeze,16,305030663,commissioned_pi,True,True,10,5,10,2,8,0,10,1,11,0.029093801500416214,0.05961821801464853,0.9881591796875,0.0068245859001763165,0.0008426799904555082,6.56939810141921e-05,9.096896974369884e-05,0.0006860170396976173,0.0,320,2560,3.0,7,,
FAIL_CONTRACT_TIMEOUT,False,1.0.0-local-freeze,16,305030663,spsa,True,False,,,,0,14,26,40,0,,0.17248946587905864,0.440434327773429,,0.02177894994383678,0.0011406130506657064,0.0001797869917936623,0.0,0.0,0.0009608260588720441,1280,10240,2.0,,,
PASS,False,1.0.0-local-freeze,16,305030663,oracle,False,True,3,1,3,0,3,0,3,1,4,0.018344796256490666,2.8609792490763984e-17,0.9952392578125,0.001341713999863714,6.483402103185654e-05,2.61440291069448e-05,0.0,3.868999192491174e-05,0.0,96,768,1.0,2,,
FAIL_CONTRACT_TIMEOUT,False,1.0.0-local-freeze,16,484958000,do_nothing,True,False,,,,0,40,0,40,0,,0.1883421997093854,0.4497054898926988,,0.013439686154015362,0.0011364631936885417,2.4871027562767267e-05,0.0,0.0011115921661257744,0.0,1280,10240,1.0,,,
PASS,False,1.0.0-local-freeze,16,484958000,retained_residual,True,True,9,7,9,0,9,0,9,1,10,0.030595177220689874,0.05484872847916299,0.9888916015625,0.0034281330299563706,0.0007513168966397643,0.00011625600745901465,0.0,0.0006350608891807497,0.0,288,2304,6.0,8,,
PASS,False,1.0.0-local-freeze,16,484958000,diagonal_secant,True,True,11,5,11,0,11,0,11,1,12,0.029247560321919452,0.034453951716703686,0.9923095703125,0.0030689150444231927,0.0007846830412745476,0.00011464999988675117,0.0,0.0006700330413877964,0.0,352,2816,4.0,10,,
PASS,False,1.0.0-local-freeze,16,484958000,anderson_residual,True,True,10,6,10,0,10,0,10,1,11,0.02934115560273066,0.04879595948324004,0.9903564453125,0.004409438057336956,0.004302660876419395,0.0023218599963001907,0.0,0.0019808008801192045,0.0,320,2560,16.0,9,,
PASS,False,1.0.0-local-freeze,16,484958000,commissioned_pi,True,True,29,7,29,2,27,0,29,1,30,0.02949008807863475,0.047488489997480524,0.9896240234375,0.01613772613927722,0.002057389123365283,7.418199675157666e-05,9.342998964712024e-05,0.0018897771369665861,0.0,928,7424,3.0,26,,
FAIL_CONTRACT_TIMEOUT,False,1.0.0-local-freeze,16,484958000,spsa,True,False,,,,0,14,26,40,0,,0.18497975665569538,0.438975030286989,,0.025850229081697762,0.000581003085244447,7.3570990934968e-05,0.0,0.0,0.000507432094309479,1280,10240,2.0,,,
PASS,False,1.0.0-local-freeze,16,484958000,oracle,False,True,3,1,3,0,3,0,3,1,4,0.02089872627415301,0.0,0.9942626953125,0.002714489004574716,0.00012921396410092711,3.366597229614854e-05,0.0,9.554799180477858e-05,0.0,96,768,1.0,2,,
FAIL_CONTRACT_TIMEOUT,False,1.0.0-local-freeze,16,668379286,do_nothing,True,False,,,,0,40,0,40,0,,0.18319156911229295,0.44733621392203604,,0.021184030803851783,0.0013885990483686328,2.6038032956421375e-05,0.0,0.0013625610154122114,0.0,1280,10240,1.0,,,
PASS,False,1.0.0-local-freeze,16,668379286,retained_residual,True,True,10,8,10,0,10,0,10,1,11,0.03212943033179373,0.0505579993779259,0.9906005859375,0.006837516033556312,0.0016315850662067533,0.00017748295795172453,0.0,0.0014541021082550287,0.0,320,2560,6.0,9,,
PASS,False,1.0.0-local-freeze,16,668379286,diagonal_secant,True,True,31,5,31,0,31,0,31,1,32,0.03017100571062162,0.04421488862933738,0.991455078125,0.01747583399992436,0.004372804949525744,0.00034194299951195717,0.0,0.0040308619500137866,0.0,992,7936,4.0,30,,
PASS,False,1.0.0-local-freeze,16,668379286,anderson_residual,True,True,10,8,10,0,10,0,10,1,11,0.031621748391456,0.035981389008260894,0.992431640625,0.0068375529372133315,0.0032214380335062742,0.0002056920202448964,0.0,0.003015746013261378,0.0,320,2560,16.0,9,,
PASS,False,1.0.0-local-freeze,16,668379286,commissioned_pi,True,True,16,5,16,2,14,0,16,1,17,0.031671659531916634,0.04682437940721428,0.99072265625,0.011844869935885072,0.0014302441268227994,5.270401015877724e-05,5.3984986152499914e-05,0.0013235551305115223,0.0,512,4096,3.0,13,,
FAIL_CONTRACT_TIMEOUT,False,1.0.0-local-freeze,16,668379286,spsa,True,False,,,,0,14,26,40,0,,0.17554799604546026,0.4387889730161184,,0.02526930783642456,0.0005294069997034967,6.756797665730119e-05,0.0,0.0,0.0004618390230461955,1280,10240,2.0,,,
PASS,False,1.0.0-local-freeze,16,668379286,oracle,False,True,3,1,3,0,3,0,3,1,4,0.024361668633514442,2.775726962982779e-17,0.9942626953125,0.0028361950535327196,0.00012236199108883739,4.504702519625425e-05,0.0,7.731496589258313e-05,0.0,96,768,1.0,2,,
FAIL_CONTRACT_TIMEOUT,False,1.0.0-local-freeze,16,2091457751,do_nothing,True,False,,,,0,40,0,40,0,,0.19298917801255536,0.4499244406635555,,0.019561996043194085,0.0010205160942859948,2.9432994779199362e-05,0.0,0.0009910830995067954,0.0,1280,10240,1.0,,,
PASS,False,1.0.0-local-freeze,16,2091457751,retained_residual,True,True,17,10,17,0,17,0,17,1,18,0.03313613191728268,0.04370536235727525,0.9915771484375,0.005749816016759723,0.0016545390826649964,0.00011872401228174567,0.0,0.0015358150703832507,0.0,544,4352,6.0,16,,
PASS,False,1.0.0-local-freeze,16,2091457751,diagonal_secant,True,True,15,8,15,0,15,0,15,1,16,0.02070657593378186,0.028944818352335366,0.9930419921875,0.008488312014378607,0.0021864050650037825,0.00017344398656859994,0.0,0.0020129610784351826,0.0,480,3840,4.0,14,,
PASS,False,1.0.0-local-freeze,16,2091457751,anderson_residual,True,True,12,10,12,0,12,0,12,1,13,0.028909216548150197,0.0650991798250872,0.98828125,0.00561175198527053,0.00470530497841537,0.0002729669795371592,0.0,0.004432337998878211,0.0,384,3072,16.0,11,,
PASS,False,1.0.0-local-freeze,16,2091457751,commissioned_pi,True,True,8,6,8,2,6,0,8,1,9,0.03412771360556142,0.07260711568341488,0.9853515625,0.0045609999797306955,0.0007888159598223865,0.0002582260058261454,7.963803363963962e-05,0.0004509519203566015,0.0,256,2048,3.0,5,,
FAIL_CONTRACT_TIMEOUT,False,1.0.0-local-freeze,16,2091457751,spsa,True,False,,,,0,14,26,40,0,,0.18981465520944665,0.4421769302113054,,0.01940213009947911,0.0005145730683580041,7.511000148952007e-05,0.0,0.0,0.000439463066868484,1280,10240,2.0,,,
PASS,False,1.0.0-local-freeze,16,2091457751,oracle,False,True,3,1,3,0,3,0,3,1,4,0.023926326200546143,1.5515838457795457e-17,0.9949951171875,0.003219279053155333,0.00012859300477430224,4.4810003601014614e-05,0.0,8.378300117328763e-05,0.0,96,768,1.0,2,,
FAIL_CONTRACT_TIMEOUT,False,1.0.0-local-freeze,16,427837642,do_nothing,True,False,,,,0,40,0,40,0,,0.18652018199696008,0.4481355823236352,,0.02483096910873428,0.0012627157848328352,1.9696017261594534e-05,0.0,0.0012430197675712407,0.0,1280,10240,1.0,,,
PASS,False,1.0.0-local-freeze,16,427837642,retained_residual,True,True,18,9,18,0,18,0,18,1,19,0.029501265587572056,0.036113158853935234,0.9918212890625,0.0069656819105148315,0.0017780481139197946,0.00011540198465809226,0.0,0.0016626461292617023,0.0,576,4608,6.0,17,,
PASS,False,1.0.0-local-freeze,16,427837642,diagonal_secant,True,True,17,6,17,0,17,0,17,1,18,0.03487591768240093,0.05650069669078458,0.98828125,0.018810995970852673,0.002247236028779298,0.00016591104213148355,0.0,0.0020813249866478145,0.0,544,4352,4.0,16,,
PASS,False,1.0.0-local-freeze,16,427837642,anderson_residual,True,True,16,14,16,0,16,0,16,1,17,0.02856301850196782,0.04189404666662224,0.990478515625,0.005606026970781386,0.003260751022025943,0.0001574709895066917,0.0,0.003103280032519251,0.0,512,4096,16.0,15,,
PASS,False,1.0.0-local-freeze,16,427837642,commissioned_pi,True,True,18,14,18,2,16,0,18,1,19,0.03385608618747516,0.047738996656277906,0.989501953125,0.010057864070404321,0.0016312579973600805,6.232003215700388e-05,0.00018801999976858497,0.0013809179654344916,0.0,576,4608,3.0,15,,
FAIL_CONTRACT_TIMEOUT,False,1.0.0-local-freeze,16,427837642,spsa,True,False,,,,0,14,26,40,0,,0.18378221699759123,0.4418541710007128,,0.015012656745966524,0.000802238064352423,7.695204112678766e-05,0.0,0.0,0.0007252860232256353,1280,10240,2.0,,,
PASS,False,1.0.0-local-freeze,16,427837642,oracle,False,True,3,1,3,0,3,0,3,1,4,0.024133674336978328,6.938893903907228e-18,0.994140625,0.00187129300320521,8.459400851279497e-05,2.8481008484959602e-05,0.0,5.611300002783537e-05,0.0,96,768,1.0,2,,
FAIL_CONTRACT_TIMEOUT,False,1.0.0-local-freeze,16,1523209647,do_nothing,True,False,,,,0,40,0,40,0,,0.1798671259962599,0.45128166015680465,,0.01142975315451622,0.0006998619646765292,2.472603227943182e-05,0.0,0.0006751359323970973,0.0,1280,10240,1.0,,,
PASS,False,1.0.0-local-freeze,16,1523209647,retained_residual,True,True,9,7,9,0,9,0,9,1,10,0.034088503597384946,0.07157223355255508,0.9884033203125,0.0034990550484508276,0.0007517890189774334,0.00011025700950995088,0.0,0.0006415320094674826,0.0,288,2304,6.0,8,,
FAIL_CONTRACT_TIMEOUT,False,1.0.0-local-freeze,16,1523209647,diagonal_secant,True,False,,,,0,40,0,40,0,,0.06699983981277048,0.5636033244299485,,0.015081851917784661,0.004156690090894699,0.0002097149845212698,0.0,0.003946975106373429,0.0,1280,10240,4.0,,,
PASS,False,1.0.0-local-freeze,16,1523209647,anderson_residual,True,True,9,7,9,0,9,0,9,1,10,0.02941115660073835,0.05980360924147647,0.990234375,0.004678059951402247,0.002382597012910992,0.00018323498079553246,0.0,0.0021993620321154594,0.0,288,2304,16.0,8,,
PASS,False,1.0.0-local-freeze,16,1523209647,commissioned_pi,True,True,9,5,9,2,7,0,9,1,10,0.03285897233746229,0.06604263984311004,0.989013671875,0.002350557129830122,0.0003117059823125601,3.7936028093099594e-05,4.238297697156668e-05,0.0002313869772478938,0.0,288,2304,3.0,6,,
FAIL_CONTRACT_TIMEOUT,False,1.0.0-local-freeze,16,1523209647,spsa,True,False,,,,0,14,26,40,0,,0.17928660286460368,0.44159041936187327,,0.02383100998122245,0.0006159470067359507,0.00011382397497072816,0.0,0.0,0.0005021230317652225,1280,10240,2.0,,,
PASS,False,1.0.0-local-freeze,16,1523209647,oracle,False,True,3,1,3,0,3,0,3,1,4,0.023523253283987685,6.938893903907228e-18,0.9949951171875,0.00290393503382802,9.849498746916652e-05,3.630999708548188e-05,0.0,6.218499038368464e-05,0.0,96,768,1.0,2,,
FAIL_CONTRACT_TIMEOUT,False,1.0.0-local-freeze,16,1177627976,do_nothing,True,False,,,,0,40,0,40,0,,0.19245836546170098,0.4484154686636956,,0.022268832894042134,0.0018200488411821425,2.9074959456920624e-05,0.0,0.0017909738817252219,0.0,1280,10240,1.0,,,
PASS,False,1.0.0-local-freeze,16,1177627976,retained_residual,True,True,12,8,12,0,12,0,12,1,13,0.02748053262644856,0.049221178778900226,0.9913330078125,0.006731469766236842,0.001872712979093194,0.00011604599421843886,0.0,0.0017566669848747551,0.0,384,3072,6.0,11,,
PASS,False,1.0.0-local-freeze,16,1177627976,diagonal_secant,True,True,7,5,7,0,7,0,7,1,8,0.029506505560015668,0.04754001050601056,0.99169921875,0.0040493960259482265,0.0008812499581836164,0.00015327101573348045,0.0,0.000727978942450136,0.0,224,1792,4.0,6,,
PASS,False,1.0.0-local-freeze,16,1177627976,anderson_residual,True,True,9,7,9,0,9,0,9,1,10,0.02559615360752858,0.053533740533470944,0.9906005859375,0.004326015070546418,0.0019745189929381013,0.0003067770157940686,0.0,0.0016677419771440327,0.0,288,2304,16.0,8,,
PASS,False,1.0.0-local-freeze,16,1177627976,commissioned_pi,True,True,17,7,17,2,15,0,17,1,18,0.03469530559042381,0.07276939028125205,0.9873046875,0.013356337964069098,0.0019284238805994391,5.735101876780391e-05,8.156598778441548e-05,0.0017895068740472198,0.0,544,4352,3.0,14,,
FAIL_CONTRACT_TIMEOUT,False,1.0.0-local-freeze,16,1177627976,spsa,True,False,,,,0,14,26,40,0,,0.18979147556356726,0.43902633125438567,,0.01783276302739978,0.000499875983223319,7.221498526632786e-05,0.0,0.0,0.0004276609979569912,1280,10240,2.0,,,
PASS,False,1.0.0-local-freeze,16,1177627976,oracle,False,True,3,1,3,0,3,0,3,1,4,0.025591495871111106,4.336808689942018e-19,0.995361328125,0.0011335770832374692,5.2941031754016876e-05,2.0731007680296898e-05,0.0,3.221002407371998e-05,0.0,96,768,1.0,2,,
FAIL_CONTRACT_TIMEOUT,False,1.0.0-local-freeze,16,822056531,do_nothing,True,False,,,,0,40,0,40,0,,0.18488274223476214,0.4507419652369776,,0.021221861883532256,0.0013902641367167234,2.880196552723646e-05,0.0,0.001361462171189487,0.0,1280,10240,1.0,,,
PASS,False,1.0.0-local-freeze,16,822056531,retained_residual,True,True,13,8,13,0,13,0,13,1,14,0.03386131235661282,0.05739492650246532,0.9893798828125,0.007879910990595818,0.001810551097150892,0.00034200603840872645,0.0,0.0014685450587421656,0.0,416,3328,6.0,12,,
PASS,False,1.0.0-local-freeze,16,822056531,diagonal_secant,True,True,15,13,15,0,15,0,15,1,16,0.02640848105220663,0.0399039941421349,0.992431640625,0.004198447975795716,0.0014066529693081975,0.00010600901441648602,0.0,0.0013006439548917115,0.0,480,3840,4.0,14,,
PASS,False,1.0.0-local-freeze,16,822056531,anderson_residual,True,True,22,8,22,0,22,0,22,1,23,0.032321270580628204,0.05090430597511636,0.9903564453125,0.01001537695992738,0.006192829110659659,0.00041288399370387197,0.0,0.005779945116955787,0.0,704,5632,16.0,21,,
PASS,False,1.0.0-local-freeze,16,822056531,commissioned_pi,True,True,11,6,11,2,9,0,11,1,12,0.02961211672446699,0.052353579889672965,0.990966796875,0.006129414949100465,0.0007162760593928397,4.327797796577215e-05,9.276100900024176e-05,0.0005802370724268258,0.0,352,2816,3.0,8,,
FAIL_CONTRACT_TIMEOUT,False,1.0.0-local-freeze,16,822056531,spsa,True,False,,,,0,14,26,40,0,,0.17728351166531706,0.4377299860349513,,0.02498031477443874,0.0006480569718405604,0.0001120750093832612,0.0,0.0,0.0005359819624572992,1280,10240,2.0,,,
PASS,False,1.0.0-local-freeze,16,822056531,oracle,False,True,3,1,3,0,3,0,3,1,4,0.019357384241441084,1.6996749443881478e-17,0.9952392578125,0.001307720027398318,5.4221018217504025e-05,2.0783045329153538e-05,0.0,3.343797288835049e-05,0.0,96,768,1.0,2,,
FAIL_CONTRACT_TIMEOUT,False,1.0.0-local-freeze,16,445399178,do_nothing,True,False,,,,0,40,0,40,0,,0.18859789209312977,0.4478424998139995,,0.020558614924084395,0.0013356790877878666,2.2265012376010418e-05,0.0,0.0013134140754118562,0.0,1280,10240,1.0,,,
PASS,False,1.0.0-local-freeze,16,445399178,retained_residual,True,True,12,10,12,0,12,0,12,1,13,0.033315636238487704,0.042127122060539465,0.991455078125,0.008827834797557443,0.0019727570470422506,0.0002655679709278047,0.0,0.001707189076114446,0.0,384,3072,6.0,11,,
PASS,False,1.0.0-local-freeze,16,445399178,diagonal_secant,True,True,12,8,12,0,12,0,12,1,13,0.03437146472091244,0.036026839320177625,0.99267578125,0.0056684299488551915,0.0013785960618406534,0.00023460801457986236,0.0,0.001143988047260791,0.0,384,3072,4.0,11,,
PASS,False,1.0.0-local-freeze,16,445399178,anderson_residual,True,True,12,8,12,0,12,0,12,1,13,0.02735743861205743,0.0335145016307475,0.99267578125,0.004998183168936521,0.002561758039519191,0.000316523015499115,0.0,0.002245235024020076,0.0,384,3072,16.0,11,,
PASS,False,1.0.0-local-freeze,16,445399178,commissioned_pi,True,True,10,5,10,2,8,0,10,1,11,0.031050582230525557,0.057608215529785275,0.9892578125,0.004114336043130606,0.00045655801659449935,6.223103264346719e-05,5.2710005547851324e-05,0.00034161697840318084,0.0,320,2560,3.0,7,,
FAIL_CONTRACT_TIMEOUT,False,1.0.0-local-freeze,16,445399178,spsa,True,False,,,,0,14,26,40,0,,0.18620113667902757,0.4422749558774918,,0.025577345106285065,0.0016549419378861785,0.0010777299758046865,0.0,0.0,0.000577211962081492,1280,10240,2.0,,,
PASS,False,1.0.0-local-freeze,16,445399178,oracle,False,True,3,1,3,0,3,0,3,1,4,0.022251060808803715,1.6996749443881478e-17,0.9947509765625,0.0020367130055092275,9.21600149013102e-05,3.648403799161315e-05,0.0,5.5675976909697056e-05,0.0,96,768,1.0,2,,
FAIL_CONTRACT_TIMEOUT,False,1.0.0-local-freeze,16,1242705187,do_nothing,True,False,,,,0,40,0,40,0,,0.1998661219024911,0.45370552804337533,,0.02473285305313766,0.0013796660350635648,3.787700552493334e-05,0.0,0.0013417890295386314,0.0,1280,10240,1.0,,,
PASS,False,1.0.0-local-freeze,16,1242705187,retained_residual,True,True,14,9,14,0,14,0,14,1,15,0.026385830540253043,0.03922712152335634,0.9925537109375,0.011251893127337098,0.0021162229240871966,0.00017961097182705998,0.0,0.0019366119522601366,0.0,448,3584,6.0,13,,
PASS,False,1.0.0-local-freeze,16,1242705187,diagonal_secant,True,True,24,15,24,0,24,0,24,1,25,0.034539211960568174,0.06495603208697864,0.9874267578125,0.013759132998529822,0.003964500036090612,0.00023606797913089395,0.0,0.0037284320569597185,0.0,768,6144,4.0,23,,
PASS,False,1.0.0-local-freeze,16,1242705187,anderson_residual,True,True,14,7,14,0,14,0,14,1,15,0.03497649970612418,0.05682863947409218,0.989990234375,0.018550500157289207,0.006547727913130075,0.0002851229510270059,0.0,0.006262604962103069,0.0,448,3584,16.0,13,,
PASS,False,1.0.0-local-freeze,16,1242705187,commissioned_pi,True,True,11,5,11,2,9,0,11,1,12,0.023982389784175634,0.04271957020929761,0.9925537109375,0.006470438034739345,0.0014269280945882201,6.048299837857485e-05,7.678900146856904e-05,0.0012896560947410762,0.0,352,2816,3.0,8,,
FAIL_CONTRACT_TIMEOUT,False,1.0.0-local-freeze,16,1242705187,spsa,True,False,,,,0,14,26,40,0,,0.1995733508544969,0.4406425972162967,,0.018435627804137766,0.0005910008912906051,0.0001227579778060317,0.0,0.0,0.00046824291348457336,1280,10240,2.0,,,
PASS,False,1.0.0-local-freeze,16,1242705187,oracle,False,True,3,1,3,0,3,0,3,1,4,0.026271505175315627,6.938893903907228e-18,0.994873046875,0.0013252970529720187,6.381404818966985e-05,2.5070039555430412e-05,0.0,3.8744008634239435e-05,0.0,96,768,1.0,2,,
FAIL_CONTRACT_TIMEOUT,False,1.0.0-local-freeze,64,1239900679,do_nothing,True,False,,,,0,40,0,40,0,,0.18063051066852662,0.4483503909550325,,0.015775272739119828,0.0008886058931238949,4.1876977775245905e-05,0.0,0.000846728915348649,0.0,5120,40960,1.0,,,
PASS,False,1.0.0-local-freeze,64,1239900679,retained_residual,True,True,12,10,12,0,12,0,12,1,13,0.03396725716771717,0.0507145482302552,0.991241455078125,0.007026928011327982,0.0011035230127163231,0.00011682399781420827,0.0,0.0009866990149021149,0.0,1536,12288,6.0,11,,
PASS,False,1.0.0-local-freeze,64,1239900679,diagonal_secant,True,True,22,20,22,0,22,0,22,1,23,0.034803849540924046,0.06518827834393195,0.98773193359375,0.009042453137226403,0.0031806290498934686,0.00012344500282779336,0.0,0.0030571840470656753,0.0,2816,22528,4.0,21,,
PASS,False,1.0.0-local-freeze,64,1239900679,anderson_residual,True,True,12,10,12,0,12,0,12,1,13,0.030911158319488714,0.055553774818235785,0.990509033203125,0.008279219968244433,0.002767097146715969,0.00012205797247588634,0.0,0.0026450391742400825,0.0,1536,12288,16.0,11,,
PASS,False,1.0.0-local-freeze,64,1239900679,commissioned_pi,True,True,12,10,12,2,10,0,12,1,13,0.030942958196172585,0.04723210825023504,0.991607666015625,0.00408726796740666,0.0006242120289243758,5.5720971431583166e-05,4.802498733624816e-05,0.0005204660701565444,0.0,1536,12288,3.0,9,,
FAIL_CONTRACT_TIMEOUT,False,1.0.0-local-freeze,64,1239900679,spsa,True,False,,,,0,14,26,40,0,,0.17963381670243653,0.4465998449694521,,0.022058389149606228,0.0006229020655155182,0.00016792898532003164,0.0,0.0,0.00045497308019548655,5120,40960,2.0,,,
PASS,False,1.0.0-local-freeze,64,1239900679,oracle,False,True,3,1,3,0,3,0,3,1,4,0.021375728204380492,1.8358587643600646e-17,0.995269775390625,0.004076838085893542,0.00011070398613810539,3.6096025723963976e-05,0.0,7.460796041414142e-05,0.0,384,3072,1.0,2,,
FAIL_CONTRACT_TIMEOUT,False,1.0.0-local-freeze,64,1573996,do_nothing,True,False,,,,0,40,0,40,0,,0.18684252064388668,0.44968496113556566,,0.02196080208523199,0.0013063799124211073,4.181294934824109e-05,0.0,0.0012645669630728662,0.0,5120,40960,1.0,,,
PASS,False,1.0.0-local-freeze,64,1573996,retained_residual,True,True,13,11,13,0,13,0,13,1,14,0.028877047660190416,0.0446219947421073,0.992156982421875,0.006686529901344329,0.0018029429484158754,0.00014628202188760042,0.0,0.001656660926528275,0.0,1664,13312,6.0,12,,
PASS,False,1.0.0-local-freeze,64,1573996,diagonal_secant,True,True,36,5,36,0,36,0,36,1,37,0.03457306242097292,0.06032024077299302,0.98974609375,0.027221726079005748,0.007632831169757992,0.0002582389861345291,0.0,0.007374592183623463,0.0,4608,36864,4.0,35,,
PASS,False,1.0.0-local-freeze,64,1573996,anderson_residual,True,True,10,8,10,0,10,0,10,1,11,0.030277621072447247,0.04876795185722366,0.991424560546875,0.004258756060153246,0.002070426067803055,0.0003683310351334512,0.0,0.0017020950326696038,0.0,1280,10240,16.0,9,,
PASS,False,1.0.0-local-freeze,64,1573996,commissioned_pi,True,True,21,7,21,2,19,0,21,1,22,0.033538249100356896,0.058659929334514346,0.99017333984375,0.011215139122214168,0.002456626098137349,6.536900764331222e-05,7.626699516549706e-05,0.0023149900953285396,0.0,2688,21504,3.0,18,,
FAIL_CONTRACT_TIMEOUT,False,1.0.0-local-freeze,64,1573996,spsa,True,False,,,,0,14,26,40,0,,0.1870900281488466,0.4460801004449813,,0.02649565873434767,0.0004278469714336097,7.526401896029711e-05,0.0,0.0,0.0003525829524733126,5120,40960,2.0,,,
PASS,False,1.0.0-local-freeze,64,1573996,oracle,False,True,3,1,3,0,3,0,3,1,4,0.026985547012119932,1.442274177545698e-17,0.995208740234375,0.0023989820037968457,0.00010543497046455741,3.600597847253084e-05,0.0,6.942899199202657e-05,0.0,384,3072,1.0,2,,
FAIL_CONTRACT_TIMEOUT,False,1.0.0-local-freeze,64,1558604323,do_nothing,True,False,,,,0,40,0,40,0,,0.18465210096511103,0.4496742551483198,,0.030446543009020388,0.00187054491834715,3.888696664944291e-05,0.0,0.0018316579516977072,0.0,5120,40960,1.0,,,
PASS,False,1.0.0-local-freeze,64,1558604323,retained_residual,True,True,14,9,14,0,14,0,14,1,15,0.0315913540840072,0.04257879977989775,0.991943359375,0.007644989877007902,0.003507188055664301,0.0002019269741140306,0.0,0.0033052610815502703,0.0,1792,14336,6.0,13,,
PASS,False,1.0.0-local-freeze,64,1558604323,diagonal_secant,True,True,32,18,32,0,32,0,32,1,33,0.03263470813029973,0.07127016515549882,0.98663330078125,0.018304963945411146,0.006097103992942721,0.0002591939992271364,0.0,0.005837909993715584,0.0,4096,32768,4.0,31,,
PASS,False,1.0.0-local-freeze,64,1558604323,anderson_residual,True,True,11,9,11,0,11,0,11,1,12,0.03215749158862702,0.05320242026826044,0.990234375,0.012638956133741885,0.00456560798920691,0.0003362669958733022,0.0,0.004229340993333608,0.0,1408,11264,16.0,10,,
PASS,False,1.0.0-local-freeze,64,1558604323,commissioned_pi,True,True,8,6,8,2,6,0,8,1,9,0.030283910724008538,0.05570482787897625,0.989654541015625,0.005545566033106297,0.0010165380081161857,0.0005384630057960749,0.00010185799328610301,0.0003762170090340078,0.0,1024,8192,3.0,5,,
FAIL_CONTRACT_TIMEOUT,False,1.0.0-local-freeze,64,1558604323,spsa,True,False,,,,0,14,26,40,0,,0.18120290713763004,0.44872184031186324,,0.02276909607462585,0.0013025090447627008,0.00012864999007433653,0.0,0.0,0.0011738590546883643,5120,40960,2.0,,,
PASS,False,1.0.0-local-freeze,64,1558604323,oracle,False,True,3,1,3,0,3,0,3,1,4,0.020589235428877625,1.5594430778265516e-17,0.994659423828125,0.0030112040694803,0.00016610597958788276,2.5442976038902998e-05,0.0,0.00014066300354897976,0.0,384,3072,1.0,2,,
FAIL_CONTRACT_TIMEOUT,False,1.0.0-local-freeze,64,1280968996,do_nothing,True,False,,,,0,40,0,40,0,,0.18542924716190815,0.4507881094795209,,0.024615527014248073,0.0013588867150247097,5.160499131307006e-05,0.0,0.0013072817237116396,0.0,5120,40960,1.0,,,
PASS,False,1.0.0-local-freeze,64,1280968996,retained_residual,True,True,10,8,10,0,10,0,10,1,11,0.03195924865784966,0.36036919783991006,0.980712890625,0.006320246960967779,0.002019294071942568,0.0002353200106881559,0.0,0.001783974061254412,0.0,1280,10240,6.0,9,,
PASS,False,1.0.0-local-freeze,64,1280968996,diagonal_secant,True,True,28,14,28,0,28,0,28,1,29,0.03147273851989697,0.0505850031806363,0.990753173828125,0.018546192965004593,0.005185792746488005,0.0002617480349726975,0.0,0.004924044711515307,0.0,3584,28672,4.0,27,,
PASS,False,1.0.0-local-freeze,64,1280968996,anderson_residual,True,True,13,8,13,0,13,0,13,1,14,0.0275055492014977,0.3405723192911336,0.982635498046875,0.009953683125786483,0.0049676099442876875,0.0002440710086375475,0.0,0.00472353893565014,0.0,1664,13312,16.0,12,,
PASS,False,1.0.0-local-freeze,64,1280968996,commissioned_pi,True,True,32,7,32,2,30,0,32,1,33,0.030988688482726887,0.04677118254800345,0.990753173828125,0.020184560038615018,0.0027224599616602063,8.062797132879496e-05,7.590098539367318e-05,0.002565931004937738,0.0,4096,32768,3.0,29,,
FAIL_CONTRACT_TIMEOUT,False,1.0.0-local-freeze,64,1280968996,spsa,True,False,,,,0,14,26,40,0,,0.18218795034065008,0.4501523602090505,,0.018707387847825885,0.0007288070046342909,6.552401464432478e-05,0.0,0.0,0.0006632829899899662,5120,40960,2.0,,,
PASS,False,1.0.0-local-freeze,64,1280968996,oracle,False,True,3,1,3,0,3,0,3,1,4,0.02147867387208766,1.3985787785349405e-17,0.994720458984375,0.0026116289664059877,0.00011714198626577854,3.9209029637277126e-05,0.0,7.793295662850142e-05,0.0,384,3072,1.0,2,,
FAIL_CONTRACT_TIMEOUT,False,1.0.0-local-freeze,64,946144272,do_nothing,True,False,,,,0,40,0,40,0,,0.1807650103648022,0.4500599796165438,,0.022296710987575352,0.0015499561559408903,5.866598803550005e-05,0.0,0.0014912901679053903,0.0,5120,40960,1.0,,,
PASS,False,1.0.0-local-freeze,64,946144272,retained_residual,True,True,12,8,12,0,12,0,12,1,13,0.026632458058665022,0.03893670527950155,0.992340087890625,0.009580404090229422,0.00226713705342263,0.00020178401609882712,0.0,0.0020653530373238027,0.0,1536,12288,6.0,11,,
PASS,False,1.0.0-local-freeze,64,946144272,diagonal_secant,True,True,23,21,23,0,23,0,23,1,24,0.03162999386617605,0.05386718167701246,0.990478515625,0.021851171914022416,0.0065306521137245,0.0002062590210698545,0.0,0.0063243930926546454,0.0,2944,23552,4.0,22,,
PASS,False,1.0.0-local-freeze,64,946144272,anderson_residual,True,True,11,9,11,0,11,0,11,1,12,0.030318564958544413,0.053242299737500234,0.990203857421875,0.006811177066992968,0.0030427590827457607,0.00026656402042135596,0.0,0.0027761950623244047,0.0,1408,11264,16.0,10,,
PASS,False,1.0.0-local-freeze,64,946144272,commissioned_pi,True,True,20,6,20,2,18,0,20,1,21,0.0317876578428705,0.06356862915765586,0.987884521484375,0.012459136138204485,0.0065117679187096655,0.00017455901252105832,8.663599146530032e-05,0.006250572914723307,0.0,2560,20480,3.0,17,,
FAIL_CONTRACT_TIMEOUT,False,1.0.0-local-freeze,64,946144272,spsa,True,False,,,,0,14,26,40,0,,0.18183894252240324,0.448736562092674,,0.035981487191747874,0.0008112079813145101,0.00012118101585656404,0.0,0.0,0.0006900269654579461,5120,40960,2.0,,,
PASS,False,1.0.0-local-freeze,64,946144272,oracle,False,True,3,1,3,0,3,0,3,1,4,0.027051591000332338,1.3125564828094617e-17,0.994781494140625,0.0029703759937547147,0.00016691500786691904,3.504200140014291e-05,0.0,0.00013187300646677613,0.0,384,3072,1.0,2,,
FAIL_CONTRACT_TIMEOUT,False,1.0.0-local-freeze,64,1536741766,do_nothing,True,False,,,,0,40,0,40,0,,0.18609232787478486,0.4500356463909122,,0.02385900786612183,0.0011703350464813411,5.447899457067251e-05,0.0,0.0011158560519106686,0.0,5120,40960,1.0,,,
PASS,False,1.0.0-local-freeze,64,1536741766,retained_residual,True,True,10,8,10,0,10,0,10,1,11,0.030043621833358066,0.04706100267808826,0.99139404296875,0.00303486903430894,0.0009135540458373725,0.00020471896277740598,0.0,0.0007088350830599666,0.0,1280,10240,6.0,9,,
PASS,False,1.0.0-local-freeze,64,1536741766,diagonal_secant,True,True,22,12,22,0,22,0,22,1,23,0.030548995059071687,0.03910780252231865,0.992218017578125,0.010764282254967839,0.0028821550076827407,0.00011022604303434491,0.0,0.0027719289646483958,0.0,2816,22528,4.0,21,,
PASS,False,1.0.0-local-freeze,64,1536741766,anderson_residual,True,True,9,7,9,0,9,0,9,1,10,0.026911936262102604,0.04336119951017176,0.99188232421875,0.006666230969130993,0.0027030600467696786,0.00024432101054117084,0.0,0.0024587390362285078,0.0,1152,9216,16.0,8,,
PASS,False,1.0.0-local-freeze,64,1536741766,commissioned_pi,True,True,20,11,20,2,18,0,20,1,21,0.030672640724359893,0.05010744911598737,0.990509033203125,0.019962897815275937,0.001405466115102172,8.939800318330526e-05,0.00011689204256981611,0.0011991760693490505,0.0,2560,20480,3.0,17,,
FAIL_CONTRACT_TIMEOUT,False,1.0.0-local-freeze,64,1536741766,spsa,True,False,,,,0,14,26,40,0,,0.18220043056331955,0.44640393119454397,,0.016657422995194793,0.0010527539416216314,7.183203706517816e-05,0.0,0.0,0.0009809219045564532,5120,40960,2.0,,,
PASS,False,1.0.0-local-freeze,64,1536741766,oracle,False,True,3,1,3,0,3,0,3,1,4,0.021547312017688117,1.8111044797400594e-17,0.9949951171875,0.002098208060488105,9.496801067143679e-05,3.6469020415097475e-05,0.0,5.849899025633931e-05,0.0,384,3072,1.0,2,,
FAIL_CONTRACT_TIMEOUT,False,1.0.0-local-freeze,64,2015248058,do_nothing,True,False,,,,0,40,0,40,0,,0.18269693194069825,0.4493624997220813,,0.032549286261200905,0.0026024991529993713,3.7003017496317625e-05,0.0,0.0025654961355030537,0.0,5120,40960,1.0,,,
PASS,False,1.0.0-local-freeze,64,2015248058,retained_residual,True,True,11,9,11,0,11,0,11,1,12,0.032815351816407434,0.049410702251661186,0.990631103515625,0.006215913861524314,0.0021329441806301475,0.00026584399165585637,0.0,0.001867100188974291,0.0,1408,11264,6.0,10,,
PASS,False,1.0.0-local-freeze,64,2015248058,diagonal_secant,True,True,20,15,20,0,20,0,20,1,21,0.025014586961452128,0.04810386462322262,0.991180419921875,0.015842825931031257,0.004737036069855094,0.00020234601106494665,0.0,0.004534690058790147,0.0,2560,20480,4.0,19,,
PASS,False,1.0.0-local-freeze,64,2015248058,anderson_residual,True,True,10,8,10,0,10,0,10,1,11,0.02899677432963963,0.05630891568644012,0.989105224609375,0.01174433610867709,0.004373205942101777,0.0002847659634426236,0.0,0.004088439978659153,0.0,1280,10240,16.0,9,,
PASS,False,1.0.0-local-freeze,64,2015248058,commissioned_pi,True,True,8,6,8,2,6,0,8,1,9,0.03467226673401746,0.07086172585037286,0.98614501953125,0.01918263890547678,0.001280283962842077,0.0005025360151194036,0.00011282699415460229,0.0006649209535680711,0.0,1024,8192,3.0,5,,
FAIL_CONTRACT_TIMEOUT,False,1.0.0-local-freeze,64,2015248058,spsa,True,False,,,,0,14,26,40,0,,0.18047999722661276,0.44609522856074063,,0.025203446857631207,0.0006840988644398749,0.00013572501484304667,0.0,0.0,0.0005483738495968282,5120,40960,2.0,,,
PASS,False,1.0.0-local-freeze,64,2015248058,oracle,False,True,3,1,3,0,3,0,3,1,4,0.02570761366032128,1.301765207764215e-17,0.99493408203125,0.0016282590804621577,6.0210993979126215e-05,2.2621999960392714e-05,0.0,3.75889940187335e-05,0.0,384,3072,1.0,2,,
FAIL_CONTRACT_TIMEOUT,False,1.0.0-local-freeze,64,1062974352,do_nothing,True,False,,,,0,40,0,40,0,,0.18123375022327293,0.4496844994910811,,0.022007570136338472,0.0011959490948356688,9.538000449538231e-05,0.0,0.0011005690903402865,0.0,5120,40960,1.0,,,
PASS,False,1.0.0-local-freeze,64,1062974352,retained_residual,True,True,14,9,14,0,14,0,14,1,15,0.027278208520459663,0.049252314997264575,0.991363525390625,0.005666896002367139,0.0026821608771570027,0.001301877957303077,0.0,0.0013802829198539257,0.0,1792,14336,6.0,13,,
FAIL_CONTRACT_TIMEOUT,False,1.0.0-local-freeze,64,1062974352,diagonal_secant,True,False,,40,,0,40,0,40,0,,0.03373510871078708,0.2791818439260334,,0.029760685982182622,0.009019358491059393,0.00032610795460641384,0.0,0.008693250536452979,0.0,5120,40960,4.0,,,
PASS,False,1.0.0-local-freeze,64,1062974352,anderson_residual,True,True,15,13,15,0,15,0,15,1,16,0.02876427037138423,0.05248237654646705,0.99066162109375,0.006329096853733063,0.0031492559937760234,0.00012107501970604062,0.0,0.0030281809740699828,0.0,1920,15360,16.0,14,,
PASS,False,1.0.0-local-freeze,64,1062974352,commissioned_pi,True,True,9,5,9,2,7,0,9,1,10,0.030049325110113337,0.05791700464885642,0.990447998046875,0.004952763032633811,0.0005103259463794529,9.568495443090796e-05,9.067601058632135e-05,0.0003239649813622236,0.0,1152,9216,3.0,6,,
FAIL_CONTRACT_TIMEOUT,False,1.0.0-local-freeze,64,1062974352,spsa,True,False,,,,0,14,26,40,0,,0.18093669013268732,0.4485309816536787,,0.01678790687583387,0.000666643085423857,0.0003374170046299696,0.0,0.0,0.0003292260807938874,5120,40960,2.0,,,
PASS,False,1.0.0-local-freeze,64,1062974352,oracle,False,True,3,1,3,0,3,0,3,1,4,0.025373526464626147,2.110382192020081e-17,0.99517822265625,0.003943194053135812,0.00013728102203458548,4.1758990846574306e-05,0.0,9.552203118801117e-05,0.0,384,3072,1.0,2,,
FAIL_CONTRACT_TIMEOUT,False,1.0.0-local-freeze,64,317314755,do_nothing,True,False,,,,0,40,0,40,0,,0.187621400195323,0.4499689847366415,,0.027783139958046377,0.0015593621064908803,3.957300214096904e-05,0.0,0.0015197891043499112,0.0,5120,40960,1.0,,,
PASS,False,1.0.0-local-freeze,64,317314755,retained_residual,True,True,9,7,9,0,9,0,9,1,10,0.02894923262106157,0.045864171845073985,0.9915771484375,0.004104442952666432,0.0010872480343095958,0.00013320700963959098,0.0,0.0009540410246700048,0.0,1152,9216,6.0,8,,
FAIL_CONTRACT_TIMEOUT,False,1.0.0-local-freeze,64,317314755,diagonal_secant,True,False,,15,,0,40,0,40,0,,0.04992916409166371,0.36583029595901945,,0.017694181064143777,0.0052963520283810794,0.00011272402480244637,0.0,0.005183628003578633,0.0,5120,40960,4.0,,,
PASS,False,1.0.0-local-freeze,64,317314755,anderson_residual,True,True,9,7,9,0,9,0,9,1,10,0.03284624385530417,0.054701838378227265,0.99005126953125,0.007069851038977504,0.0032362978672608733,0.00019591196905821562,0.0,0.0030403858982026577,0.0,1152,9216,16.0,8,,
PASS,False,1.0.0-local-freeze,64,317314755,commissioned_pi,True,True,23,6,23,2,21,0,23,1,24,0.03372723981978205,0.06446987547282045,0.98797607421875,0.01834340492496267,0.004477031005080789,6.687501445412636e-05,9.190302807837725e-05,0.004318252962548286,0.0,2944,23552,3.0,20,,
FAIL_CONTRACT_TIMEOUT,False,1.0.0-local-freeze,64,317314755,spsa,True,False,,,,0,14,26,40,0,,0.18685596344384808,0.4484673930119933,,0.013614534109365195,0.0003623500233516097,6.54769828543067e-05,0.0,0.0,0.000296873040497303,5120,40960,2.0,,,
PASS,False,1.0.0-local-freeze,64,317314755,oracle,False,True,3,1,3,0,3,0,3,1,4,0.022542762981474472,2.4475128624361462e-17,0.9951171875,0.00281921197893098,0.00011036201613023877,2.3522006813436747e-05,0.0,8.684000931680202e-05,0.0,384,3072,1.0,2,,
FAIL_CONTRACT_TIMEOUT,False,1.0.0-local-freeze,64,1833476299,do_nothing,True,False,,,,0,40,0,40,0,,0.17885467345979267,0.4493161861371275,,0.02115769503870979,0.0009630240965634584,4.1085993871092796e-05,0.0,0.0009219381026923656,0.0,5120,40960,1.0,,,
PASS,False,1.0.0-local-freeze,64,1833476299,retained_residual,True,True,10,8,10,0,10,0,10,1,11,0.024997026296425508,0.04128633072864669,0.992218017578125,0.009152782033197582,0.0024884609156288207,0.0003526849905028939,0.0,0.0021357759251259267,0.0,1280,10240,6.0,9,,
PASS,False,1.0.0-local-freeze,64,1833476299,diagonal_secant,True,True,31,16,31,0,31,0,31,1,32,0.028845827642607652,0.05042613601973156,0.990478515625,0.011490306991618127,0.0035017679911106825,0.00020416802726686,0.0,0.0032975999638438225,0.0,3968,31744,4.0,30,,
PASS,False,1.0.0-local-freeze,64,1833476299,anderson_residual,True,True,14,10,14,0,14,0,14,1,15,0.027818392038409856,0.05451921981096368,0.990386962890625,0.00544583098962903,0.002244077099021524,0.00012009305646643043,0.0,0.0021239840425550938,0.0,1792,14336,16.0,13,,
PASS,False,1.0.0-local-freeze,64,1833476299,commissioned_pi,True,True,18,6,18,2,16,0,18,1,19,0.028678487098447194,0.05671630765842611,0.990020751953125,0.011846523906569928,0.001439474057406187,6.578798638656735e-05,8.855800842866302e-05,0.0012851280625909567,0.0,2304,18432,3.0,15,,
FAIL_CONTRACT_TIMEOUT,False,1.0.0-local-freeze,64,1833476299,spsa,True,False,,,,0,14,26,40,0,,0.17972489931828986,0.448169335795714,,0.027605358161963522,0.0005986481555737555,0.0001017299946397543,0.0,0.0,0.0004969181609340012,5120,40960,2.0,,,
PASS,False,1.0.0-local-freeze,64,1833476299,oracle,False,True,3,1,3,0,3,0,3,1,4,0.02402834415725303,2.173602285337623e-17,0.99517822265625,0.0022413600236177444,6.996095180511475e-05,2.6897003408521414e-05,0.0,4.306394839659333e-05,0.0,384,3072,1.0,2,,
FAIL_CONTRACT_TIMEOUT,False,1.0.0-local-freeze,64,1883236474,do_nothing,True,False,,,,0,40,0,40,0,,0.1766795016525408,0.448843541494839,,0.0301698578405194,0.0028891952242702246,3.8672005757689476e-05,0.0,0.002850523218512535,0.0,5120,40960,1.0,,,
PASS,False,1.0.0-local-freeze,64,1883236474,retained_residual,True,True,11,9,11,0,11,0,11,1,12,0.03282387910808134,0.05707415472629981,0.98980712890625,0.006690419104415923,0.0018362058908678591,0.0003747069858945906,0.0,0.0014614989049732685,0.0,1408,11264,6.0,10,,
PASS,False,1.0.0-local-freeze,64,1883236474,diagonal_secant,True,True,24,16,24,0,24,0,24,1,25,0.031823045074257934,0.05692072242073965,0.989593505859375,0.016496053140144795,0.004196049063466489,0.00021792302140966058,0.0,0.003978126042056829,0.0,3072,24576,4.0,23,,
PASS,False,1.0.0-local-freeze,64,1883236474,anderson_residual,True,True,11,9,11,0,11,0,11,1,12,0.033907776042330987,0.06240109098079486,0.98834228515625,0.006133625982329249,0.004891562974080443,0.0002336629549972713,0.0,0.004657900019083172,0.0,1408,11264,16.0,10,,
PASS,False,1.0.0-local-freeze,64,1883236474,commissioned_pi,True,True,40,14,40,2,38,0,40,1,41,0.034846437483154996,0.06047678787494246,0.988983154296875,0.023102934937924147,0.002950595924630761,0.00013097195187583566,5.226000212132931e-05,0.002767363970633596,0.0,5120,40960,3.0,37,,
FAIL_CONTRACT_TIMEOUT,False,1.0.0-local-freeze,64,1883236474,spsa,True,False,,,,0,14,26,40,0,,0.17738998761898794,0.4466528724338738,,0.022927731974050403,0.0005436701467260718,0.00011840701336041093,0.0,0.0,0.0004252631333656609,5120,40960,2.0,,,
PASS,False,1.0.0-local-freeze,64,1883236474,oracle,False,True,3,1,3,0,3,0,3,1,4,0.02578764243782302,1.1014128063757933e-17,0.9951171875,0.011746673029847443,0.00019326602341607213,4.403601633384824e-05,0.0,0.0001492300070822239,0.0,384,3072,1.0,2,,
FAIL_CONTRACT_TIMEOUT,False,1.0.0-local-freeze,64,812473704,do_nothing,True,False,,,,0,40,0,40,0,,0.17991645365873657,0.45010890077227333,,0.018771369999740273,0.0009663011878728867,3.681000089272857e-05,0.0,0.0009294911869801581,0.0,5120,40960,1.0,,,
PASS,False,1.0.0-local-freeze,64,812473704,retained_residual,True,True,11,9,11,0,11,0,11,1,12,0.030350433387521487,0.04911315179411107,0.990936279296875,0.003045469173230231,0.0008026870200410485,0.00011524197179824114,0.0,0.0006874450482428074,0.0,1408,11264,6.0,10,,
PASS,False,1.0.0-local-freeze,64,812473704,diagonal_secant,True,True,20,13,20,0,20,0,20,1,21,0.03218104297721745,0.07013829767879073,0.98699951171875,0.010025108873378485,0.00301471195416525,0.00020927097648382187,0.0,0.002805440977681428,0.0,2560,20480,4.0,19,,
PASS,False,1.0.0-local-freeze,64,812473704,anderson_residual,True,True,11,9,11,0,11,0,11,1,12,0.030504941231277546,0.053951160535982465,0.99005126953125,0.006541751034092158,0.003753201977815479,0.00020759401377290487,0.0,0.003545607964042574,0.0,1408,11264,16.0,10,,
PASS,False,1.0.0-local-freeze,64,812473704,commissioned_pi,True,True,22,5,22,2,20,0,22,1,23,0.03083217967727565,0.057982799973734775,0.98974609375,0.00821490999078378,0.0012333730119280517,4.400900797918439e-05,4.9030990339815617e-05,0.0011403330136090517,0.0,2816,22528,3.0,19,,
FAIL_CONTRACT_TIMEOUT,False,1.0.0-local-freeze,64,812473704,spsa,True,False,,,,0,14,26,40,0,,0.17924803398961514,0.4482694948161276,,0.022278444899711758,0.0006920259911566973,0.0002614419790916145,0.0,0.0,0.0004305840120650828,5120,40960,2.0,,,
PASS,False,1.0.0-local-freeze,64,812473704,oracle,False,True,3,1,3,0,3,0,3,1,4,0.023597568051458004,2.3031067514664817e-17,0.994842529296875,0.0022088030236773193,0.00015081401215866208,4.172598710283637e-05,0.0,0.00010908802505582571,0.0,384,3072,1.0,2,,
FAIL_CONTRACT_TIMEOUT,False,1.0.0-local-freeze,64,1612189033,do_nothing,True,False,,,,0,40,0,40,0,,0.17761023608703966,0.4490474318003738,,0.018353173043578863,0.001093200989998877,3.612501313909888e-05,0.0,0.0010570759768597782,0.0,5120,40960,1.0,,,
PASS,False,1.0.0-local-freeze,64,1612189033,retained_residual,True,True,11,9,11,0,11,0,11,1,12,0.03201215395768329,0.3275043572313631,0.985076904296875,0.009738697961438447,0.00273802294395864,0.00030529400100931525,0.0,0.002432728942949325,0.0,1408,11264,6.0,10,,
FAIL_CONTRACT_TIMEOUT,False,1.0.0-local-freeze,64,1612189033,diagonal_secant,True,False,,6,,0,40,0,40,0,,0.0525350246508633,0.35336379670350526,,0.020563425961881876,0.005642811942379922,0.00024671200662851334,0.0,0.005396099935751408,0.0,5120,40960,4.0,,,
PASS,False,1.0.0-local-freeze,64,1612189033,anderson_residual,True,True,11,9,11,0,11,0,11,1,12,0.028779014661095805,0.3312140608307626,0.985595703125,0.006727502914145589,0.003522623039316386,0.00029497500509023666,0.0,0.0032276480342261493,0.0,1408,11264,16.0,10,,
PASS,False,1.0.0-local-freeze,64,1612189033,commissioned_pi,True,True,11,5,11,2,9,0,11,1,12,0.029558838441122552,0.05827230241943787,0.98968505859375,0.008426768938079476,0.0014232620014809072,7.203698623925447e-05,5.92159922234714e-05,0.0012920090230181813,0.0,1408,11264,3.0,8,,
FAIL_CONTRACT_TIMEOUT,False,1.0.0-local-freeze,64,1612189033,spsa,True,False,,,,0,14,26,40,0,,0.17485888136551245,0.44696997928757004,,0.01595565798925236,0.0005018440424464643,0.00016648101154714823,0.0,0.0,0.00033536303089931607,5120,40960,2.0,,,
PASS,False,1.0.0-local-freeze,64,1612189033,oracle,False,True,3,1,3,0,3,0,3,1,4,0.01742730073304899,9.260889149320064e-18,0.995208740234375,0.002107299049384892,9.26410430110991e-05,3.459502477198839e-05,0.0,5.804601823911071e-05,0.0,384,3072,1.0,2,,
FAIL_CONTRACT_TIMEOUT,False,1.0.0-local-freeze,64,1990616316,do_nothing,True,False,,,,0,40,0,40,0,,0.18115089395359352,0.44982866712641373,,0.024257435055915266,0.0015941079473122954,0.00016148900613188744,0.0,0.001432618941180408,0.0,5120,40960,1.0,,,
PASS,False,1.0.0-local-freeze,64,1990616316,retained_residual,True,True,10,8,10,0,10,0,10,1,11,0.026585487628709832,0.04496678425097955,0.991485595703125,0.0030917460680939257,0.0008311530691571534,0.00018309103325009346,0.0,0.0006480620359070599,0.0,1280,10240,6.0,9,,
PASS,False,1.0.0-local-freeze,64,1990616316,diagonal_secant,True,True,25,13,25,0,25,0,25,1,26,0.03167783409557832,0.04381386225638612,0.99176025390625,0.01507361966650933,0.00423725217115134,0.00021556596038863063,0.0,0.004021686210762709,0.0,3200,25600,4.0,24,,
PASS,False,1.0.0-local-freeze,64,1990616316,anderson_residual,True,True,9,7,9,0,9,0,9,1,10,0.027242678082935935,0.04084805875977167,0.992279052734375,0.0029512059409171343,0.0012594480067491531,0.00013631401816383004,0.0,0.001123133988585323,0.0,1152,9216,16.0,8,,
PASS,False,1.0.0-local-freeze,64,1990616316,commissioned_pi,True,True,11,6,11,2,9,0,11,1,12,0.03391309036306263,0.058532724025340474,0.98883056640625,0.004492752952501178,0.000692170113325119,7.863499922677875e-05,7.9816032666713e-05,0.0005337190814316273,0.0,1408,11264,3.0,8,,
FAIL_CONTRACT_TIMEOUT,False,1.0.0-local-freeze,64,1990616316,spsa,True,False,,,,0,14,26,40,0,,0.18113012254670174,0.44795431514890305,,0.02189250913215801,0.0004463801742531359,7.77850509621203e-05,0.0,0.0,0.0003685951232910156,5120,40960,2.0,,,
PASS,False,1.0.0-local-freeze,64,1990616316,oracle,False,True,3,1,3,0,3,0,3,1,4,0.021856296581581926,2.103240438232023e-17,0.9951171875,0.002598280960228294,0.00010095105972141027,3.4567026887089014e-05,0.0,6.638403283432126e-05,0.0,384,3072,1.0,2,,
FAIL_CONTRACT_TIMEOUT,False,1.0.0-local-freeze,64,195957893,do_nothing,True,False,,,,0,40,0,40,0,,0.17642910304595813,0.44857075378412736,,0.023333031043875962,0.0010931658907793462,4.964799154549837e-05,0.0,0.0010435178992338479,0.0,5120,40960,1.0,,,
PASS,False,1.0.0-local-freeze,64,195957893,retained_residual,True,True,12,10,12,0,12,0,12,1,13,0.03373713775866428,0.34444414911009885,0.97882080078125,0.006999420002102852,0.0016196229262277484,0.00015628000255674124,0.0,0.0014633429236710072,0.0,1536,12288,6.0,11,,
PASS,False,1.0.0-local-freeze,64,195957893,diagonal_secant,True,True,38,11,38,0,38,0,38,1,39,0.025072284594768835,0.04480171455209354,0.991241455078125,0.028134852240327746,0.009055953763891011,0.0002884310088120401,0.0,0.008767522755078971,0.0,4864,38912,4.0,37,,
PASS,False,1.0.0-local-freeze,64,195957893,anderson_residual,True,True,12,10,12,0,12,0,12,1,13,0.027555717004504172,0.34012675138526793,0.983856201171875,0.005277701944578439,0.002958065888378769,0.0002061830018647015,0.0,0.0027518828865140676,0.0,1536,12288,16.0,11,,
FAIL_CONTRACT_TIMEOUT,False,1.0.0-local-freeze,64,195957893,commissioned_pi,True,False,,38,,2,38,0,40,0,,0.03531925506038289,0.06881088589421304,,0.025414748932234943,0.004877142375335097,6.329204188659787e-05,5.930301267653704e-05,0.004754547320771962,0.0,5120,40960,3.0,,,
FAIL_CONTRACT_TIMEOUT,False,1.0.0-local-freeze,64,195957893,spsa,True,False,,,,0,14,26,40,0,,0.17735287048397266,0.447227367643119,,0.024815543147269636,0.0008975219097919762,0.00010818801820278168,0.0,0.0,0.0007893338915891945,5120,40960,2.0,,,
PASS,False,1.0.0-local-freeze,64,195957893,oracle,False,True,3,1,3,0,3,0,3,1,4,0.02139225631161147,5.204170427930421e-18,0.99468994140625,0.0011518980609253049,5.0476985052227974e-05,2.0692998077720404e-05,0.0,2.978398697450757e-05,0.0,384,3072,1.0,2,,
FAIL_CONTRACT_TIMEOUT,False,1.0.0-local-freeze,64,561759483,do_nothing,True,False,,,,0,40,0,40,0,,0.19188639936616061,0.4499689209419713,,0.010291641752701253,0.0005849272711202502,2.6358000468462706e-05,0.0,0.0005585692706517875,0.0,5120,40960,1.0,,,
PASS,False,1.0.0-local-freeze,64,561759483,retained_residual,True,True,14,9,14,0,14,0,14,1,15,0.03421880663253069,0.053695808182478266,0.990020751953125,0.004171452077571303,0.0010622171103022993,0.00014271895634010434,0.0,0.0009194981539621949,0.0,1792,14336,6.0,13,,
PASS,False,1.0.0-local-freeze,64,561759483,diagonal_secant,True,True,36,31,36,0,36,0,36,1,37,0.02361439467992645,0.03657232626200079,0.991973876953125,0.025980081933084875,0.007264290878083557,0.00021778297377750278,0.0,0.007046507904306054,0.0,4608,36864,4.0,35,,
PASS,False,1.0.0-local-freeze,64,561759483,anderson_residual,True,True,11,9,11,0,11,0,11,1,12,0.02553154281135469,0.05207828671348882,0.989837646484375,0.007283487182576209,0.002887828159146011,0.0002384929684922099,0.0,0.002649335190653801,0.0,1408,11264,16.0,10,,
PASS,False,1.0.0-local-freeze,64,561759483,commissioned_pi,True,True,11,9,11,2,9,0,11,1,12,0.028646644306263094,0.06536615432474568,0.98748779296875,0.009359583025798202,0.0009138509631156921,6.831303471699357e-05,0.00012905301991850138,0.0007164849084801972,0.0,1408,11264,3.0,8,,
FAIL_CONTRACT_TIMEOUT,False,1.0.0-local-freeze,64,561759483,spsa,True,False,,,,0,14,26,40,0,,0.19040337649781153,0.4480006765962677,,0.01693637907737866,0.00041134405182674527,7.142795948311687e-05,0.0,0.0,0.0003399160923436284,5120,40960,2.0,,,
PASS,False,1.0.0-local-freeze,64,561759483,oracle,False,True,3,1,3,0,3,0,3,1,4,0.021574891752112937,1.2981481815797576e-17,0.994415283203125,0.0016287019825540483,5.803094245493412e-05,2.4472945369780064e-05,0.0,3.3557997085154057e-05,0.0,384,3072,1.0,2,,
FAIL_CONTRACT_TIMEOUT,False,1.0.0-local-freeze,64,295370387,do_nothing,True,False,,,,0,40,0,40,0,,0.18024766723337546,0.4497583813073795,,0.01026268705027178,0.0005609680083580315,2.562400186434388e-05,0.0,0.0005353440064936876,0.0,5120,40960,1.0,,,
PASS,False,1.0.0-local-freeze,64,295370387,retained_residual,True,True,9,7,9,0,9,0,9,1,10,0.028305247015691426,0.04428924617625857,0.99176025390625,0.003102560935076326,0.0009746250580064952,0.0001367370132356882,0.0,0.000837888044770807,0.0,1152,9216,6.0,8,,
PASS,False,1.0.0-local-freeze,64,295370387,diagonal_secant,True,True,21,16,21,0,21,0,21,1,22,0.03236561455427655,0.056096817443564324,0.98992919921875,0.017623213061597198,0.003471593896392733,0.00027833401691168547,0.0,0.0031932598794810474,0.0,2688,21504,4.0,20,,
PASS,False,1.0.0-local-freeze,64,295370387,anderson_residual,True,True,10,8,10,0,10,0,10,1,11,0.030350065157567427,0.05406603515199361,0.990478515625,0.006087459856644273,0.003422809939365834,0.00024360697716474533,0.0,0.0031792029622010887,0.0,1280,10240,16.0,9,,
PASS,False,1.0.0-local-freeze,64,295370387,commissioned_pi,True,True,19,11,19,2,17,0,19,1,20,0.03159894434925074,0.04192712101196401,0.992645263671875,0.013233746925834566,0.0035150418989360332,4.791904939338565e-05,5.1776994951069355e-05,0.0034153458545915782,0.0,2432,19456,3.0,16,,
FAIL_CONTRACT_TIMEOUT,False,1.0.0-local-freeze,64,295370387,spsa,True,False,,,,0,14,26,40,0,,0.17990024039041447,0.44757374685043705,,0.0238089170306921,0.0007206869777292013,0.0001824999926611781,0.0,0.0,0.0005381869850680232,5120,40960,2.0,,,
PASS,False,1.0.0-local-freeze,64,295370387,oracle,False,True,3,1,3,0,3,0,3,1,4,0.021948822658785054,1.599923903925e-17,0.99493408203125,0.0011453889892436564,5.623302422463894e-05,2.16810149140656e-05,0.0,3.455200931057334e-05,0.0,384,3072,1.0,2,,
FAIL_CONTRACT_TIMEOUT,False,1.0.0-local-freeze,64,2134251794,do_nothing,True,False,,,,0,40,0,40,0,,0.182359763891155,0.4515920109911761,,0.022248983092140406,0.0007018021424300969,2.6142981369048357e-05,0.0,0.0006756591610610485,0.0,5120,40960,1.0,,,
PASS,False,1.0.0-local-freeze,64,2134251794,retained_residual,True,True,11,9,11,0,11,0,11,1,12,0.030281527268958115,0.0513705519146504,0.9903564453125,0.008010501915123314,0.0017887099529616535,0.0003393049701116979,0.0,0.0014494049828499556,0.0,1408,11264,6.0,10,,
FAIL_CONTRACT_TIMEOUT,False,1.0.0-local-freeze,64,2134251794,diagonal_secant,True,False,,11,,0,40,0,40,0,,0.04161915205781209,0.35094835218029846,,0.013911515998188406,0.005563065176829696,0.00011961400741711259,0.0,0.005443451169412583,0.0,5120,40960,4.0,,,
PASS,False,1.0.0-local-freeze,64,2134251794,anderson_residual,True,True,10,8,10,0,10,0,10,1,11,0.03128833207934006,0.05709245076858905,0.98974609375,0.0058990289689973,0.002944568928796798,0.0002931079943664372,0.0,0.002651460934430361,0.0,1280,10240,16.0,9,,
PASS,False,1.0.0-local-freeze,64,2134251794,commissioned_pi,True,True,21,19,21,2,19,0,21,1,22,0.030884000151745875,0.07022518530473293,0.987457275390625,0.010739735094830394,0.0017159482231363654,8.712999988347292e-05,7.953302701935172e-05,0.0015492851962335408,0.0,2688,21504,3.0,18,,
FAIL_CONTRACT_TIMEOUT,False,1.0.0-local-freeze,64,2134251794,spsa,True,False,,,,0,14,26,40,0,,0.17978826579192284,0.44802962612160047,,0.010225504927802831,0.0003507970250211656,0.00010654295329004526,0.0,0.0,0.00024425407173112035,5120,40960,2.0,,,
PASS,False,1.0.0-local-freeze,64,2134251794,oracle,False,True,3,1,3,0,3,0,3,1,4,0.02631963751525542,1.6616260503529032e-17,0.9947509765625,0.002590651041828096,0.00012394296936690807,4.2925996240228415e-05,0.0,8.101697312667966e-05,0.0,384,3072,1.0,2,,
FAIL_CONTRACT_TIMEOUT,False,1.0.0-local-freeze,64,1411606814,do_nothing,True,False,,,,0,40,0,40,0,,0.18789803952281262,0.45163005868092726,,0.024046670936513692,0.0012991540716029704,5.114101804792881e-05,0.0,0.0012480130535550416,0.0,5120,40960,1.0,,,
PASS,False,1.0.0-local-freeze,64,1411606814,retained_residual,True,True,11,9,11,0,11,0,11,1,12,0.030503078830990057,0.04562718578080667,0.992034912109375,0.005618766997940838,0.0011972059728577733,0.00029921799432486296,0.0,0.0008979879785329103,0.0,1408,11264,6.0,10,,
PASS,False,1.0.0-local-freeze,64,1411606814,diagonal_secant,True,True,26,18,26,0,26,0,26,1,27,0.03197464593604805,0.054725696931834406,0.98992919921875,0.011902572063263506,0.004092400835361332,0.0002180609735660255,0.0,0.003874339861795306,0.0,3328,26624,4.0,25,,
PASS,False,1.0.0-local-freeze,64,1411606814,anderson_residual,True,True,11,9,11,0,11,0,11,1,12,0.027379591476218927,0.05966752415344002,0.989898681640625,0.009732164908200502,0.004158924042712897,0.00015505199553444982,0.0,0.004003872047178447,0.0,1408,11264,16.0,10,,
PASS,False,1.0.0-local-freeze,64,1411606814,commissioned_pi,True,True,16,8,16,2,14,0,16,1,17,0.03171470940508945,0.050119223470889845,0.991058349609375,0.011952311964705586,0.0015287119313143194,0.0001416170271113515,9.336299262940884e-05,0.001293731911573559,0.0,2048,16384,3.0,13,,
FAIL_CONTRACT_TIMEOUT,False,1.0.0-local-freeze,64,1411606814,spsa,True,False,,,,0,14,26,40,0,,0.18752859314814935,0.4494367423821854,,0.022491541865747422,0.0005930789629928768,0.00012430601054802537,0.0,0.0,0.0004687729524448514,5120,40960,2.0,,,
PASS,False,1.0.0-local-freeze,64,1411606814,oracle,False,True,3,1,3,0,3,0,3,1,4,0.024142664172023296,2.2350348528052965e-17,0.995330810546875,0.0019075989839620888,0.00011471298057585955,3.511097747832537e-05,0.0,7.960200309753418e-05,0.0,384,3072,1.0,2,,
FAIL_CONTRACT_TIMEOUT,False,1.0.0-local-freeze,64,2130388698,do_nothing,True,False,,,,0,40,0,40,0,,0.18365828414732976,0.4509289039947293,,0.027756979048717767,0.0012795928050763905,3.352097701281309e-05,0.0,0.0012460718280635774,0.0,5120,40960,1.0,,,
PASS,False,1.0.0-local-freeze,64,2130388698,retained_residual,True,True,14,12,14,0,14,0,14,1,15,0.03453845695442802,0.3642148888897282,0.98321533203125,0.008260243164841086,0.0021266379626467824,0.0001681249705143273,0.0,0.001958512992132455,0.0,1792,14336,6.0,13,,
PASS,False,1.0.0-local-freeze,64,2130388698,diagonal_secant,True,True,27,17,27,0,27,0,27,1,28,0.030820880493035843,0.3708960643405748,0.982879638671875,0.014868058962747455,0.0041895859758369625,0.00020606297766789794,0.0,0.0039835229981690645,0.0,3456,27648,4.0,26,,
PASS,False,1.0.0-local-freeze,64,2130388698,anderson_residual,True,True,14,10,14,0,14,0,14,1,15,0.031116558316646076,0.3691201036396862,0.9832763671875,0.007486383838113397,0.004653491894714534,0.0002598519786261022,0.0,0.004393639916088432,0.0,1792,14336,16.0,13,,
FAIL_CONTRACT_TIMEOUT,False,1.0.0-local-freeze,64,2130388698,commissioned_pi,True,False,,5,,2,38,0,40,0,,0.04183905425158002,0.07435693710142194,,0.029170611989684403,0.005661205854266882,5.083595169708133e-05,7.077195914462209e-05,0.0055395979434251785,0.0,5120,40960,3.0,,,
FAIL_CONTRACT_TIMEOUT,False,1.0.0-local-freeze,64,2130388698,spsa,True,False,,,,0,14,26,40,0,,0.18046470158647598,0.44942763858028023,,0.02292868698714301,0.0005725909722968936,0.00011122500291094184,0.0,0.0,0.00046136596938595176,5120,40960,2.0,,,
PASS,False,1.0.0-local-freeze,64,2130388698,oracle,False,True,3,1,3,0,3,0,3,1,4,0.022139025375310314,1.5612887738340327e-17,0.994964599609375,0.003132932004518807,0.0001233639777638018,3.564398502930999e-05,0.0,8.771999273449183e-05,0.0,384,3072,1.0,2,,
FAIL_CONTRACT_TIMEOUT,False,1.0.0-local-freeze,64,305030663,do_nothing,True,False,,,,0,40,0,40,0,,0.1757082125137958,0.4490701943576309,,0.026278102188371122,0.001257331867236644,4.710996290668845e-05,0.0,0.0012102219043299556,0.0,5120,40960,1.0,,,
PASS,False,1.0.0-local-freeze,64,305030663,retained_residual,True,True,14,8,14,0,14,0,14,1,15,0.03465575688151466,0.05909029419673092,0.9893798828125,0.008052119985222816,0.0015455379034392536,0.00023586401948705316,0.0,0.0013096738839522004,0.0,1792,14336,6.0,13,,
PASS,False,1.0.0-local-freeze,64,305030663,diagonal_secant,True,True,31,18,31,0,31,0,31,1,32,0.03125528946456885,0.04566971740550663,0.992156982421875,0.014940187917090952,0.003969260840676725,0.00021549401571974158,0.0,0.0037537668249569833,0.0,3968,31744,4.0,30,,
PASS,False,1.0.0-local-freeze,64,305030663,anderson_residual,True,True,14,8,14,0,14,0,14,1,15,0.025809194130292052,0.04647059618601249,0.991485595703125,0.011494902020785958,0.005555866111535579,0.0004922630032524467,0.0,0.005063603108283132,0.0,1792,14336,16.0,13,,
PASS,False,1.0.0-local-freeze,64,305030663,commissioned_pi,True,True,19,6,19,2,17,0,19,1,20,0.027125766948765288,0.041498365781184654,0.992279052734375,0.007110767939593643,0.001125236856751144,5.7008001022040844e-05,8.577399421483278e-05,0.0009824548615142703,0.0,2432,19456,3.0,16,,
FAIL_CONTRACT_TIMEOUT,False,1.0.0-local-freeze,64,305030663,spsa,True,False,,,,0,14,26,40,0,,0.1765808225720514,0.4480040025433508,,0.011960845964495093,0.0003687000717036426,8.047098526731133e-05,0.0,0.0,0.00028822908643633127,5120,40960,2.0,,,
PASS,False,1.0.0-local-freeze,64,305030663,oracle,False,True,3,1,3,0,3,0,3,1,4,0.024548940020508107,2.887155267828699e-17,0.99493408203125,0.001340663991868496,6.579095497727394e-05,2.7308997232466936e-05,0.0,3.8481957744807005e-05,0.0,384,3072,1.0,2,,
FAIL_CONTRACT_TIMEOUT,False,1.0.0-local-freeze,64,484958000,do_nothing,True,False,,,,0,40,0,40,0,,0.1796620366464613,0.45024224249639105,,0.028822405205573887,0.0019420148455537856,4.696601536124945e-05,0.0,0.0018950488301925361,0.0,5120,40960,1.0,,,
PASS,False,1.0.0-local-freeze,64,484958000,retained_residual,True,True,14,10,14,0,14,0,14,1,15,0.03008307317185821,0.0525583416852781,0.9898681640625,0.010197377006988972,0.0024439420085400343,0.00024588697124272585,0.0,0.0021980550372973084,0.0,1792,14336,6.0,13,,
PASS,False,1.0.0-local-freeze,64,484958000,diagonal_secant,True,True,30,14,30,0,30,0,30,1,31,0.023537086470977957,0.03901843377378492,0.99188232421875,0.01968147186562419,0.005431986995972693,0.0002054880023933947,0.0,0.005226498993579298,0.0,3840,30720,4.0,29,,
PASS,False,1.0.0-local-freeze,64,484958000,anderson_residual,True,True,16,9,16,0,16,0,16,1,17,0.0325534168606045,0.05864376977467865,0.9884033203125,0.009967672056518495,0.008914256002753973,0.0002481199917383492,0.0,0.008666136011015624,0.0,2048,16384,16.0,15,,
PASS,False,1.0.0-local-freeze,64,484958000,commissioned_pi,True,True,33,7,33,2,31,0,33,1,34,0.0316679983293003,0.052478141112054774,0.989990234375,0.014279349881689996,0.0024841598933562636,7.691897917538881e-05,5.765998503193259e-05,0.0023495809291489422,0.0,4224,33792,3.0,30,,
FAIL_CONTRACT_TIMEOUT,False,1.0.0-local-freeze,64,484958000,spsa,True,False,,,,0,14,26,40,0,,0.1782803768592937,0.4480849983654185,,0.027878513908945024,0.0007676408858969808,0.0001344510237686336,0.0,0.0,0.0006331898621283472,5120,40960,2.0,,,
PASS,False,1.0.0-local-freeze,64,484958000,oracle,False,True,3,1,3,0,3,0,3,1,4,0.02173020859884377,3.878959614448864e-18,0.99468994140625,0.003031809988897294,0.00011345697566866875,3.3999967854470015e-05,0.0,7.945700781419873e-05,0.0,384,3072,1.0,2,,
FAIL_CONTRACT_TIMEOUT,False,1.0.0-local-freeze,64,668379286,do_nothing,True,False,,,,0,40,0,40,0,,0.18170802342629272,0.45030495835229056,,0.02578586875461042,0.0015201258938759565,4.3831998482346535e-05,0.0,0.00147629389539361,0.0,5120,40960,1.0,,,
PASS,False,1.0.0-local-freeze,64,668379286,retained_residual,True,True,14,10,14,0,14,0,14,1,15,0.02608378302790296,0.3819736342085808,0.978271484375,0.009360898053273559,0.002572497818619013,0.0001940779620781541,0.0,0.0023784198565408587,0.0,1792,14336,6.0,13,,
PASS,False,1.0.0-local-freeze,64,668379286,diagonal_secant,True,True,21,15,21,0,21,0,21,1,22,0.03098096373704565,0.05185875840726404,0.990966796875,0.008593235979788005,0.0026038269861601293,0.0003283349797129631,0.0,0.002275492006447166,0.0,2688,21504,4.0,20,,
PASS,False,1.0.0-local-freeze,64,668379286,anderson_residual,True,True,15,7,15,0,15,0,15,1,16,0.030200609159602224,0.38158948791417946,0.976226806640625,0.007764239911921322,0.004077682155184448,0.00031083502108231187,0.0,0.003766847134102136,0.0,1920,15360,16.0,14,,
FAIL_CONTRACT_TIMEOUT,False,1.0.0-local-freeze,64,668379286,commissioned_pi,True,False,,13,,2,38,0,40,0,,0.0382172570291772,0.06946491225125145,,0.02275601093424484,0.004117635311558843,4.0856015402823687e-05,7.443601498380303e-05,0.004002343281172216,0.0,5120,40960,3.0,,,
FAIL_CONTRACT_TIMEOUT,False,1.0.0-local-freeze,64,668379286,spsa,True,False,,,,0,14,26,40,0,,0.18078932414821633,0.4476514341039604,,0.02216469612903893,0.0007322389865294099,0.0001855469890870154,0.0,0.0,0.0005466919974423945,5120,40960,2.0,,,
PASS,False,1.0.0-local-freeze,64,668379286,oracle,False,True,3,1,3,0,3,0,3,1,4,0.022751442935530667,2.2484847461016e-17,0.995208740234375,0.001975000079255551,6.745196878910065e-05,2.6589026674628258e-05,0.0,4.086294211447239e-05,0.0,384,3072,1.0,2,,
FAIL_CONTRACT_TIMEOUT,False,1.0.0-local-freeze,64,2091457751,do_nothing,True,False,,,,0,40,0,40,0,,0.18345256713484753,0.4500051835251523,,0.020495371078141034,0.0012620810302905738,4.423805512487888e-05,0.0,0.001217842975165695,0.0,5120,40960,1.0,,,
PASS,False,1.0.0-local-freeze,64,2091457751,retained_residual,True,True,13,8,13,0,13,0,13,1,14,0.03247744268014269,0.04561555887442265,0.991180419921875,0.0045757650514133275,0.001215802039951086,0.00015900901053100824,0.0,0.0010567930294200778,0.0,1664,13312,6.0,12,,
PASS,False,1.0.0-local-freeze,64,2091457751,diagonal_secant,True,True,24,13,24,0,24,0,24,1,25,0.026455589731647983,0.042262391495311934,0.991607666015625,0.01060508587397635,0.0026361048221588135,0.0001256680116057396,0.0,0.002510436810553074,0.0,3072,24576,4.0,23,,
PASS,False,1.0.0-local-freeze,64,2091457751,anderson_residual,True,True,12,8,12,0,12,0,12,1,13,0.03424836479759531,0.04751406378809435,0.99090576171875,0.011302666098345071,0.00403299304889515,0.00035489798756316304,0.0,0.0036780950613319874,0.0,1536,12288,16.0,11,,
PASS,False,1.0.0-local-freeze,64,2091457751,commissioned_pi,True,True,8,6,8,2,6,0,8,1,9,0.030392167853881078,0.06343208710741866,0.98785400390625,0.0036216090084053576,0.00036190409446135163,5.039502866566181e-05,7.254199590533972e-05,0.0002389670698903501,0.0,1024,8192,3.0,5,,
FAIL_CONTRACT_TIMEOUT,False,1.0.0-local-freeze,64,2091457751,spsa,True,False,,,,0,14,26,40,0,,0.184287581288288,0.44864965471323814,,0.018906281155068427,0.0004003120702691376,7.709499914199114e-05,0.0,0.0,0.0003232170711271465,5120,40960,2.0,,,
PASS,False,1.0.0-local-freeze,64,2091457751,oracle,False,True,3,1,3,0,3,0,3,1,4,0.021178539606645737,2.023017827855918e-17,0.994781494140625,0.0029086769209243357,0.00011516496306285262,3.614695742726326e-05,0.0,7.901800563558936e-05,0.0,384,3072,1.0,2,,
FAIL_CONTRACT_TIMEOUT,False,1.0.0-local-freeze,64,427837642,do_nothing,True,False,,,,0,40,0,40,0,,0.18523166384215195,0.45020878848046103,,0.0217682410730049,0.0011045908904634416,3.286194987595081e-05,0.0,0.0010717289405874908,0.0,5120,40960,1.0,,,
PASS,False,1.0.0-local-freeze,64,427837642,retained_residual,True,True,11,9,11,0,11,0,11,1,12,0.033308367270648905,0.05706414616519073,0.9891357421875,0.003681649162899703,0.0011090710177086294,0.0001391370315104723,0.0,0.0009699339861981571,0.0,1408,11264,6.0,10,,
PASS,False,1.0.0-local-freeze,64,427837642,diagonal_secant,True,True,22,18,22,0,22,0,22,1,23,0.028216401565348156,0.051047392291520395,0.990264892578125,0.007840728212613612,0.0022815268021076918,0.00010944495443254709,0.0,0.0021720818476751447,0.0,2816,22528,4.0,21,,
PASS,False,1.0.0-local-freeze,64,427837642,anderson_residual,True,True,11,9,11,0,11,0,11,1,12,0.03366768043041425,0.05690030004221153,0.98956298828125,0.0075594959780573845,0.004717506992164999,0.000251543999183923,0.0,0.004465962992981076,0.0,1408,11264,16.0,10,,
PASS,False,1.0.0-local-freeze,64,427837642,commissioned_pi,True,True,16,6,16,2,14,0,16,1,17,0.033117464306019424,0.06282630076461349,0.988006591796875,0.011783617024775594,0.0010631539043970406,6.678898353129625e-05,0.00010419799946248531,0.000892166921403259,0.0,2048,16384,3.0,13,,
FAIL_CONTRACT_TIMEOUT,False,1.0.0-local-freeze,64,427837642,spsa,True,False,,,,0,14,26,40,0,,0.1823079862555671,0.4490099428464612,,0.020996807841584086,0.0005053190398029983,0.0001260860008187592,0.0,0.0,0.0003792330389842391,5120,40960,2.0,,,
PASS,False,1.0.0-local-freeze,64,427837642,oracle,False,True,3,1,3,0,3,0,3,1,4,0.021879124252630805,2.3095287758093018e-17,0.994964599609375,0.0017043090192601085,8.170102955773473e-05,2.4057982955127954e-05,0.0,5.764304660260677e-05,0.0,384,3072,1.0,2,,
FAIL_CONTRACT_TIMEOUT,False,1.0.0-local-freeze,64,1523209647,do_nothing,True,False,,,,0,40,0,40,0,,0.1767556943819213,0.45080227358357605,,0.015638623910490423,0.0007739769062027335,5.6066957768052816e-05,0.0,0.0007179099484346807,0.0,5120,40960,1.0,,,
PASS,False,1.0.0-local-freeze,64,1523209647,retained_residual,True,True,13,11,13,0,13,0,13,1,14,0.030601873326615993,0.35832622236713074,0.98162841796875,0.005428946984466165,0.0014124750159680843,0.0001330830273218453,0.0,0.001279391988646239,0.0,1664,13312,6.0,12,,
PASS,False,1.0.0-local-freeze,64,1523209647,diagonal_secant,True,True,31,18,31,0,31,0,31,1,32,0.024380088055031522,0.03197667315779243,0.993804931640625,0.020135752100031823,0.006706649903208017,0.0002422480029053986,0.0,0.006464401900302619,0.0,3968,31744,4.0,30,,
PASS,False,1.0.0-local-freeze,64,1523209647,anderson_residual,True,True,12,10,12,0,12,0,12,1,13,0.03046669341751513,0.36982240778148684,0.97784423828125,0.01241548196412623,0.004386869084555656,0.00026864500250667334,0.0,0.004118224082048982,0.0,1536,12288,16.0,11,,
FAIL_CONTRACT_TIMEOUT,False,1.0.0-local-freeze,64,1523209647,commissioned_pi,True,False,,9,,2,38,0,40,0,,0.04014809811447357,0.4274170524455032,,0.021266270079649985,0.0035879529314115644,5.879998207092285e-05,9.725900599732995e-05,0.0034318939433433115,0.0,5120,40960,3.0,,,
FAIL_CONTRACT_TIMEOUT,False,1.0.0-local-freeze,64,1523209647,spsa,True,False,,,,0,14,26,40,0,,0.17333377236492542,0.44931327248259056,,0.03309404902392998,0.0007669590995647013,0.0002610920346342027,0.0,0.0,0.0005058670649304986,5120,40960,2.0,,,
PASS,False,1.0.0-local-freeze,64,1523209647,oracle,False,True,3,1,3,0,3,0,3,1,4,0.02238376462286081,7.152448122690996e-18,0.995391845703125,0.0013220179826021194,6.343296263366938e-05,2.274999860674143e-05,0.0,4.068296402692795e-05,0.0,384,3072,1.0,2,,
FAIL_CONTRACT_TIMEOUT,False,1.0.0-local-freeze,64,1177627976,do_nothing,True,False,,,,0,40,0,40,0,,0.1862732597562696,0.4482673526407914,,0.031801863107830286,0.0015577861340716481,5.158199928700924e-05,0.0,0.0015062041347846389,0.0,5120,40960,1.0,,,
PASS,False,1.0.0-local-freeze,64,1177627976,retained_residual,True,True,10,8,10,0,10,0,10,1,11,0.03383023229030572,0.06954075955150361,0.986785888671875,0.0067546729114837945,0.003002826008014381,0.0003374270163476467,0.0,0.0026653989916667342,0.0,1280,10240,6.0,9,,
PASS,False,1.0.0-local-freeze,64,1177627976,diagonal_secant,True,True,32,5,32,0,32,0,32,1,33,0.03167414420344701,0.05272827293538877,0.990753173828125,0.021001450077164918,0.005224913824349642,0.00023647199850529432,0.0,0.0049884418258443475,0.0,4096,32768,4.0,31,,
PASS,False,1.0.0-local-freeze,64,1177627976,anderson_residual,True,True,15,10,15,0,15,0,15,1,16,0.02880369565025347,0.053925860497173704,0.989776611328125,0.011779393826145679,0.01279064203845337,0.0002800599904730916,0.0,0.012510582047980279,0.0,1920,15360,16.0,14,,
PASS,False,1.0.0-local-freeze,64,1177627976,commissioned_pi,True,True,9,7,9,2,7,0,9,1,10,0.03282308464537969,0.06446948179864906,0.98785400390625,0.004559352877549827,0.0004503189120441675,4.466000245884061e-05,6.550195394083858e-05,0.00034015695564448833,0.0,1152,9216,3.0,6,,
FAIL_CONTRACT_TIMEOUT,False,1.0.0-local-freeze,64,1177627976,spsa,True,False,,,,0,14,26,40,0,,0.1849374122724167,0.44551782646463645,,0.018586307065561414,0.0006805580924265087,9.493401739746332e-05,0.0,0.0,0.0005856240750290453,5120,40960,2.0,,,
PASS,False,1.0.0-local-freeze,64,1177627976,oracle,False,True,3,1,3,0,3,0,3,1,4,0.02518883629299722,1.0002903535573715e-17,0.994659423828125,0.0018904239987023175,6.422307342290878e-05,2.2710009943693876e-05,0.0,4.151306347921491e-05,0.0,384,3072,1.0,2,,
FAIL_CONTRACT_TIMEOUT,False,1.0.0-local-freeze,64,822056531,do_nothing,True,False,,,,0,40,0,40,0,,0.17921014019689696,0.44942448867579604,,0.01381271192803979,0.0008230818784795702,2.578698331490159e-05,0.0,0.0007972948951646686,0.0,5120,40960,1.0,,,
PASS,False,1.0.0-local-freeze,64,822056531,retained_residual,True,True,13,11,13,0,13,0,13,1,14,0.02853905942881871,0.04542259287187176,0.991485595703125,0.007075835077557713,0.002672636939678341,0.00014163099694997072,0.0,0.0025310059427283704,0.0,1664,13312,6.0,12,,
PASS,False,1.0.0-local-freeze,64,822056531,diagonal_secant,True,True,28,21,28,0,28,0,28,1,29,0.02931662529565557,0.05361061225473792,0.9906005859375,0.010400030063465238,0.0027490219799801707,0.0001700989669188857,0.0,0.002578923013061285,0.0,3584,28672,4.0,27,,
PASS,False,1.0.0-local-freeze,64,822056531,anderson_residual,True,True,13,11,13,0,13,0,13,1,14,0.03418811966562863,0.056074228789173126,0.98974609375,0.007331155007705092,0.005418765009380877,0.00025919999461621046,0.0,0.0051595650147646666,0.0,1664,13312,16.0,12,,
PASS,False,1.0.0-local-freeze,64,822056531,commissioned_pi,True,True,36,5,36,2,34,0,36,1,37,0.029270080393251362,0.05328541462580176,0.9903564453125,0.01497355691390112,0.002519928209949285,7.928098784759641e-05,0.00010911200661212206,0.0023315352154895663,0.0,4608,36864,3.0,33,,
FAIL_CONTRACT_TIMEOUT,False,1.0.0-local-freeze,64,822056531,spsa,True,False,,,,0,14,26,40,0,,0.1821877100822258,0.44704786699805565,,0.016281342890579253,0.0004965009866282344,7.901800563558936e-05,0.0,0.0,0.000417482980992645,5120,40960,2.0,,,
PASS,False,1.0.0-local-freeze,64,822056531,oracle,False,True,3,1,3,0,3,0,3,1,4,0.02191720960325912,1.5993360207877823e-17,0.994873046875,0.0012669370044022799,5.595694528892636e-05,1.9588973373174667e-05,0.0,3.6367971915751696e-05,0.0,384,3072,1.0,2,,
FAIL_CONTRACT_TIMEOUT,False,1.0.0-local-freeze,64,445399178,do_nothing,True,False,,,,0,40,0,40,0,,0.18396856215732912,0.4495994385393705,,0.016761926119215786,0.0008965689339675009,2.846098504960537e-05,0.0,0.0008681079489178956,0.0,5120,40960,1.0,,,
PASS,False,1.0.0-local-freeze,64,445399178,retained_residual,True,True,11,9,11,0,11,0,11,1,12,0.028005328154678554,0.05447838521982609,0.99066162109375,0.004549249017145485,0.001320974959526211,0.00012646400136873126,0.0,0.0011945109581574798,0.0,1408,11264,6.0,10,,
PASS,False,1.0.0-local-freeze,64,445399178,diagonal_secant,True,True,23,16,23,0,23,0,23,1,24,0.026630184947008,0.04577910497849841,0.9915771484375,0.017321488703601062,0.00574324419721961,0.00027241004863753915,0.0,0.005470834148582071,0.0,2944,23552,4.0,22,,
PASS,False,1.0.0-local-freeze,64,445399178,anderson_residual,True,True,23,10,23,0,23,0,23,1,24,0.029719890943621707,0.05861812900220115,0.989776611328125,0.013024604879319668,0.010933608980849385,0.00023437704658135772,0.0,0.010699231934268028,0.0,2944,23552,16.0,22,,
PASS,False,1.0.0-local-freeze,64,445399178,commissioned_pi,True,True,18,9,18,2,16,0,18,1,19,0.03411409351006935,0.062249968337020053,0.989105224609375,0.006539634021464735,0.0010382061009295285,5.002599209547043e-05,5.671300459653139e-05,0.0009314671042375267,0.0,2304,18432,3.0,15,,
FAIL_CONTRACT_TIMEOUT,False,1.0.0-local-freeze,64,445399178,spsa,True,False,,,,0,14,26,40,0,,0.18384220173962088,0.44717751484307416,,0.016339701716788113,0.0007847661036066711,0.0004417260061018169,0.0,0.0,0.0003430400975048542,5120,40960,2.0,,,
PASS,False,1.0.0-local-freeze,64,445399178,oracle,False,True,3,1,3,0,3,0,3,1,4,0.021904181702473036,1.7090548156578303e-17,0.995025634765625,0.0028378659626469016,0.00010371598182246089,3.28679452650249e-05,0.0,7.084803655743599e-05,0.0,384,3072,1.0,2,,
FAIL_CONTRACT_TIMEOUT,False,1.0.0-local-freeze,64,1242705187,do_nothing,True,False,,,,0,40,0,40,0,,0.19186457674390744,0.4501263480045808,,0.01217822008766234,0.0008563080918975174,3.818597178906202e-05,0.0,0.0008181221201084554,0.0,5120,40960,1.0,,,
PASS,False,1.0.0-local-freeze,64,1242705187,retained_residual,True,True,13,11,13,0,13,0,13,1,14,0.032839310569241865,0.054332873570308554,0.99072265625,0.007974112930241972,0.0019545209943316877,0.00015369296306744218,0.0,0.0018008280312642455,0.0,1664,13312,6.0,12,,
PASS,False,1.0.0-local-freeze,64,1242705187,diagonal_secant,True,True,19,17,19,0,19,0,19,1,20,0.030795260716578194,0.054156808685958034,0.9891357421875,0.013660029973834753,0.0035418830811977386,0.00023896497441455722,0.0,0.0033029181067831814,0.0,2432,19456,4.0,18,,
PASS,False,1.0.0-local-freeze,64,1242705187,anderson_residual,True,True,16,11,16,0,16,0,16,1,17,0.03479080199358774,0.05567545079739544,0.9901123046875,0.016319433110766113,0.004770337138324976,0.000171960040461272,0.0,0.004598377097863704,0.0,2048,16384,16.0,15,,
PASS,False,1.0.0-local-freeze,64,1242705187,commissioned_pi,True,True,9,7,9,2,7,0,9,1,10,0.029415288674176386,0.0553516503327958,0.99029541015625,0.003856881055980921,0.00041481893276795745,4.314299440011382e-05,5.594798130914569e-05,0.00031572795705869794,0.0,1152,9216,3.0,6,,
FAIL_CONTRACT_TIMEOUT,False,1.0.0-local-freeze,64,1242705187,spsa,True,False,,,,0,14,26,40,0,,0.19370441525404902,0.44869025105500154,,0.021639926184434444,0.000504257099237293,0.00012921699089929461,0.0,0.0,0.0003750401083379984,5120,40960,2.0,,,
PASS,False,1.0.0-local-freeze,64,1242705187,oracle,False,True,3,1,3,0,3,0,3,1,4,0.021249199214039793,2.5554072508482813e-17,0.9951171875,0.0015053089591674507,6.082095205783844e-05,2.2339983843266964e-05,0.0,3.8480968214571476e-05,0.0,384,3072,1.0,2,,
FAIL_CONTRACT_TIMEOUT,False,1.0.0-local-freeze,256,1239900679,do_nothing,True,False,,,,0,40,0,40,0,,0.18189091896042878,0.4502371416301645,,0.02410516090458259,0.0013126680860295892,3.8327008951455355e-05,0.0,0.0012743410770781338,0.0,20480,163840,1.0,,,
PASS,False,1.0.0-local-freeze,256,1239900679,retained_residual,True,True,12,10,12,0,12,0,12,1,13,0.03364952220589939,0.1960443182420719,0.9881439208984375,0.010198138013947755,0.001877421047538519,0.00011646200437098742,0.0,0.0017609590431675315,0.0,6144,49152,6.0,11,,
PASS,False,1.0.0-local-freeze,256,1239900679,diagonal_secant,True,True,32,22,32,0,32,0,32,1,33,0.0244798822078557,0.18210125029027727,0.9901275634765625,0.022708277159836143,0.005073309817817062,0.00019528198754414916,0.0,0.004878027830272913,0.0,16384,131072,4.0,31,,
PASS,False,1.0.0-local-freeze,256,1239900679,anderson_residual,True,True,12,10,12,0,12,0,12,1,13,0.033427817544881035,0.052342831932013244,0.9908981323242188,0.006584523885976523,0.005347537167835981,0.0002324220258742571,0.0,0.0051151151419617236,0.0,6144,49152,16.0,11,,
PASS,False,1.0.0-local-freeze,256,1239900679,commissioned_pi,True,True,15,7,15,2,13,0,15,1,16,0.03305384090180627,0.06286449085547588,0.988861083984375,0.008045548805966973,0.0008121969876810908,4.476204048842192e-05,9.198195766657591e-05,0.000675452989526093,0.0,7680,61440,3.0,12,,
FAIL_CONTRACT_TIMEOUT,False,1.0.0-local-freeze,256,1239900679,spsa,True,False,,,,0,14,26,40,0,,0.1824500178105759,0.44963419177160036,,0.032172251027077436,0.002375280892010778,0.0018620539922267199,0.0,0.0,0.0005132268997840583,20480,163840,2.0,,,
PASS,False,1.0.0-local-freeze,256,1239900679,oracle,False,True,3,1,3,0,3,0,3,1,4,0.021899280951700347,2.5161024945632248e-17,0.9953536987304688,0.005088137986604124,0.00012585794320330024,3.087695222347975e-05,0.0,9.498099097982049e-05,0.0,1536,12288,1.0,2,,
FAIL_CONTRACT_TIMEOUT,False,1.0.0-local-freeze,256,1573996,do_nothing,True,False,,,,0,40,0,40,0,,0.18513504804269262,0.450547596390013,,0.028533784032333642,0.0015434440574608743,2.7912959922105074e-05,0.0,0.0015155310975387692,0.0,20480,163840,1.0,,,
PASS,False,1.0.0-local-freeze,256,1573996,retained_residual,True,True,12,10,12,0,12,0,12,1,13,0.03285883062204688,0.19079389654042422,0.9863815307617188,0.011960098054260015,0.002399805875029415,0.00020889699226245284,0.0,0.002190908882766962,0.0,6144,49152,6.0,11,,
FAIL_CONTRACT_TIMEOUT,False,1.0.0-local-freeze,256,1573996,diagonal_secant,True,False,,38,,0,40,0,40,0,,0.03677379560650779,0.20387831100726908,,0.024690941034350544,0.007120948226656765,0.00022153800819069147,0.0,0.006899410218466073,0.0,20480,163840,4.0,,,
PASS,False,1.0.0-local-freeze,256,1573996,anderson_residual,True,True,13,11,13,0,13,0,13,1,14,0.03034598364304147,0.05517080513767029,0.9902191162109375,0.007023349811788648,0.0036864050780422986,0.00041821697959676385,0.0,0.0032681880984455347,0.0,6656,53248,16.0,12,,
FAIL_CONTRACT_TIMEOUT,False,1.0.0-local-freeze,256,1573996,commissioned_pi,True,False,,11,,2,38,0,40,0,,0.034340371766694085,0.061375972034000435,,0.021908258029725403,0.003798530960921198,6.286101415753365e-05,9.135500295087695e-05,0.0036443149438127875,0.0,20480,163840,3.0,,,
FAIL_CONTRACT_TIMEOUT,False,1.0.0-local-freeze,256,1573996,spsa,True,False,,,,0,14,26,40,0,,0.1851288906035669,0.44986824039843215,,0.02938158030156046,0.000722117954865098,0.0001334120170213282,0.0,0.0,0.0005887059378437698,20480,163840,2.0,,,
PASS,False,1.0.0-local-freeze,256,1573996,oracle,False,True,3,1,3,0,3,0,3,1,4,0.024291800493413715,2.2656453233396362e-17,0.9950408935546875,0.0016731990617699921,6.531894905492663e-05,2.2931955754756927e-05,0.0,4.2386993300169706e-05,0.0,1536,12288,1.0,2,,
FAIL_CONTRACT_TIMEOUT,False,1.0.0-local-freeze,256,1558604323,do_nothing,True,False,,,,0,40,0,40,0,,0.18035246810206507,0.4492959231441053,,0.02424336998956278,0.0013845415087416768,2.750800922513008e-05,0.0,0.0013570334995165467,0.0,20480,163840,1.0,,,
PASS,False,1.0.0-local-freeze,256,1558604323,retained_residual,True,True,13,9,13,0,13,0,13,1,14,0.030783479048288202,0.4417160886305454,0.9789581298828125,0.015758308058138937,0.00576943886699155,0.00025562202790752053,0.0,0.005513816839084029,0.0,6656,53248,6.0,12,,
FAIL_CONTRACT_TIMEOUT,False,1.0.0-local-freeze,256,1558604323,diagonal_secant,True,False,,20,,0,40,0,40,0,,0.03416456160321442,0.2635787749209094,,0.03905824711546302,0.012498175434302539,0.00031662004766985774,0.0,0.012181555386632681,0.0,20480,163840,4.0,,,
PASS,False,1.0.0-local-freeze,256,1558604323,anderson_residual,True,True,11,9,11,0,11,0,11,1,12,0.031471806376812975,0.26375785050835593,0.9860610961914062,0.003970270918216556,0.002152830013073981,0.00017602002480998635,0.0,0.0019768099882639945,0.0,5632,45056,16.0,10,,
FAIL_CONTRACT_TIMEOUT,False,1.0.0-local-freeze,256,1558604323,commissioned_pi,True,False,,12,,2,38,0,40,0,,0.032804196306127464,0.061602265587437706,,0.017046399938408285,0.004097486147657037,0.00032186100725084543,5.3238996770232916e-05,0.0037223861436359584,0.0,20480,163840,3.0,,,
FAIL_CONTRACT_TIMEOUT,False,1.0.0-local-freeze,256,1558604323,spsa,True,False,,,,0,14,26,40,0,,0.18005518508566293,0.4487749744303888,,0.02889495581621304,0.0006491307867690921,0.0001315249828621745,0.0,0.0,0.0005176058039069176,20480,163840,2.0,,,
PASS,False,1.0.0-local-freeze,256,1558604323,oracle,False,True,3,1,3,0,3,0,3,1,4,0.023316188620153847,1.7184262410878855e-17,0.995269775390625,0.002784449956379831,0.00010472896974533796,2.558500273153186e-05,0.0,7.91439670138061e-05,0.0,1536,12288,1.0,2,,
FAIL_CONTRACT_TIMEOUT,False,1.0.0-local-freeze,256,1280968996,do_nothing,True,False,,,,0,40,0,40,0,,0.18040719071251515,0.4503365710964425,,0.02665868995245546,0.0010825209319591522,3.950903192162514e-05,0.0,0.001043011900037527,0.0,20480,163840,1.0,,,
PASS,False,1.0.0-local-freeze,256,1280968996,retained_residual,True,True,13,9,13,0,13,0,13,1,14,0.02813302793105168,0.046464182921321255,0.9917144775390625,0.009965346136596054,0.0029496019706130028,0.00014219502918422222,0.0,0.0028074069414287806,0.0,6656,53248,6.0,12,,
FAIL_CONTRACT_TIMEOUT,False,1.0.0-local-freeze,256,1280968996,diagonal_secant,True,False,,24,,0,40,0,40,0,,0.037885622058023566,0.18672607354082477,,0.025774572975933552,0.010741747624706477,0.0023046289570629597,0.0,0.008437118667643517,0.0,20480,163840,4.0,,,
PASS,False,1.0.0-local-freeze,256,1280968996,anderson_residual,True,True,13,11,13,0,13,0,13,1,14,0.027763005039661566,0.05139095317696176,0.9907073974609375,0.014000368071720004,0.014579584007151425,0.0002080830163322389,0.0,0.014371500990819186,0.0,6656,53248,16.0,12,,
PASS,False,1.0.0-local-freeze,256,1280968996,commissioned_pi,True,True,16,7,16,2,14,0,16,1,17,0.030689024939299692,0.054443841421824304,0.990325927734375,0.007041199889499694,0.000930498936213553,4.0535000152885914e-05,0.00010868802201002836,0.0007812759140506387,0.0,8192,65536,3.0,13,,
FAIL_CONTRACT_TIMEOUT,False,1.0.0-local-freeze,256,1280968996,spsa,True,False,,,,0,14,26,40,0,,0.1792599097129419,0.44994314459513646,,0.018924195086583495,0.0005442318506538868,0.00011490000179037452,0.0,0.0,0.0004293318488635123,20480,163840,2.0,,,
PASS,False,1.0.0-local-freeze,256,1280968996,oracle,False,True,3,1,3,0,3,0,3,1,4,0.02262000069721834,2.07318053829053e-17,0.9950027465820312,0.002169284096453339,7.630203617736697e-05,3.157899482175708e-05,0.0,4.4723041355609894e-05,0.0,1536,12288,1.0,2,,
FAIL_CONTRACT_TIMEOUT,False,1.0.0-local-freeze,256,946144272,do_nothing,True,False,,,,0,40,0,40,0,,0.18499145510329704,0.449977194960974,,0.03430118114920333,0.0025786293554119766,3.055803244933486e-05,0.0,0.0025480713229626417,0.0,20480,163840,1.0,,,
PASS,False,1.0.0-local-freeze,256,946144272,retained_residual,True,True,13,11,13,0,13,0,13,1,14,0.030821413067650752,0.24137296057944763,0.9883346557617188,0.004594591096974909,0.0011807610280811787,0.00012431899085640907,0.0,0.0010564420372247696,0.0,6656,53248,6.0,12,,
FAIL_CONTRACT_TIMEOUT,False,1.0.0-local-freeze,256,946144272,diagonal_secant,True,False,,36,,0,40,0,40,0,,0.03542284089211508,0.1989543808907408,,0.02679785096552223,0.007481320877559483,0.00020039099035784602,0.0,0.007280929887201637,0.0,20480,163840,4.0,,,
PASS,False,1.0.0-local-freeze,256,946144272,anderson_residual,True,True,11,9,11,0,11,0,11,1,12,0.029710194577917598,0.1742512888165418,0.989501953125,0.007530413917265832,0.0037558600888587534,0.0004359279992058873,0.0,0.003319932089652866,0.0,5632,45056,16.0,10,,
PASS,False,1.0.0-local-freeze,256,946144272,commissioned_pi,True,True,31,6,31,2,29,0,31,1,32,0.03443312350366933,0.06322197701772993,0.98822021484375,0.025063440087251365,0.004287563089746982,0.00016371102537959814,6.898900028318167e-05,0.004054863064084202,0.0,15872,126976,3.0,28,,
FAIL_CONTRACT_TIMEOUT,False,1.0.0-local-freeze,256,946144272,spsa,True,False,,,,0,14,26,40,0,,0.18385907351276307,0.44950971358036207,,0.025847541983239353,0.0008460861281491816,0.00011831201845780015,0.0,0.0,0.0007277741096913815,20480,163840,2.0,,,
PASS,False,1.0.0-local-freeze,256,946144272,oracle,False,True,3,1,3,0,3,0,3,1,4,0.024209178486761754,1.4227442750248475e-17,0.994720458984375,0.00189581501763314,0.00011747493408620358,7.582997204735875e-05,0.0,4.1644962038844824e-05,0.0,1536,12288,1.0,2,,
FAIL_CONTRACT_TIMEOUT,False,1.0.0-local-freeze,256,1536741766,do_nothing,True,False,,,,0,40,0,40,0,,0.18522980351721685,0.45008632850436886,,0.02292400290025398,0.0010850120452232659,4.240300040692091e-05,0.0,0.001042609044816345,0.0,20480,163840,1.0,,,
PASS,False,1.0.0-local-freeze,256,1536741766,retained_residual,True,True,12,10,12,0,12,0,12,1,13,0.031047462726591837,0.22239519888461085,0.9880752563476562,0.010666276968549937,0.002755514986347407,0.00021667301189154387,0.0,0.0025388419744558632,0.0,6144,49152,6.0,11,,
FAIL_CONTRACT_TIMEOUT,False,1.0.0-local-freeze,256,1536741766,diagonal_secant,True,False,,20,,0,40,0,40,0,,0.03603866270626259,0.1954135925488313,,0.032199966604821384,0.0076567489304579794,0.00031145696993917227,0.0,0.007345291960518807,0.0,20480,163840,4.0,,,
PASS,False,1.0.0-local-freeze,256,1536741766,anderson_residual,True,True,15,9,15,0,15,0,15,1,16,0.03275797264229195,0.05477421736733735,0.9904556274414062,0.012678477156441659,0.008292871993035078,0.00030674797017127275,0.0,0.007986124022863805,0.0,7680,61440,16.0,14,,
PASS,False,1.0.0-local-freeze,256,1536741766,commissioned_pi,True,True,18,6,18,2,16,0,18,1,19,0.0344897241457998,0.05862335932292548,0.9899063110351562,0.010619506821967661,0.0011415939079597592,3.645499236881733e-05,4.7595996875315905e-05,0.001057542918715626,0.0,9216,73728,3.0,15,,
FAIL_CONTRACT_TIMEOUT,False,1.0.0-local-freeze,256,1536741766,spsa,True,False,,,,0,14,26,40,0,,0.18541809431519393,0.4496161869222223,,0.03419619979104027,0.0008511649793945253,0.0001502630184404552,0.0,0.0,0.0007009019609540701,20480,163840,2.0,,,
PASS,False,1.0.0-local-freeze,256,1536741766,oracle,False,True,3,1,3,0,3,0,3,1,4,0.022720905652943428,1.5561984004503015e-17,0.995147705078125,0.0021812619525007904,6.740499520674348e-05,2.7169997338205576e-05,0.0,4.02349978685379e-05,0.0,1536,12288,1.0,2,,
FAIL_CONTRACT_TIMEOUT,False,1.0.0-local-freeze,256,2015248058,do_nothing,True,False,,,,0,40,0,40,0,,0.18394678052173447,0.4498235905837643,,0.02917366923065856,0.0014007651479914784,3.107899101451039e-05,0.0,0.001369686156976968,0.0,20480,163840,1.0,,,
PASS,False,1.0.0-local-freeze,256,2015248058,retained_residual,True,True,11,9,11,0,11,0,11,1,12,0.03058460123667965,0.17020637431308705,0.9899826049804688,0.00891042995499447,0.001811356982216239,0.00011644797632470727,0.0,0.0016949090058915317,0.0,5632,45056,6.0,10,,
FAIL_CONTRACT_TIMEOUT,False,1.0.0-local-freeze,256,2015248058,diagonal_secant,True,False,,18,,0,40,0,40,0,,0.029780797952191275,0.183409905121859,,0.0268014530884102,0.00684140290832147,0.0001598300295881927,0.0,0.006681572878733277,0.0,20480,163840,4.0,,,
PASS,False,1.0.0-local-freeze,256,2015248058,anderson_residual,True,True,12,8,12,0,12,0,12,1,13,0.0292351589243044,0.050048079123985484,0.9911727905273438,0.009000707883387804,0.004409409943036735,0.0001740989973768592,0.0,0.004235310945659876,0.0,6144,49152,16.0,11,,
PASS,False,1.0.0-local-freeze,256,2015248058,commissioned_pi,True,True,14,8,14,2,12,0,14,1,15,0.0325535062637864,0.061913246894368515,0.98858642578125,0.010466536041349173,0.0010060060303658247,4.175200592726469e-05,5.733297439292073e-05,0.0009069210500456393,0.0,7168,57344,3.0,11,,
FAIL_CONTRACT_TIMEOUT,False,1.0.0-local-freeze,256,2015248058,spsa,True,False,,,,0,14,26,40,0,,0.18332814536703756,0.4488690781903785,,0.020275971910450608,0.0005281487829051912,7.31759937480092e-05,0.0,0.0,0.000454972789157182,20480,163840,2.0,,,
PASS,False,1.0.0-local-freeze,256,2015248058,oracle,False,True,3,1,3,0,3,0,3,1,4,0.023851498295110008,1.7574780101670243e-17,0.9949874877929688,0.003144866961520165,0.00012589001562446356,3.657001070678234e-05,0.0,8.932000491768122e-05,0.0,1536,12288,1.0,2,,
FAIL_CONTRACT_TIMEOUT,False,1.0.0-local-freeze,256,1062974352,do_nothing,True,False,,,,0,40,0,40,0,,0.18400652624527833,0.44951996278229717,,0.021118705975823104,0.0011144060990773141,3.1291041523218155e-05,0.0,0.001083115057554096,0.0,20480,163840,1.0,,,
PASS,False,1.0.0-local-freeze,256,1062974352,retained_residual,True,True,12,8,12,0,12,0,12,1,13,0.030629585711027838,0.05396094238360044,0.9903564453125,0.01311158703174442,0.002212512888945639,0.00022528698900714517,0.0,0.001987225899938494,0.0,6144,49152,6.0,11,,
PASS,False,1.0.0-local-freeze,256,1062974352,diagonal_secant,True,True,39,24,39,0,39,0,39,1,40,0.032337661898104116,0.052547571652072,0.9909515380859375,0.03506982891121879,0.009429487981833518,0.0002267989912070334,0.0,0.009202688990626484,0.0,19968,159744,4.0,38,,
PASS,False,1.0.0-local-freeze,256,1062974352,anderson_residual,True,True,10,8,10,0,10,0,10,1,11,0.030419122186378187,0.0545418513937771,0.9903411865234375,0.005622017954010516,0.002466037170961499,0.00012794602662324905,0.0,0.00233809114433825,0.0,5120,40960,16.0,9,,
PASS,False,1.0.0-local-freeze,256,1062974352,commissioned_pi,True,True,14,12,14,2,12,0,14,1,15,0.0336024727696945,0.06462160484793825,0.9886245727539062,0.009749878023285419,0.002730228006839752,3.7675024941563606e-05,0.00010395003482699394,0.0025886029470711946,0.0,7168,57344,3.0,11,,
FAIL_CONTRACT_TIMEOUT,False,1.0.0-local-freeze,256,1062974352,spsa,True,False,,,,0,14,26,40,0,,0.1848556543178436,0.4491411246901396,,0.03101861709728837,0.0008788889972493052,0.00026673002867028117,0.0,0.0,0.0006121589685790241,20480,163840,2.0,,,
PASS,False,1.0.0-local-freeze,256,1062974352,oracle,False,True,3,1,3,0,3,0,3,1,4,0.02509877391656929,2.0420236281763908e-17,0.995147705078125,0.0018715389887802303,6.627407856285572e-05,2.412102185189724e-05,0.0,4.215305671095848e-05,0.0,1536,12288,1.0,2,,
FAIL_CONTRACT_TIMEOUT,False,1.0.0-local-freeze,256,317314755,do_nothing,True,False,,,,0,40,0,40,0,,0.1830356712826195,0.4504229646149188,,0.02520374913001433,0.0014258571900427341,3.313500201329589e-05,0.0,0.0013927221880294383,0.0,20480,163840,1.0,,,
PASS,False,1.0.0-local-freeze,256,317314755,retained_residual,True,True,12,8,12,0,12,0,12,1,13,0.02828226740334837,0.050751038626577406,0.9911727905273438,0.005820134188979864,0.0017880499362945557,0.00041121599497273564,0.0,0.00137683394132182,0.0,6144,49152,6.0,11,,
FAIL_CONTRACT_TIMEOUT,False,1.0.0-local-freeze,256,317314755,diagonal_secant,True,False,,30,,0,40,0,40,0,,0.03449171892735654,0.18213372808336575,,0.029319544904865324,0.008999935700558126,0.00017763901269063354,0.0,0.008822296687867492,0.0,20480,163840,4.0,,,
PASS,False,1.0.0-local-freeze,256,317314755,anderson_residual,True,True,10,8,10,0,10,0,10,1,11,0.03151766689359191,0.04670099949127843,0.991546630859375,0.004189980041701347,0.002016044978518039,0.00017550704069435596,0.0,0.001840537937823683,0.0,5120,40960,16.0,9,,
PASS,False,1.0.0-local-freeze,256,317314755,commissioned_pi,True,True,27,6,27,2,25,0,27,1,28,0.03367708081298903,0.0625128508349896,0.9893264770507812,0.018578540009912103,0.002635965880472213,5.922297714278102e-05,0.00010458804899826646,0.0024721548543311656,0.0,13824,110592,3.0,24,,
FAIL_CONTRACT_TIMEOUT,False,1.0.0-local-freeze,256,317314755,spsa,True,False,,,,0,14,26,40,0,,0.1826959321639763,0.44943439270588237,,0.021699623903259635,0.0005308871041052043,8.281000191345811e-05,0.0,0.0,0.00044807710219174623,20480,163840,2.0,,,
PASS,False,1.0.0-local-freeze,256,317314755,oracle,False,True,3,1,3,0,3,0,3,1,4,0.022529244218226534,2.1503312717798973e-17,0.9951629638671875,0.007462402048986405,8.10050405561924e-05,3.0472001526504755e-05,0.0,5.053303902968764e-05,0.0,1536,12288,1.0,2,,
FAIL_CONTRACT_TIMEOUT,False,1.0.0-local-freeze,256,1833476299,do_nothing,True,False,,,,0,40,0,40,0,,0.18053293173174065,0.4504030931896543,,0.01960080792196095,0.001044238219037652,5.112000508233905e-05,0.0,0.000993118213955313,0.0,20480,163840,1.0,,,
PASS,False,1.0.0-local-freeze,256,1833476299,retained_residual,True,True,11,9,11,0,11,0,11,1,12,0.032777629926284864,0.4312814672161146,0.9776382446289062,0.008187464030925184,0.0020002012024633586,0.00023788399994373322,0.0,0.0017623172025196254,0.0,5632,45056,6.0,10,,
FAIL_CONTRACT_TIMEOUT,False,1.0.0-local-freeze,256,1833476299,diagonal_secant,True,False,,17,,0,40,0,40,0,,0.03511239667829214,0.3160425474262282,,0.02446086797863245,0.006505163910333067,0.00030229397816583514,0.0,0.006202869932167232,0.0,20480,163840,4.0,,,
PASS,False,1.0.0-local-freeze,256,1833476299,anderson_residual,True,True,12,10,12,0,12,0,12,1,13,0.03183998904161715,0.2434094776228514,0.98675537109375,0.007502836990170181,0.00468262005597353,0.00016727898037061095,0.0,0.004515341075602919,0.0,6144,49152,16.0,11,,
FAIL_CONTRACT_TIMEOUT,False,1.0.0-local-freeze,256,1833476299,commissioned_pi,True,False,,26,,2,38,0,40,0,,0.04142600490198548,0.08293170965628333,,0.023402464925311506,0.003656601009424776,4.537298809736967e-05,6.976298755034804e-05,0.003541465033777058,0.0,20480,163840,3.0,,,
FAIL_CONTRACT_TIMEOUT,False,1.0.0-local-freeze,256,1833476299,spsa,True,False,,,,0,14,26,40,0,,0.18117523884107592,0.44996551541269236,,0.023226247110869735,0.0005773199372924864,0.00011256098514422774,0.0,0.0,0.0004647589521482587,20480,163840,2.0,,,
PASS,False,1.0.0-local-freeze,256,1833476299,oracle,False,True,3,1,3,0,3,0,3,1,4,0.0233871246415446,2.0077363442045344e-17,0.9951400756835938,0.002304275054484606,9.169906843453646e-05,2.4525041226297617e-05,0.0,6.717402720823884e-05,0.0,1536,12288,1.0,2,,
FAIL_CONTRACT_TIMEOUT,False,1.0.0-local-freeze,256,1883236474,do_nothing,True,False,,,,0,40,0,40,0,,0.1791696017266566,0.4499302296653523,,0.034164699900429696,0.005390776961576194,3.715301863849163e-05,0.0,0.005353623942937702,0.0,20480,163840,1.0,,,
PASS,False,1.0.0-local-freeze,256,1883236474,retained_residual,True,True,12,10,12,0,12,0,12,1,13,0.03156254606668491,0.30278655907678054,0.9834060668945312,0.01689292793162167,0.0029254278633743525,0.00021253596059978008,0.0,0.0027128919027745724,0.0,6144,49152,6.0,11,,
PASS,False,1.0.0-local-freeze,256,1883236474,diagonal_secant,True,True,40,24,40,0,40,0,40,1,41,0.034340609068853396,0.17906173968571565,0.9876937866210938,0.025091936346143484,0.006480093987192959,0.00013965001562610269,0.0,0.006340443971566856,0.0,20480,163840,4.0,39,,
PASS,False,1.0.0-local-freeze,256,1883236474,anderson_residual,True,True,12,10,12,0,12,0,12,1,13,0.029348637629327604,0.18060853425441414,0.9881515502929688,0.010263970005325973,0.0029520150274038315,0.0001472730073146522,0.0,0.0028047420200891793,0.0,6144,49152,16.0,11,,
PASS,False,1.0.0-local-freeze,256,1883236474,commissioned_pi,True,True,22,15,22,2,20,0,22,1,23,0.03322711947118016,0.19567628720352026,0.9869155883789062,0.01022354606539011,0.0014373600133694708,6.037001730874181e-05,7.883098442107439e-05,0.0012981590116396546,0.0,11264,90112,3.0,19,,
FAIL_CONTRACT_TIMEOUT,False,1.0.0-local-freeze,256,1883236474,spsa,True,False,,,,0,14,26,40,0,,0.17991923725540107,0.4491927450655179,,0.022773528122343123,0.0005891339387744665,0.0001355449785478413,0.0,0.0,0.0004535889602266252,20480,163840,2.0,,,
PASS,False,1.0.0-local-freeze,256,1883236474,oracle,False,True,3,1,3,0,3,0,3,1,4,0.023180496262782194,1.7145655564176943e-17,0.994964599609375,0.0029026101110503078,0.0001271090586669743,3.706605639308691e-05,0.0,9.00430022738874e-05,0.0,1536,12288,1.0,2,,
FAIL_CONTRACT_TIMEOUT,False,1.0.0-local-freeze,256,812473704,do_nothing,True,False,,,,0,40,0,40,0,,0.18224916949082107,0.45018734434561875,,0.062235823017545044,0.0021985661587677896,4.749197978526354e-05,0.0,0.002151074178982526,0.0,20480,163840,1.0,,,
PASS,False,1.0.0-local-freeze,256,812473704,retained_residual,True,True,11,9,11,0,11,0,11,1,12,0.026835915643219466,0.04595781762378716,0.9911346435546875,0.010691542935092002,0.002969639899674803,0.00026150199119001627,0.0,0.0027081379084847867,0.0,5632,45056,6.0,10,,
FAIL_CONTRACT_TIMEOUT,False,1.0.0-local-freeze,256,812473704,diagonal_secant,True,False,,24,,0,40,0,40,0,,0.03333761172541401,0.23144632621269612,,0.028860674996394664,0.008976822777185589,0.0002978640259243548,0.0,0.008678958751261234,0.0,20480,163840,4.0,,,
PASS,False,1.0.0-local-freeze,256,812473704,anderson_residual,True,True,11,9,11,0,11,0,11,1,12,0.02930743901208532,0.05385906213177255,0.989776611328125,0.007786004978697747,0.003846095991320908,0.00023066403809934855,0.0,0.0036154319532215595,0.0,5632,45056,16.0,10,,
PASS,False,1.0.0-local-freeze,256,812473704,commissioned_pi,True,True,21,6,21,2,19,0,21,1,22,0.0346207734006746,0.05974106710059892,0.9889297485351562,0.013969829946290702,0.002291093987878412,5.975703243166208e-05,9.283301187679172e-05,0.002138503943569958,0.0,10752,86016,3.0,18,,
FAIL_CONTRACT_TIMEOUT,False,1.0.0-local-freeze,256,812473704,spsa,True,False,,,,0,14,26,40,0,,0.1821881337291809,0.44980143037355885,,0.025985231797676533,0.0007244281005114317,7.272901711985469e-05,0.0,0.0,0.000651699083391577,20480,163840,2.0,,,
PASS,False,1.0.0-local-freeze,256,812473704,oracle,False,True,3,1,3,0,3,0,3,1,4,0.023414933745308095,2.260138989295422e-17,0.9947052001953125,0.002126860083080828,8.689396781846881e-05,2.3473985493183136e-05,0.0,6.341998232528567e-05,0.0,1536,12288,1.0,2,,
FAIL_CONTRACT_TIMEOUT,False,1.0.0-local-freeze,256,1612189033,do_nothing,True,False,,,,0,40,0,40,0,,0.1793102692086856,0.4502354322077058,,0.026283960964065045,0.0017756526940502226,4.7316018026322126e-05,0.0,0.0017283366760239005,0.0,20480,163840,1.0,,,
PASS,False,1.0.0-local-freeze,256,1612189033,retained_residual,True,True,11,9,11,0,11,0,11,1,12,0.03476369429167044,0.31276402459412644,0.98394775390625,0.005780338076874614,0.001434451958630234,0.0001481079962104559,0.0,0.0012863439624197781,0.0,5632,45056,6.0,10,,
PASS,False,1.0.0-local-freeze,256,1612189033,diagonal_secant,True,True,35,19,35,0,35,0,35,1,36,0.03276224403283176,0.24613552695990396,0.9865188598632812,0.025971938099246472,0.007339362986385822,0.000244744005613029,0.0,0.007094618980772793,0.0,17920,143360,4.0,34,,
PASS,False,1.0.0-local-freeze,256,1612189033,anderson_residual,True,True,11,9,11,0,11,0,11,1,12,0.03174750120784701,0.25230502081114997,0.9861526489257812,0.01039635599590838,0.0030214389553293586,0.0002430030144751072,0.0,0.0027784359408542514,0.0,5632,45056,16.0,10,,
FAIL_CONTRACT_TIMEOUT,False,1.0.0-local-freeze,256,1612189033,commissioned_pi,True,False,,12,,2,38,0,40,0,,0.03652066128425127,0.19438383251152783,,0.03177451906958595,0.004394528339616954,4.383001942187548e-05,0.00012785103172063828,0.004222847288474441,0.0,20480,163840,3.0,,,
FAIL_CONTRACT_TIMEOUT,False,1.0.0-local-freeze,256,1612189033,spsa,True,False,,,,0,14,26,40,0,,0.17971510390052386,0.44993856356462714,,0.022205783694516867,0.0005769801209680736,0.00012768397573381662,0.0,0.0,0.000449296145234257,20480,163840,2.0,,,
PASS,False,1.0.0-local-freeze,256,1612189033,oracle,False,True,3,1,3,0,3,0,3,1,4,0.022519088188239635,1.242695059020271e-17,0.995086669921875,0.003196437028236687,0.00011054007336497307,2.291501732543111e-05,0.0,8.762505603954196e-05,0.0,1536,12288,1.0,2,,
FAIL_CONTRACT_TIMEOUT,False,1.0.0-local-freeze,256,1990616316,do_nothing,True,False,,,,0,40,0,40,0,,0.18022078892708046,0.4506262262913378,,0.022808127047028393,0.0012001038994640112,6.508396472781897e-05,0.0,0.0011350199347361922,0.0,20480,163840,1.0,,,
PASS,False,1.0.0-local-freeze,256,1990616316,retained_residual,True,True,11,9,11,0,11,0,11,1,12,0.03146871013198456,0.26163383711527183,0.9853897094726562,0.01216534577542916,0.001671553065534681,0.0002374400501139462,0.0,0.0014341130154207349,0.0,5632,45056,6.0,10,,
PASS,False,1.0.0-local-freeze,256,1990616316,diagonal_secant,True,True,33,24,33,0,33,0,33,1,34,0.03336252141292045,0.06638673071462714,0.9877166748046875,0.017103510268498212,0.004634417884517461,0.00018022902077063918,0.0,0.004454188863746822,0.0,16896,135168,4.0,32,,
PASS,False,1.0.0-local-freeze,256,1990616316,anderson_residual,True,True,11,9,11,0,11,0,11,1,12,0.02867484565204222,0.045663544795444544,0.9913787841796875,0.010142297891434282,0.005495281016919762,0.0004584539565257728,0.0,0.005036827060393989,0.0,5632,45056,16.0,10,,
PASS,False,1.0.0-local-freeze,256,1990616316,commissioned_pi,True,True,17,13,17,2,15,0,17,1,18,0.03439568999622295,0.06139761996170727,0.9887466430664062,0.011509133037179708,0.0017520298715680838,4.569999873638153e-05,0.0001128879957832396,0.0015934418770484626,0.0,8704,69632,3.0,14,,
FAIL_CONTRACT_TIMEOUT,False,1.0.0-local-freeze,256,1990616316,spsa,True,False,,,,0,14,26,40,0,,0.1794006108596854,0.4504955837828434,,0.022711399185936898,0.0005612480454146862,0.00012702401727437973,0.0,0.0,0.00043422402814030647,20480,163840,2.0,,,
PASS,False,1.0.0-local-freeze,256,1990616316,oracle,False,True,3,1,3,0,3,0,3,1,4,0.022542819787595696,1.6308145108305313e-17,0.9948806762695312,0.003239315003156662,0.00011646002531051636,3.8040976505726576e-05,0.0,7.841904880478978e-05,0.0,1536,12288,1.0,2,,
FAIL_CONTRACT_TIMEOUT,False,1.0.0-local-freeze,256,195957893,do_nothing,True,False,,,,0,40,0,40,0,,0.1806455899150957,0.44993916338999906,,0.02109027502592653,0.0013407777296379209,5.8420991990715265e-05,0.0,0.0012823567376472056,0.0,20480,163840,1.0,,,
PASS,False,1.0.0-local-freeze,256,195957893,retained_residual,True,True,12,10,12,0,12,0,12,1,13,0.030554078208936703,0.36586561045170624,0.9807510375976562,0.005613044137135148,0.0014366250834427774,0.00012950098607689142,0.0,0.001307124097365886,0.0,6144,49152,6.0,11,,
FAIL_CONTRACT_TIMEOUT,False,1.0.0-local-freeze,256,195957893,diagonal_secant,True,False,,30,,0,40,0,40,0,,0.024582880002155028,0.04061228317891913,,0.02446466701803729,0.007610366970766336,0.00015172897838056087,0.0,0.007458637992385775,0.0,20480,163840,4.0,,,
PASS,False,1.0.0-local-freeze,256,195957893,anderson_residual,True,True,13,9,13,0,13,0,13,1,14,0.031099695602898297,0.3193669107685219,0.9814605712890625,0.00764949998119846,0.005723075882997364,0.00016167102148756385,0.0,0.0055614048615098,0.0,6656,53248,16.0,12,,
PASS,False,1.0.0-local-freeze,256,195957893,commissioned_pi,True,True,31,17,31,2,29,0,31,1,32,0.033558535138774916,0.06003826162944541,0.9890518188476562,0.014373253099620342,0.002269214077387005,4.0437967982143164e-05,4.965101834386587e-05,0.002179125091060996,0.0,15872,126976,3.0,28,,
FAIL_CONTRACT_TIMEOUT,False,1.0.0-local-freeze,256,195957893,spsa,True,False,,,,0,14,26,40,0,,0.1798653486950918,0.44958676088999266,,0.03337938687764108,0.0008792089065536857,0.00013638398377224803,0.0,0.0,0.0007428249227814376,20480,163840,2.0,,,
PASS,False,1.0.0-local-freeze,256,195957893,oracle,False,True,3,1,3,0,3,0,3,1,4,0.023995230560326774,2.4037037460074448e-17,0.995025634765625,0.006302859983406961,0.00012753100600093603,4.1444029193371534e-05,0.0,8.60869768075645e-05,0.0,1536,12288,1.0,2,,
FAIL_CONTRACT_TIMEOUT,False,1.0.0-local-freeze,256,561759483,do_nothing,True,False,,,,0,40,0,40,0,,0.18537594049042172,0.4500090280476831,,0.016432114993222058,0.0007995731430128217,3.570999251678586e-05,0.0,0.0007638631504960358,0.0,20480,163840,1.0,,,
PASS,False,1.0.0-local-freeze,256,561759483,retained_residual,True,True,13,8,13,0,13,0,13,1,14,0.031029834639165196,0.2585389660383545,0.9859390258789062,0.01051138894399628,0.002814756066072732,0.000588919036090374,0.0,0.0022258370299823582,0.0,6656,53248,6.0,12,,
FAIL_CONTRACT_TIMEOUT,False,1.0.0-local-freeze,256,561759483,diagonal_secant,True,False,,20,,0,40,0,40,0,,0.030229490437582288,0.32305349017412466,,0.03385754826012999,0.010628058982547373,0.0002184910117648542,0.0,0.010409567970782518,0.0,20480,163840,4.0,,,
PASS,False,1.0.0-local-freeze,256,561759483,anderson_residual,True,True,11,9,11,0,11,0,11,1,12,0.029644257649139173,0.25993632205599626,0.9848175048828125,0.005502100044395775,0.00215644808486104,0.00015153002459555864,0.0,0.0020049180602654815,0.0,5632,45056,16.0,10,,
FAIL_CONTRACT_TIMEOUT,False,1.0.0-local-freeze,256,561759483,commissioned_pi,True,False,,10,,2,38,0,40,0,,0.035562145704874495,0.15852812235599653,,0.01907747791847214,0.003019574040081352,6.443599704653025e-05,9.0502027887851e-05,0.0028646360151469707,0.0,20480,163840,3.0,,,
FAIL_CONTRACT_TIMEOUT,False,1.0.0-local-freeze,256,561759483,spsa,True,False,,,,0,14,26,40,0,,0.1848600852798863,0.4492223682330587,,0.020175520097836852,0.0005381690571084619,0.00013563001994043589,0.0,0.0,0.00040253903716802597,20480,163840,2.0,,,
PASS,False,1.0.0-local-freeze,256,561759483,oracle,False,True,3,1,3,0,3,0,3,1,4,0.023152787711628847,1.5271479273572087e-17,0.994842529296875,0.005124683957546949,0.00010539102368056774,3.610400017350912e-05,0.0,6.928702350705862e-05,0.0,1536,12288,1.0,2,,
FAIL_CONTRACT_TIMEOUT,False,1.0.0-local-freeze,256,295370387,do_nothing,True,False,,,,0,40,0,40,0,,0.18377664135908098,0.45031320379750306,,0.030661099823191762,0.002344372041989118,4.663103027269244e-05,0.0,0.0022977410117164254,0.0,20480,163840,1.0,,,
PASS,False,1.0.0-local-freeze,256,295370387,retained_residual,True,True,12,10,12,0,12,0,12,1,13,0.030831870062307767,0.2560421329729695,0.985595703125,0.008028955140616745,0.002175962959881872,0.00018942001042887568,0.0,0.0019865429494529963,0.0,6144,49152,6.0,11,,
FAIL_CONTRACT_TIMEOUT,False,1.0.0-local-freeze,256,295370387,diagonal_secant,True,False,,24,,0,40,0,40,0,,0.032149823171665474,0.1792504823361917,,0.01885132904862985,0.00489757105242461,0.00011160399299114943,0.0,0.00478596705943346,0.0,20480,163840,4.0,,,
PASS,False,1.0.0-local-freeze,256,295370387,anderson_residual,True,True,12,10,12,0,12,0,12,1,13,0.034041417962544736,0.1768465955015847,0.9880294799804688,0.008279432950075716,0.0038516268832609057,0.00015639199409633875,0.0,0.003695234889164567,0.0,6144,49152,16.0,11,,
PASS,False,1.0.0-local-freeze,256,295370387,commissioned_pi,True,True,22,16,22,2,20,0,22,1,23,0.03377554931982762,0.06316036475797701,0.9883880615234375,0.012005761207547039,0.0016661669942550361,5.0753005780279636e-05,9.278400102630258e-05,0.001522629987448454,0.0,11264,90112,3.0,19,,
FAIL_CONTRACT_TIMEOUT,False,1.0.0-local-freeze,256,295370387,spsa,True,False,,,,0,14,26,40,0,,0.18384665332797426,0.4499607606112836,,0.02636370697291568,0.0006457950221374631,0.00011276500299572945,0.0,0.0,0.0005330300191417336,20480,163840,2.0,,,
PASS,False,1.0.0-local-freeze,256,295370387,oracle,False,True,3,1,3,0,3,0,3,1,4,0.022927365144817188,1.7955988674517873e-17,0.994903564453125,0.006338095001410693,0.00017462903633713722,3.5076052881777287e-05,0.0,0.00013955298345535994,0.0,1536,12288,1.0,2,,
FAIL_CONTRACT_TIMEOUT,False,1.0.0-local-freeze,256,2134251794,do_nothing,True,False,,,,0,40,0,40,0,,0.181499630288514,0.4496821221993402,,0.03218728210777044,0.001964721886906773,5.513697396963835e-05,0.0,0.0019095849129371345,0.0,20480,163840,1.0,,,
PASS,False,1.0.0-local-freeze,256,2134251794,retained_residual,True,True,11,9,11,0,11,0,11,1,12,0.03200523640166072,0.0550990259208228,0.9901657104492188,0.013782592082861811,0.002975492097903043,0.00025018403539434075,0.0,0.0027253080625087023,0.0,5632,45056,6.0,10,,
FAIL_CONTRACT_TIMEOUT,False,1.0.0-local-freeze,256,2134251794,diagonal_secant,True,False,,26,,0,40,0,40,0,,0.036614881624396786,0.31651278043911457,,0.02515447506448254,0.009797649981919676,0.00013043900253251195,0.0,0.009667210979387164,0.0,20480,163840,4.0,,,
PASS,False,1.0.0-local-freeze,256,2134251794,anderson_residual,True,True,11,9,11,0,11,0,11,1,12,0.03186963848527724,0.05505727173983638,0.9902114868164062,0.008025973162148148,0.0035679659922607243,0.0005462599801830947,0.0,0.0030217060120776296,0.0,5632,45056,16.0,10,,
PASS,False,1.0.0-local-freeze,256,2134251794,commissioned_pi,True,True,40,14,40,2,38,0,40,1,41,0.03420283351293011,0.06411722756875492,0.98785400390625,0.01592203910695389,0.0028109237900935113,6.699602818116546e-05,0.0003178460174240172,0.0024260817444883287,0.0,20480,163840,3.0,37,,
FAIL_CONTRACT_TIMEOUT,False,1.0.0-local-freeze,256,2134251794,spsa,True,False,,,,0,14,26,40,0,,0.18012049454784618,0.4493878962854268,,0.014965810987632722,0.000424340832978487,0.00013103301171213388,0.0,0.0,0.00029330782126635313,20480,163840,2.0,,,
PASS,False,1.0.0-local-freeze,256,2134251794,oracle,False,True,3,1,3,0,3,0,3,1,4,0.023891336598224136,2.0532682458032934e-17,0.9950332641601562,0.00385019404347986,6.555404979735613e-05,2.5496992748230696e-05,0.0,4.005705704912543e-05,0.0,1536,12288,1.0,2,,
FAIL_CONTRACT_TIMEOUT,False,1.0.0-local-freeze,256,1411606814,do_nothing,True,False,,,,0,40,0,40,0,,0.18399582749255516,0.44954763797137925,,0.012699476152192801,0.0005826610722579062,2.6986992452293634e-05,0.0,0.0005556740798056126,0.0,20480,163840,1.0,,,
PASS,False,1.0.0-local-freeze,256,1411606814,retained_residual,True,True,12,10,12,0,12,0,12,1,13,0.030889857302896,0.280028535956217,0.9866256713867188,0.007098367030266672,0.0026146199088543653,0.00024016399402171373,0.0,0.0023744559148326516,0.0,6144,49152,6.0,11,,
FAIL_CONTRACT_TIMEOUT,False,1.0.0-local-freeze,256,1411606814,diagonal_secant,True,False,,27,,0,40,0,40,0,,0.03208827925645306,0.05678583689996598,,0.0179814460570924,0.006935006123967469,0.0003004979807883501,0.0,0.006634508143179119,0.0,20480,163840,4.0,,,
PASS,False,1.0.0-local-freeze,256,1411606814,anderson_residual,True,True,12,10,12,0,12,0,12,1,13,0.029999671837382762,0.27962488186595846,0.986297607421875,0.004093073948752135,0.00233148701954633,0.00013728905469179153,0.0,0.0021941979648545384,0.0,6144,49152,16.0,11,,
PASS,False,1.0.0-local-freeze,256,1411606814,commissioned_pi,True,True,13,6,13,2,11,0,13,1,14,0.03336377408550548,0.05793373705776026,0.989776611328125,0.005587388062849641,0.000804030045401305,0.00012169696856290102,4.852894926443696e-05,0.000633804127573967,0.0,6656,53248,3.0,10,,
FAIL_CONTRACT_TIMEOUT,False,1.0.0-local-freeze,256,1411606814,spsa,True,False,,,,0,14,26,40,0,,0.1828135655954882,0.44900484948255065,,0.03367348475148901,0.0008755739545449615,0.00021376903168857098,0.0,0.0,0.0006618049228563905,20480,163840,2.0,,,
PASS,False,1.0.0-local-freeze,256,1411606814,oracle,False,True,3,1,3,0,3,0,3,1,4,0.02356041032153414,1.9055142351226255e-17,0.9951553344726562,0.001933062041644007,6.921798922121525e-05,3.192597068846226e-05,0.0,3.729201853275299e-05,0.0,1536,12288,1.0,2,,
FAIL_CONTRACT_TIMEOUT,False,1.0.0-local-freeze,256,2130388698,do_nothing,True,False,,,,0,40,0,40,0,,0.18081209844984067,0.4510021719744595,,0.020565871091093868,0.0010289277997799218,2.635002601891756e-05,0.0,0.0010025777737610042,0.0,20480,163840,1.0,,,
PASS,False,1.0.0-local-freeze,256,2130388698,retained_residual,True,True,11,9,11,0,11,0,11,1,12,0.0316158795431436,0.24910094655159423,0.986572265625,0.005207328998949379,0.0012960530002601445,0.0001865579979494214,0.0,0.001109495002310723,0.0,5632,45056,6.0,10,,
PASS,False,1.0.0-local-freeze,256,2130388698,diagonal_secant,True,True,37,15,37,0,37,0,37,1,38,0.03398980804291726,0.06633256441126986,0.9902877807617188,0.021397537144366652,0.006094656884670258,0.0001745519693940878,0.0,0.00592010491527617,0.0,18944,151552,4.0,36,,
PASS,False,1.0.0-local-freeze,256,2130388698,anderson_residual,True,True,11,9,11,0,11,0,11,1,12,0.029469071417337015,0.049175916217890345,0.9915237426757812,0.011637196992523968,0.006683559040538967,0.0003045310149900615,0.0,0.006379028025548905,0.0,5632,45056,16.0,10,,
PASS,False,1.0.0-local-freeze,256,2130388698,commissioned_pi,True,True,30,7,30,2,28,0,30,1,31,0.03491634396567606,0.06442883084111861,0.9886016845703125,0.024577108153607696,0.003406869014725089,0.00020240398589521646,0.000122629979159683,0.0030818350496701896,0.0,15360,122880,3.0,27,,
FAIL_CONTRACT_TIMEOUT,False,1.0.0-local-freeze,256,2130388698,spsa,True,False,,,,0,14,26,40,0,,0.18079726360707202,0.4506176308982699,,0.038074882177170366,0.0009401109418831766,0.00015262997476384044,0.0,0.0,0.0007874809671193361,20480,163840,2.0,,,
PASS,False,1.0.0-local-freeze,256,2130388698,oracle,False,True,3,1,3,0,3,0,3,1,4,0.024003767862068464,0.0012845563954854977,0.995361328125,0.002931628958322108,0.0001152280019596219,3.85390012525022e-05,0.0,7.66890007071197e-05,0.0,1536,12288,1.0,2,,
FAIL_CONTRACT_TIMEOUT,False,1.0.0-local-freeze,256,305030663,do_nothing,True,False,,,,0,40,0,40,0,,0.1822204513179258,0.45119859887127495,,0.0291196561884135,0.0013233659556135535,5.899200914427638e-05,0.0,0.0012643739464692771,0.0,20480,163840,1.0,,,
PASS,False,1.0.0-local-freeze,256,305030663,retained_residual,True,True,11,9,11,0,11,0,11,1,12,0.030910103786177638,0.20760088605077293,0.98834228515625,0.006462448975071311,0.0024084809701889753,0.00019411102402955294,0.0,0.0022143699461594224,0.0,5632,45056,6.0,10,,
FAIL_CONTRACT_TIMEOUT,False,1.0.0-local-freeze,256,305030663,diagonal_secant,True,False,,22,,0,40,0,40,0,,0.04597282469017903,0.2809505416999228,,0.027926558221224695,0.006359713966958225,0.0001360730384476483,0.0,0.0062236409285105765,0.0,20480,163840,4.0,,,
PASS,False,1.0.0-local-freeze,256,305030663,anderson_residual,True,True,12,8,12,0,12,0,12,1,13,0.027539742914546403,0.20792156056379388,0.98828125,0.023612579854670912,0.005285496066790074,0.00022146501578390598,0.0,0.005064031051006168,0.0,6144,49152,16.0,11,,
PASS,False,1.0.0-local-freeze,256,305030663,commissioned_pi,True,True,13,11,13,2,11,0,13,1,14,0.034798202895275944,0.23353032143511607,0.9875335693359375,0.010321401990950108,0.0014857359346933663,6.0694990679621696e-05,0.00010431598639115691,0.0013207249576225877,0.0,6656,53248,3.0,10,,
FAIL_CONTRACT_TIMEOUT,False,1.0.0-local-freeze,256,305030663,spsa,True,False,,,,0,14,26,40,0,,0.18048481167910607,0.45067194970987634,,0.029676022240892053,0.0007791980169713497,0.00015094300033524632,0.0,0.0,0.0006282550166361034,20480,163840,2.0,,,
PASS,False,1.0.0-local-freeze,256,305030663,oracle,False,True,3,1,3,0,3,0,3,1,4,0.023540944064424085,2.3891840798885774e-17,0.9947128295898438,0.004783467971719801,0.00015789206372573972,4.16660332120955e-05,0.0,0.00011622603051364422,0.0,1536,12288,1.0,2,,
FAIL_CONTRACT_TIMEOUT,False,1.0.0-local-freeze,256,484958000,do_nothing,True,False,,,,0,40,0,40,0,,0.18132074900605866,0.449915600880351,,0.03835945582250133,0.0012305471464060247,2.873095218092203e-05,0.0,0.0012018161942251027,0.0,20480,163840,1.0,,,
PASS,False,1.0.0-local-freeze,256,484958000,retained_residual,True,True,13,11,13,0,13,0,13,1,14,0.03174209205050697,0.27978245105698907,0.986358642578125,0.008431004011072218,0.002499604015611112,0.00024558702716603875,0.0,0.0022540169884450734,0.0,6656,53248,6.0,12,,
FAIL_CONTRACT_TIMEOUT,False,1.0.0-local-freeze,256,484958000,diagonal_secant,True,False,,19,,0,40,0,40,0,,0.03652728144669239,0.17958304718804324,,0.028267975198104978,0.009479610132984817,0.0002570789656601846,0.0,0.009222531167324632,0.0,20480,163840,4.0,,,
PASS,False,1.0.0-local-freeze,256,484958000,anderson_residual,True,True,11,9,11,0,11,0,11,1,12,0.03421171254793463,0.056503109984079196,0.9896469116210938,0.012933201040141284,0.014027958852238953,0.00034107296960428357,0.0,0.01368688588263467,0.0,5632,45056,16.0,10,,
PASS,False,1.0.0-local-freeze,256,484958000,commissioned_pi,True,True,25,12,25,2,23,0,25,1,26,0.03305604207273165,0.06153914387751754,0.988983154296875,0.01425096794264391,0.0018531331443227828,7.054203888401389e-05,0.00016841903561726213,0.0016141720698215067,0.0,12800,102400,3.0,22,,
FAIL_CONTRACT_TIMEOUT,False,1.0.0-local-freeze,256,484958000,spsa,True,False,,,,0,14,26,40,0,,0.18102891462334403,0.4494783724639718,,0.027649010124150664,0.0007583748665638268,0.00015913997776806355,0.0,0.0,0.0005992348887957633,20480,163840,2.0,,,
PASS,False,1.0.0-local-freeze,256,484958000,oracle,False,True,3,1,3,0,3,0,3,1,4,0.024246628735569126,1.2909292549015833e-17,0.9949569702148438,0.0037660860107280314,0.0001737709972076118,9.252002928406e-05,0.0,8.12509679235518e-05,0.0,1536,12288,1.0,2,,
FAIL_CONTRACT_TIMEOUT,False,1.0.0-local-freeze,256,668379286,do_nothing,True,False,,,,0,40,0,40,0,,0.1843076323981426,0.45007579200118786,,0.03750839363783598,0.0021823151037096977,3.262702375650406e-05,0.0,0.0021496880799531937,0.0,20480,163840,1.0,,,
PASS,False,1.0.0-local-freeze,256,668379286,retained_residual,True,True,10,8,10,0,10,0,10,1,11,0.028652247790830556,0.2558512794174335,0.9857025146484375,0.006293256010394543,0.0018389548640698195,0.0001494759926572442,0.0,0.0016894788714125752,0.0,5120,40960,6.0,9,,
PASS,False,1.0.0-local-freeze,256,668379286,diagonal_secant,True,True,36,23,36,0,36,0,36,1,37,0.028316592103661584,0.19242110058867457,0.9895172119140625,0.0319710920448415,0.009226108260918409,0.0002246820367872715,0.0,0.009001426224131137,0.0,18432,147456,4.0,35,,
PASS,False,1.0.0-local-freeze,256,668379286,anderson_residual,True,True,10,8,10,0,10,0,10,1,11,0.03018387111996982,0.260179702250748,0.9851303100585938,0.008694971038494259,0.006948967056814581,0.00033724098466336727,0.0,0.006611726072151214,0.0,5120,40960,16.0,9,,
PASS,False,1.0.0-local-freeze,256,668379286,commissioned_pi,True,True,20,10,20,2,18,0,20,1,21,0.03403909582955491,0.06449791068210532,0.9882659912109375,0.013533697987440974,0.002075362019240856,7.254001684486866e-05,9.031500667333603e-05,0.0019125069957226515,0.0,10240,81920,3.0,17,,
FAIL_CONTRACT_TIMEOUT,False,1.0.0-local-freeze,256,668379286,spsa,True,False,,,,0,14,26,40,0,,0.1847333988601341,0.44888905482781266,,0.027966323890723288,0.000687774911057204,0.00013697799295186996,0.0,0.0,0.000550796918105334,20480,163840,2.0,,,
PASS,False,1.0.0-local-freeze,256,668379286,oracle,False,True,3,1,3,0,3,0,3,1,4,0.02317371038028401,1.5189668567134657e-17,0.9949798583984375,0.004595119971781969,0.00010404904605820775,4.129402805119753e-05,0.0,6.275501800701022e-05,0.0,1536,12288,1.0,2,,
FAIL_CONTRACT_TIMEOUT,False,1.0.0-local-freeze,256,2091457751,do_nothing,True,False,,,,0,40,0,40,0,,0.18582177377510756,0.44992733264545287,,0.04283771140035242,0.0015407889732159674,3.428698983043432e-05,0.0,0.001506501983385533,0.0,20480,163840,1.0,,,
PASS,False,1.0.0-local-freeze,256,2091457751,retained_residual,True,True,12,8,12,0,12,0,12,1,13,0.03153517363987366,0.1808624072701271,0.988922119140625,0.007370770035777241,0.0022178780054673553,0.0005170850199647248,0.0,0.0017007929855026305,0.0,6144,49152,6.0,11,,
PASS,False,1.0.0-local-freeze,256,2091457751,diagonal_secant,True,True,39,16,39,0,39,0,39,1,40,0.031036677026188886,0.06099319710319164,0.988861083984375,0.06838351517217234,0.008501211937982589,0.0002308159600943327,0.0,0.008270395977888256,0.0,19968,159744,4.0,38,,
PASS,False,1.0.0-local-freeze,256,2091457751,anderson_residual,True,True,12,10,12,0,12,0,12,1,13,0.03308118137462048,0.18210146132666793,0.9880905151367188,0.009036286035552621,0.005175076890736818,0.000584311957936734,0.0,0.004590764932800084,0.0,6144,49152,16.0,11,,
PASS,False,1.0.0-local-freeze,256,2091457751,commissioned_pi,True,True,14,6,14,2,12,0,14,1,15,0.03146794434702768,0.05937957616274867,0.98919677734375,0.01708469307050109,0.0016678441897965968,7.913896115496755e-05,9.922496974468231e-05,0.001489480258896947,0.0,7168,57344,3.0,11,,
FAIL_CONTRACT_TIMEOUT,False,1.0.0-local-freeze,256,2091457751,spsa,True,False,,,,0,14,26,40,0,,0.18543906091126974,0.44945101206316995,,0.019670523062814027,0.00047887099208310246,6.920803571119905e-05,0.0,0.0,0.0004096629563719034,20480,163840,2.0,,,
PASS,False,1.0.0-local-freeze,256,2091457751,oracle,False,True,3,1,3,0,3,0,3,1,4,0.021453162842708144,2.0804325480741818e-17,0.9951095581054688,0.0028791389777325094,0.00012112699914723635,4.660798003897071e-05,0.0,7.451901910826564e-05,0.0,1536,12288,1.0,2,,
FAIL_CONTRACT_TIMEOUT,False,1.0.0-local-freeze,256,427837642,do_nothing,True,False,,,,0,40,0,40,0,,0.18564016544219178,0.45020348517565023,,0.02676297805737704,0.0018933875835500658,3.700796514749527e-05,0.0,0.0018563796184025705,0.0,20480,163840,1.0,,,
PASS,False,1.0.0-local-freeze,256,427837642,retained_residual,True,True,12,10,12,0,12,0,12,1,13,0.02919027883766281,0.04677388737483502,0.9913711547851562,0.011660821968689561,0.002562748035416007,0.000500846013892442,0.0,0.002061902021523565,0.0,6144,49152,6.0,11,,
PASS,False,1.0.0-local-freeze,256,427837642,diagonal_secant,True,True,30,18,30,0,30,0,30,1,31,0.03487636830758757,0.06638360155414035,0.988616943359375,0.022221984982024878,0.010833247972186655,0.00018026004545390606,0.0,0.010652987926732749,0.0,15360,122880,4.0,29,,
PASS,False,1.0.0-local-freeze,256,427837642,anderson_residual,True,True,10,8,10,0,10,0,10,1,11,0.032129919476750646,0.05780927407316265,0.9892959594726562,0.0062252889620140195,0.0035677470732480288,0.00013837602455168962,0.0,0.003429371048696339,0.0,5120,40960,16.0,9,,
PASS,False,1.0.0-local-freeze,256,427837642,commissioned_pi,True,True,13,9,13,2,11,0,13,1,14,0.03493826559909228,0.05969080813814343,0.988983154296875,0.008221042109653354,0.0008379869977943599,4.282401641830802e-05,5.6983029935508966e-05,0.0007381799514405429,0.0,6656,53248,3.0,10,,
FAIL_CONTRACT_TIMEOUT,False,1.0.0-local-freeze,256,427837642,spsa,True,False,,,,0,14,26,40,0,,0.18596356871826458,0.4499951807018782,,0.0298778229043819,0.0007777840946801007,0.0001270680222660303,0.0,0.0,0.0006507160724140704,20480,163840,2.0,,,
PASS,False,1.0.0-local-freeze,256,427837642,oracle,False,True,3,1,3,0,3,0,3,1,4,0.02299862980356918,1.8980666276793524e-17,0.9949417114257812,0.0028615169576369226,0.00010248698526993394,3.975298022851348e-05,0.0,6.273400504142046e-05,0.0,1536,12288,1.0,2,,
FAIL_CONTRACT_TIMEOUT,False,1.0.0-local-freeze,256,1523209647,do_nothing,True,False,,,,0,40,0,40,0,,0.17629302811341102,0.4501722490746268,,0.03192863392177969,0.0014540671254508197,4.005199298262596e-05,0.0,0.0014140151324681938,0.0,20480,163840,1.0,,,
PASS,False,1.0.0-local-freeze,256,1523209647,retained_residual,True,True,12,10,12,0,12,0,12,1,13,0.02995941901804073,0.35692603967272507,0.98345947265625,0.010640640975907445,0.0026683990145102143,0.00023746798979118466,0.0,0.0024309310247190297,0.0,6144,49152,6.0,11,,
FAIL_CONTRACT_TIMEOUT,False,1.0.0-local-freeze,256,1523209647,diagonal_secant,True,False,,23,,0,40,0,40,0,,0.03122416560899893,0.3074507343967535,,0.03976772981695831,0.010037859959993511,0.0003519189776852727,0.0,0.009685940982308239,0.0,20480,163840,4.0,,,
PASS,False,1.0.0-local-freeze,256,1523209647,anderson_residual,True,True,11,9,11,0,11,0,11,1,12,0.03164563963441332,0.2444686216490766,0.9873199462890625,0.010841350944247097,0.0053765770280733705,0.00016674597281962633,0.0,0.005209831055253744,0.0,5632,45056,16.0,10,,
PASS,False,1.0.0-local-freeze,256,1523209647,commissioned_pi,True,True,31,15,31,2,29,0,31,1,32,0.031042827884771602,0.05611404932362201,0.990264892578125,0.01424864394357428,0.002037869766354561,0.00012132100528106093,0.00010367197683081031,0.0018128767842426896,0.0,15872,126976,3.0,28,,
FAIL_CONTRACT_TIMEOUT,False,1.0.0-local-freeze,256,1523209647,spsa,True,False,,,,0,14,26,40,0,,0.17799831275043165,0.45003483139545397,,0.027201556134968996,0.0005197229329496622,0.00014589499915018678,0.0,0.0,0.00037382793379947543,20480,163840,2.0,,,
PASS,False,1.0.0-local-freeze,256,1523209647,oracle,False,True,3,1,3,0,3,0,3,1,4,0.022114170855087767,2.2305071823287748e-17,0.995269775390625,0.0032106429571285844,0.00010998192010447383,3.2510957680642605e-05,0.0,7.747096242383122e-05,0.0,1536,12288,1.0,2,,
FAIL_CONTRACT_TIMEOUT,False,1.0.0-local-freeze,256,1177627976,do_nothing,True,False,,,,0,40,0,40,0,,0.18245399994279793,0.45066269014420896,,0.023044686240609735,0.003810312075074762,0.00030578201403841376,0.0,0.0035045300610363483,0.0,20480,163840,1.0,,,
PASS,False,1.0.0-local-freeze,256,1177627976,retained_residual,True,True,11,9,11,0,11,0,11,1,12,0.030069521967931962,0.246551140024033,0.98687744140625,0.01413831184618175,0.00375768612138927,0.001395291998051107,0.0,0.002362394123338163,0.0,5632,45056,6.0,10,,
PASS,False,1.0.0-local-freeze,256,1177627976,diagonal_secant,True,True,40,22,40,0,40,0,40,1,41,0.03363978190213828,0.05585768827210992,0.9898605346679688,0.012976926809642464,0.00374081201152876,0.0001243320293724537,0.0,0.0036164799821563065,0.0,20480,163840,4.0,39,,
PASS,False,1.0.0-local-freeze,256,1177627976,anderson_residual,True,True,11,9,11,0,11,0,11,1,12,0.031547320363942914,0.1645896334670667,0.9881820678710938,0.009798451152164489,0.004484012955799699,0.0005005219718441367,0.0,0.003983490983955562,0.0,5632,45056,16.0,10,,
PASS,False,1.0.0-local-freeze,256,1177627976,commissioned_pi,True,True,19,17,19,2,17,0,19,1,20,0.03368122873140139,0.06055267318394887,0.9886474609375,0.01267393701709807,0.0014659878215752542,4.955398617312312e-05,0.00010117102647200227,0.0013152628089301288,0.0,9728,77824,3.0,16,,
FAIL_CONTRACT_TIMEOUT,False,1.0.0-local-freeze,256,1177627976,spsa,True,False,,,,0,14,26,40,0,,0.1842008347724048,0.4501288140500727,,0.038340022845659405,0.0007965059485286474,7.739698048681021e-05,0.0,0.0,0.0007191089680418372,20480,163840,2.0,,,
PASS,False,1.0.0-local-freeze,256,1177627976,oracle,False,True,3,1,3,0,3,0,3,1,4,0.025112531943927516,2.2627639611494254e-17,0.9947280883789062,0.00432409904897213,0.00010973698226734996,3.269198350608349e-05,0.0,7.704499876126647e-05,0.0,1536,12288,1.0,2,,
FAIL_CONTRACT_TIMEOUT,False,1.0.0-local-freeze,256,822056531,do_nothing,True,False,,,,0,40,0,40,0,,0.18068728233306644,0.44967609213192666,,0.02184540481539443,0.0024011131026782095,2.4259963538497686e-05,0.0,0.002376853139139712,0.0,20480,163840,1.0,,,
PASS,False,1.0.0-local-freeze,256,822056531,retained_residual,True,True,11,9,11,0,11,0,11,1,12,0.03176071034708343,0.05459091743037262,0.9902267456054688,0.008295648964121938,0.004396253963932395,0.00013451301492750645,0.0,0.0042617409490048885,0.0,5632,45056,6.0,10,,
FAIL_CONTRACT_TIMEOUT,False,1.0.0-local-freeze,256,822056531,diagonal_secant,True,False,,27,,0,40,0,40,0,,0.03411244521890612,0.06707704103072766,,0.02474951109616086,0.00955063389847055,0.00014767597895115614,0.0,0.009402957919519395,0.0,20480,163840,4.0,,,
PASS,False,1.0.0-local-freeze,256,822056531,anderson_residual,True,True,11,9,11,0,11,0,11,1,12,0.03188444739120126,0.056332866071956374,0.9899063110351562,0.01264117006212473,0.005521269980818033,0.0002080160193145275,0.0,0.005313253961503506,0.0,5632,45056,16.0,10,,
PASS,False,1.0.0-local-freeze,256,822056531,commissioned_pi,True,True,11,7,11,2,9,0,11,1,12,0.034520240799061866,0.06394031727010946,0.9882888793945312,0.00839183502830565,0.001616308931261301,6.736500654369593e-05,0.00010313896927982569,0.0014458049554377794,0.0,5632,45056,3.0,8,,
FAIL_CONTRACT_TIMEOUT,False,1.0.0-local-freeze,256,822056531,spsa,True,False,,,,0,14,26,40,0,,0.1799011547551277,0.44920330116735696,,0.029150764923542738,0.0006515660206787288,0.00012601999333128333,0.0,0.0,0.0005255460273474455,20480,163840,2.0,,,
PASS,False,1.0.0-local-freeze,256,822056531,oracle,False,True,3,1,3,0,3,0,3,1,4,0.023093263565807064,1.6599627428838648e-17,0.9950485229492188,0.0026892529567703605,0.0001228850451298058,5.1757029723376036e-05,0.0,7.112801540642977e-05,0.0,1536,12288,1.0,2,,
FAIL_CONTRACT_TIMEOUT,False,1.0.0-local-freeze,256,445399178,do_nothing,True,False,,,,0,40,0,40,0,,0.17671200780503502,0.45079292784708186,,0.013280753511935472,0.0007125760894268751,1.932599116116762e-05,0.0,0.0006932500982657075,0.0,20480,163840,1.0,,,
PASS,False,1.0.0-local-freeze,256,445399178,retained_residual,True,True,10,8,10,0,10,0,10,1,11,0.028900895718265415,0.24556562434085946,0.9873580932617188,0.008054479025304317,0.005373888940084726,0.00022249302128329873,0.0,0.005151395918801427,0.0,5120,40960,6.0,9,,
PASS,False,1.0.0-local-freeze,256,445399178,diagonal_secant,True,True,37,19,37,0,37,0,37,1,38,0.030012723179276952,0.17341838116998046,0.9901123046875,0.018763283791486174,0.011045768100302666,0.00022942799841985106,0.0,0.010816340101882815,0.0,18944,151552,4.0,36,,
PASS,False,1.0.0-local-freeze,256,445399178,anderson_residual,True,True,10,8,10,0,10,0,10,1,11,0.027403757122782563,0.24332207870350867,0.9887466430664062,0.008387581910938025,0.005425494979135692,0.00023836898617446423,0.0,0.005187125992961228,0.0,5120,40960,16.0,9,,
PASS,False,1.0.0-local-freeze,256,445399178,commissioned_pi,True,True,13,9,13,2,11,0,13,1,14,0.03435525083011912,0.18851931535657904,0.9850845336914062,0.007060213014483452,0.0008955869707278907,6.253400351852179e-05,6.027903873473406e-05,0.0007727739284746349,0.0,6656,53248,3.0,10,,
FAIL_CONTRACT_TIMEOUT,False,1.0.0-local-freeze,256,445399178,spsa,True,False,,,,0,14,26,40,0,,0.1776335700239944,0.4499440191497915,,0.022564946906641126,0.0005515821394510567,7.858104072511196e-05,0.0,0.0,0.00047300109872594476,20480,163840,2.0,,,
PASS,False,1.0.0-local-freeze,256,445399178,oracle,False,True,3,1,3,0,3,0,3,1,4,0.022828851728079514,1.5303197771791693e-17,0.9950790405273438,0.0013442289200611413,6.40960643067956e-05,2.6451016310602427e-05,0.0,3.764504799619317e-05,0.0,1536,12288,1.0,2,,
FAIL_CONTRACT_TIMEOUT,False,1.0.0-local-freeze,256,1242705187,do_nothing,True,False,,,,0,40,0,40,0,,0.18503203868319376,0.4498894939179804,,0.022219443984795362,0.0013424550998024642,2.832000609487295e-05,0.0,0.0013141350937075913,0.0,20480,163840,1.0,,,
PASS,False,1.0.0-local-freeze,256,1242705187,retained_residual,True,True,10,8,10,0,10,0,10,1,11,0.032183350867368794,0.1737745639989596,0.9881134033203125,0.007451470009982586,0.0019626528955996037,0.00019403401529416442,0.0,0.0017686188803054392,0.0,5120,40960,6.0,9,,
FAIL_CONTRACT_TIMEOUT,False,1.0.0-local-freeze,256,1242705187,diagonal_secant,True,False,,31,,0,40,0,40,0,,0.03486656339139387,0.27298693582247563,,0.026701622875407338,0.005961119197309017,0.00024399301037192345,0.0,0.005717126186937094,0.0,20480,163840,4.0,,,
PASS,False,1.0.0-local-freeze,256,1242705187,anderson_residual,True,True,12,10,12,0,12,0,12,1,13,0.028547681465616963,0.17293417807625344,0.9888839721679688,0.013872061972506344,0.004963543091434985,0.0005294739967212081,0.0,0.004434069094713777,0.0,6144,49152,16.0,11,,
PASS,False,1.0.0-local-freeze,256,1242705187,commissioned_pi,True,True,19,7,19,2,17,0,19,1,20,0.03318252345082878,0.057443998479321925,0.9895858764648438,0.009987114986870438,0.0014040000387467444,6.5202999394387e-05,9.000202408060431e-05,0.001248795015271753,0.0,9728,77824,3.0,16,,
FAIL_CONTRACT_TIMEOUT,False,1.0.0-local-freeze,256,1242705187,spsa,True,False,,,,0,14,26,40,0,,0.18460780852779618,0.44975677497860295,,0.02690836798865348,0.0006456139963120222,0.00015368795720860362,0.0,0.0,0.0004919260391034186,20480,163840,2.0,,,
PASS,False,1.0.0-local-freeze,256,1242705187,oracle,False,True,3,1,3,0,3,0,3,1,4,0.0228435335155567,1.8521783256883467e-17,0.9951324462890625,0.0019955671159550548,6.373599171638489e-05,2.500100526958704e-05,0.0,3.873498644679785e-05,0.0,1536,12288,1.0,2,,
FAIL_CONTRACT_TIMEOUT,False,1.0.0-local-freeze,1024,1239900679,do_nothing,True,False,,,,0,40,0,40,0,,0.18166148478698207,0.4503518414381637,,0.04258087987545878,0.001816767908167094,3.9250997360795736e-05,0.0,0.0017775169108062983,0.0,81920,655360,1.0,,,
PASS,False,1.0.0-local-freeze,1024,1239900679,retained_residual,True,True,12,10,12,0,12,0,12,1,13,0.03157854598258794,0.20429052196506844,0.9879512786865234,0.014874654007144272,0.006824447889812291,0.0002704859944060445,0.0,0.006553961895406246,0.0,24576,196608,6.0,11,,
FAIL_CONTRACT_TIMEOUT,False,1.0.0-local-freeze,1024,1239900679,diagonal_secant,True,False,,35,,0,40,0,40,0,,0.03394752743785039,0.21827290306686004,,0.03508233593311161,0.01046160887926817,0.0002675690338946879,0.0,0.010194039845373482,0.0,81920,655360,4.0,,,
PASS,False,1.0.0-local-freeze,1024,1239900679,anderson_residual,True,True,12,10,12,0,12,0,12,1,13,0.03212646269274653,0.1595258924146608,0.9888648986816406,0.008062730950769037,0.0047754080151207745,0.00024812400806695223,0.0,0.004527284007053822,0.0,24576,196608,16.0,11,,
PASS,False,1.0.0-local-freeze,1024,1239900679,commissioned_pi,True,True,34,20,34,2,32,0,34,1,35,0.03404244047161008,0.1069497445329543,0.9879932403564453,0.027565831725951284,0.0035046390257775784,6.0650985687971115e-05,8.465198334306479e-05,0.0033593360567465425,0.0,69632,557056,3.0,31,,
FAIL_CONTRACT_TIMEOUT,False,1.0.0-local-freeze,1024,1239900679,spsa,True,False,,,,0,14,26,40,0,,0.18148787867140023,0.4502812806440912,,0.032008720096200705,0.0007056469330564141,0.00013599800877273083,0.0,0.0,0.0005696489242836833,81920,655360,2.0,,,
PASS,False,1.0.0-local-freeze,1024,1239900679,oracle,False,True,3,1,3,0,3,0,3,1,4,0.022052856943980636,1.7027950845409196e-17,0.9952259063720703,0.0033989830408245325,0.00013961299555376172,3.983202623203397e-05,0.0,9.978096932172775e-05,0.0,6144,49152,1.0,2,,
FAIL_CONTRACT_TIMEOUT,False,1.0.0-local-freeze,1024,1573996,do_nothing,True,False,,,,0,40,0,40,0,,0.18345682511693226,0.4502617283927934,,0.03616885776864365,0.001905800891108811,3.9559032302349806e-05,0.0,0.001866241858806461,0.0,81920,655360,1.0,,,
PASS,False,1.0.0-local-freeze,1024,1573996,retained_residual,True,True,11,9,11,0,11,0,11,1,12,0.03060944272735331,0.17636460175050434,0.9884490966796875,0.006400886981282383,0.0015864308807067573,0.00015095697017386556,0.0,0.0014354739105328918,0.0,22528,180224,6.0,10,,
FAIL_CONTRACT_TIMEOUT,False,1.0.0-local-freeze,1024,1573996,diagonal_secant,True,False,,31,,0,40,0,40,0,,0.03341877552309376,0.22036639886889678,,0.03396119986427948,0.010020828864071518,0.0001466770190745592,0.0,0.009874151844996959,0.0,81920,655360,4.0,,,
PASS,False,1.0.0-local-freeze,1024,1573996,anderson_residual,True,True,11,9,11,0,11,0,11,1,12,0.031165149352753777,0.05426720034297077,0.9903373718261719,0.014671138022094965,0.006807003926951438,0.0005477270460687578,0.0,0.00625927688088268,0.0,22528,180224,16.0,10,,
FAIL_CONTRACT_TIMEOUT,False,1.0.0-local-freeze,1024,1573996,commissioned_pi,True,False,,15,,2,38,0,40,0,,0.03526184991119322,0.11223112427375205,,0.03841132379602641,0.006230559374671429,8.081301348283887e-05,0.00014115002704784274,0.006008596334140748,0.0,81920,655360,3.0,,,
FAIL_CONTRACT_TIMEOUT,False,1.0.0-local-freeze,1024,1573996,spsa,True,False,,,,0,14,26,40,0,,0.1837562022391011,0.4500512129468796,,0.035698347084689885,0.0010585659183561802,0.00017018098151311278,0.0,0.0,0.0008883849368430674,81920,655360,2.0,,,
PASS,False,1.0.0-local-freeze,1024,1573996,oracle,False,True,3,1,3,0,3,0,3,1,4,0.023574932801842616,2.015276737555092e-17,0.9950695037841797,0.008340194064658135,0.00011221494060009718,2.7422967832535505e-05,0.0,8.479197276756167e-05,0.0,6144,49152,1.0,2,,
FAIL_CONTRACT_TIMEOUT,False,1.0.0-local-freeze,1024,1558604323,do_nothing,True,False,,,,0,40,0,40,0,,0.18064566144796937,0.4503206465197145,,0.0352867532055825,0.001452484168112278,4.7084002289921045e-05,0.0,0.001405400165822357,0.0,81920,655360,1.0,,,
PASS,False,1.0.0-local-freeze,1024,1558604323,retained_residual,True,True,11,9,11,0,11,0,11,1,12,0.03085069428649754,0.17055284441209909,0.9890861511230469,0.010192042216658592,0.00303362007252872,0.0002573240199126303,0.0,0.0027762960526160896,0.0,22528,180224,6.0,10,,
FAIL_CONTRACT_TIMEOUT,False,1.0.0-local-freeze,1024,1558604323,diagonal_secant,True,False,,28,,0,40,0,40,0,,0.037049587297883955,0.19836791948316498,,0.03633636800805107,0.009343823534436524,0.00026113801868632436,0.0,0.0090826855157502,0.0,81920,655360,4.0,,,
PASS,False,1.0.0-local-freeze,1024,1558604323,anderson_residual,True,True,11,9,11,0,11,0,11,1,12,0.030639819414490038,0.1345667441871134,0.9897365570068359,0.014407616981770843,0.005025085236411542,0.0003832650254480541,0.0,0.004641820210963488,0.0,22528,180224,16.0,10,,
FAIL_CONTRACT_TIMEOUT,False,1.0.0-local-freeze,1024,1558604323,commissioned_pi,True,False,,,,2,38,0,40,0,,0.03632447278214635,0.11144528810332882,,0.03545119514456019,0.006239109963644296,7.361604366451502e-05,0.00032897997880354524,0.005836513941176236,0.0,81920,655360,3.0,,,
FAIL_CONTRACT_TIMEOUT,False,1.0.0-local-freeze,1024,1558604323,spsa,True,False,,,,0,14,26,40,0,,0.18039641078713173,0.4501392612875461,,0.043705345888156444,0.0010143709951080382,0.00017053599003702402,0.0,0.0,0.0008438350050710142,81920,655360,2.0,,,
PASS,False,1.0.0-local-freeze,1024,1558604323,oracle,False,True,3,1,3,0,3,0,3,1,4,0.02331066082821478,1.849894142285839e-17,0.9951858520507812,0.00310263701248914,7.464992813766003e-05,2.8726994059979916e-05,0.0,4.592293407768011e-05,0.0,6144,49152,1.0,2,,
FAIL_CONTRACT_TIMEOUT,False,1.0.0-local-freeze,1024,1280968996,do_nothing,True,False,,,,0,40,0,40,0,,0.18063393209486475,0.4499304467602134,,0.03567642794223502,0.0017364718951284885,2.9194983653724194e-05,0.0,0.0017072769114747643,0.0,81920,655360,1.0,,,
PASS,False,1.0.0-local-freeze,1024,1280968996,retained_residual,True,True,11,9,11,0,11,0,11,1,12,0.031176647695408153,0.23072063447827784,0.9865150451660156,0.008596955973189324,0.002281922905240208,0.00031557196052744985,0.0,0.001966350944712758,0.0,22528,180224,6.0,10,,
FAIL_CONTRACT_TIMEOUT,False,1.0.0-local-freeze,1024,1280968996,diagonal_secant,True,False,,23,,0,40,0,40,0,,0.039201764615431636,0.25759817521855255,,0.03684877313207835,0.011963121069129556,0.00015363999409601092,0.0,0.011809481075033545,0.0,81920,655360,4.0,,,
PASS,False,1.0.0-local-freeze,1024,1280968996,anderson_residual,True,True,11,9,11,0,11,0,11,1,12,0.03230547905584107,0.19267858615086053,0.9877300262451172,0.015506119932979345,0.00784569897223264,0.00041337497532367706,0.0,0.007432323996908963,0.0,22528,180224,16.0,10,,
FAIL_CONTRACT_TIMEOUT,False,1.0.0-local-freeze,1024,1280968996,commissioned_pi,True,False,,15,,2,38,0,40,0,,0.035210728654809176,0.15171359309587099,,0.04222373489756137,0.006058499624487013,8.628098294138908e-05,0.00010941899381577969,0.005862799647729844,0.0,81920,655360,3.0,,,
FAIL_CONTRACT_TIMEOUT,False,1.0.0-local-freeze,1024,1280968996,spsa,True,False,,,,0,14,26,40,0,,0.18050527860273172,0.4497867702590021,,0.031555220775771886,0.0007873921422287822,0.0001949639990925789,0.0,0.0,0.0005924281431362033,81920,655360,2.0,,,
PASS,False,1.0.0-local-freeze,1024,1280968996,oracle,False,True,3,1,3,0,3,0,3,1,4,0.023122703695582062,1.693614806347995e-17,0.9950637817382812,0.005315572023391724,0.00015295797493308783,4.530599107965827e-05,0.0,0.00010765198385342956,0.0,6144,49152,1.0,2,,
FAIL_CONTRACT_TIMEOUT,False,1.0.0-local-freeze,1024,946144272,do_nothing,True,False,,,,0,40,0,40,0,,0.18423230405284644,0.4504994349291204,,0.0310208888258785,0.0016837957664392889,3.338599344715476e-05,0.0,0.001650409772992134,0.0,81920,655360,1.0,,,
PASS,False,1.0.0-local-freeze,1024,946144272,retained_residual,True,True,11,9,11,0,11,0,11,1,12,0.030393455811447485,0.14284370723387482,0.9885826110839844,0.012618972919881344,0.002807102049700916,0.0002392220194451511,0.0,0.0025678800302557647,0.0,22528,180224,6.0,10,,
FAIL_CONTRACT_TIMEOUT,False,1.0.0-local-freeze,1024,946144272,diagonal_secant,True,False,,35,,0,40,0,40,0,,0.03279194446989557,0.16949136932597153,,0.03490102884825319,0.012528351100627333,0.00026251201052218676,0.0,0.012265839090105146,0.0,81920,655360,4.0,,,
PASS,False,1.0.0-local-freeze,1024,946144272,anderson_residual,True,True,11,9,11,0,11,0,11,1,12,0.029735070665516013,0.0505950827829084,0.9907245635986328,0.010700692946556956,0.006335539917927235,0.00023258599685505033,0.0,0.006102953921072185,0.0,22528,180224,16.0,10,,
PASS,False,1.0.0-local-freeze,1024,946144272,commissioned_pi,True,True,19,17,19,2,17,0,19,1,20,0.03171316858950861,0.09660882464065501,0.9890499114990234,0.014068603923078626,0.0019057979807257652,7.741001900285482e-05,0.00010809599189087749,0.001720291969832033,0.0,38912,311296,3.0,16,,
FAIL_CONTRACT_TIMEOUT,False,1.0.0-local-freeze,1024,946144272,spsa,True,False,,,,0,14,26,40,0,,0.18421358892404763,0.4503805060574221,,0.03528732305858284,0.0006943311891518533,8.231104584410787e-05,0.0,0.0,0.0006120201433077455,81920,655360,2.0,,,
PASS,False,1.0.0-local-freeze,1024,946144272,oracle,False,True,3,1,3,0,3,0,3,1,4,0.022788480402146122,1.9090984702007818e-17,0.9949302673339844,0.0031582569936290383,0.000190568040125072,2.4241977371275425e-05,0.0,0.00016632606275379658,0.0,6144,49152,1.0,2,,
FAIL_CONTRACT_TIMEOUT,False,1.0.0-local-freeze,1024,1536741766,do_nothing,True,False,,,,0,40,0,40,0,,0.1832467738735171,0.45024745965374025,,0.028768468706402928,0.0013902863720431924,4.845502553507686e-05,0.0,0.0013418313465081155,0.0,81920,655360,1.0,,,
PASS,False,1.0.0-local-freeze,1024,1536741766,retained_residual,True,True,11,9,11,0,11,0,11,1,12,0.03171821656917804,0.10050102055444025,0.9901275634765625,0.015684224956203252,0.003765465982723981,0.0005079990369267762,0.0,0.003257466945797205,0.0,22528,180224,6.0,10,,
FAIL_CONTRACT_TIMEOUT,False,1.0.0-local-freeze,1024,1536741766,diagonal_secant,True,False,,35,,0,40,0,40,0,,0.03565531887479815,0.25471285669953736,,0.0250399149954319,0.0071602399693802,0.00013120402581989765,0.0,0.007029035943560302,0.0,81920,655360,4.0,,,
PASS,False,1.0.0-local-freeze,1024,1536741766,anderson_residual,True,True,11,9,11,0,11,0,11,1,12,0.032658669297138905,0.056248406978145475,0.9897804260253906,0.009626773011405021,0.0055846020695753396,0.00037028902443125844,0.0,0.005214313045144081,0.0,22528,180224,16.0,10,,
PASS,False,1.0.0-local-freeze,1024,1536741766,commissioned_pi,True,True,19,14,19,2,17,0,19,1,20,0.03434987443622239,0.15276004699002171,0.9869575500488281,0.02186140406411141,0.002447137958370149,0.00012724200496450067,0.00019524001982063055,0.002124655933585018,0.0,38912,311296,3.0,16,,
FAIL_CONTRACT_TIMEOUT,False,1.0.0-local-freeze,1024,1536741766,spsa,True,False,,,,0,14,26,40,0,,0.1830206658761501,0.4501063490254,,0.028580866055563092,0.0006169950356706977,8.549797348678112e-05,0.0,0.0,0.0005314970621839166,81920,655360,2.0,,,
PASS,False,1.0.0-local-freeze,1024,1536741766,oracle,False,True,3,1,3,0,3,0,3,1,4,0.022975133407020475,1.8896558389010584e-17,0.9950523376464844,0.0030930039938539267,0.00011762289796024561,4.313094541430473e-05,0.0,7.449195254594088e-05,0.0,6144,49152,1.0,2,,
FAIL_CONTRACT_TIMEOUT,False,1.0.0-local-freeze,1024,2015248058,do_nothing,True,False,,,,0,40,0,40,0,,0.18491241027197117,0.4501134158565388,,0.0517540211440064,0.0013967049890197814,3.7528981920331717e-05,0.0,0.0013591760070994496,0.0,81920,655360,1.0,,,
PASS,False,1.0.0-local-freeze,1024,2015248058,retained_residual,True,True,12,10,12,0,12,0,12,1,13,0.03150403251847317,0.17668214128574078,0.9878959655761719,0.010173053946346045,0.0027205130900256336,0.00018306297715753317,0.0,0.0025374501128681004,0.0,24576,196608,6.0,11,,
FAIL_CONTRACT_TIMEOUT,False,1.0.0-local-freeze,1024,2015248058,diagonal_secant,True,False,,39,,0,40,0,40,0,,0.03568280301368919,0.12602073113074116,,0.1275516161113046,0.022506802924908698,0.0002586779883131385,0.0,0.02224812493659556,0.0,81920,655360,4.0,,,
PASS,False,1.0.0-local-freeze,1024,2015248058,anderson_residual,True,True,12,10,12,0,12,0,12,1,13,0.029569850200556688,0.052221285398842396,0.9906635284423828,0.017884048109408468,0.006522149953525513,0.000876668025739491,0.0,0.005645481927786022,0.0,24576,196608,16.0,11,,
PASS,False,1.0.0-local-freeze,1024,2015248058,commissioned_pi,True,True,15,13,15,2,13,0,15,1,16,0.034392229078428975,0.06282968438813936,0.9883975982666016,0.018535443057771772,0.002292621007654816,5.027197767049074e-05,0.00015045900363475084,0.0020918900263495743,0.0,30720,245760,3.0,12,,
FAIL_CONTRACT_TIMEOUT,False,1.0.0-local-freeze,1024,2015248058,spsa,True,False,,,,0,14,26,40,0,,0.18326934379483734,0.4500380368871043,,0.02626287122257054,0.0006596549646928906,0.00015200499910861254,0.0,0.0,0.0005076499655842781,81920,655360,2.0,,,
PASS,False,1.0.0-local-freeze,1024,2015248058,oracle,False,True,3,1,3,0,3,0,3,1,4,0.02318633374667299,1.803342366955938e-17,0.9950218200683594,0.003414737991988659,6.892305100336671e-05,2.4964043404906988e-05,0.0,4.395900759845972e-05,0.0,6144,49152,1.0,2,,
FAIL_CONTRACT_TIMEOUT,False,1.0.0-local-freeze,1024,1062974352,do_nothing,True,False,,,,0,40,0,40,0,,0.18321984152283316,0.45022433140698215,,0.038248798984568566,0.00168783770641312,4.412198904901743e-05,0.0,0.0016437157173641026,0.0,81920,655360,1.0,,,
PASS,False,1.0.0-local-freeze,1024,1062974352,retained_residual,True,True,10,8,10,0,10,0,10,1,11,0.03286232018638314,0.12991623507099676,0.9890766143798828,0.010571915074251592,0.004148519888985902,0.0003118810127489269,0.0,0.003836638876236975,0.0,20480,163840,6.0,9,,
FAIL_CONTRACT_TIMEOUT,False,1.0.0-local-freeze,1024,1062974352,diagonal_secant,True,False,,39,,0,40,0,40,0,,0.03517157498765123,0.15726973215407064,,0.04036597692174837,0.009973488980904222,0.0006408849731087685,0.0,0.009332604007795453,0.0,81920,655360,4.0,,,
PASS,False,1.0.0-local-freeze,1024,1062974352,anderson_residual,True,True,12,10,12,0,12,0,12,1,13,0.03070121825342287,0.09917021171120742,0.9899501800537109,0.013227563060354441,0.01191338209901005,0.003457872022408992,0.0,0.008455510076601058,0.0,24576,196608,16.0,11,,
PASS,False,1.0.0-local-freeze,1024,1062974352,commissioned_pi,True,True,20,12,20,2,18,0,20,1,21,0.03419250860891919,0.06302179397692811,0.9886550903320312,0.016178567020688206,0.0018088907818309963,6.210600258782506e-05,0.0001344539923593402,0.001612330786883831,0.0,40960,327680,3.0,17,,
FAIL_CONTRACT_TIMEOUT,False,1.0.0-local-freeze,1024,1062974352,spsa,True,False,,,,0,14,26,40,0,,0.18382468879076394,0.44993338564234675,,0.037408201198559254,0.0013756980770267546,0.00014103500870987773,0.0,0.0,0.0012346630683168769,81920,655360,2.0,,,
PASS,False,1.0.0-local-freeze,1024,1062974352,oracle,False,True,3,1,3,0,3,0,3,1,4,0.023074442531894803,1.7686733340555334e-17,0.9950122833251953,0.0022705289884470403,7.887103129178286e-05,3.2005016691982746e-05,0.0,4.686601459980011e-05,0.0,6144,49152,1.0,2,,
FAIL_CONTRACT_TIMEOUT,False,1.0.0-local-freeze,1024,317314755,do_nothing,True,False,,,,0,40,0,40,0,,0.18397537602246106,0.44993660690460596,,0.04339217871893197,0.0028467110823839903,2.9796967282891273e-05,0.0,0.002816914115101099,0.0,81920,655360,1.0,,,
PASS,False,1.0.0-local-freeze,1024,317314755,retained_residual,True,True,12,10,12,0,12,0,12,1,13,0.029857937426372855,0.16434999994548904,0.9889259338378906,0.0118408611160703,0.003969412005972117,0.0005763689987361431,0.0,0.003393043007235974,0.0,24576,196608,6.0,11,,
FAIL_CONTRACT_TIMEOUT,False,1.0.0-local-freeze,1024,317314755,diagonal_secant,True,False,,33,,0,40,0,40,0,,0.03431858722354299,0.18500468154059166,,0.05133875802857801,0.012538906012196094,0.0002898119855672121,0.0,0.012249094026628882,0.0,81920,655360,4.0,,,
PASS,False,1.0.0-local-freeze,1024,317314755,anderson_residual,True,True,12,10,12,0,12,0,12,1,13,0.029778167029655484,0.1355903115509115,0.9894199371337891,0.012779371987562627,0.006078744831029326,0.00030244002118706703,0.0,0.005776304809842259,0.0,24576,196608,16.0,11,,
PASS,False,1.0.0-local-freeze,1024,317314755,commissioned_pi,True,True,17,15,17,2,15,0,17,1,18,0.03459216951707234,0.06204779280157866,0.9886970520019531,0.013345470069907606,0.0017287940136156976,4.328001523390412e-05,0.00012469099601730704,0.0015608230023644865,0.0,34816,278528,3.0,14,,
FAIL_CONTRACT_TIMEOUT,False,1.0.0-local-freeze,1024,317314755,spsa,True,False,,,,0,14,26,40,0,,0.18308924539539115,0.44982046899252803,,0.03575231513241306,0.0008000400266610086,0.00023643497843295336,0.0,0.0,0.0005636050482280552,81920,655360,2.0,,,
PASS,False,1.0.0-local-freeze,1024,317314755,oracle,False,True,3,1,3,0,3,0,3,1,4,0.023362177773167476,1.7978886932315627e-17,0.9950027465820312,0.004344522953033447,0.00010591896716505289,2.8403999749571085e-05,0.0,7.75149674154818e-05,0.0,6144,49152,1.0,2,,
FAIL_CONTRACT_TIMEOUT,False,1.0.0-local-freeze,1024,1833476299,do_nothing,True,False,,,,0,40,0,40,0,,0.18317057818896418,0.449941917462319,,0.034462575102224946,0.0017875942285172641,0.0003455660189501941,0.0,0.00144202820956707,0.0,81920,655360,1.0,,,
PASS,False,1.0.0-local-freeze,1024,1833476299,retained_residual,True,True,12,10,12,0,12,0,12,1,13,0.030643973862105354,0.10351993075597744,0.9902744293212891,0.012881099071819335,0.0027799110976047814,0.0002616840065456927,0.0,0.0025182270910590887,0.0,24576,196608,6.0,11,,
FAIL_CONTRACT_TIMEOUT,False,1.0.0-local-freeze,1024,1833476299,diagonal_secant,True,False,,38,,0,40,0,40,0,,0.035335779420906856,0.10983708272853486,,0.030404252000153065,0.011938239098526537,0.00024043797748163342,0.0,0.011697801121044904,0.0,81920,655360,4.0,,,
PASS,False,1.0.0-local-freeze,1024,1833476299,anderson_residual,True,True,11,9,11,0,11,0,11,1,12,0.030813954296403732,0.05312268908680232,0.9903945922851562,0.009155659063253552,0.004551741993054748,0.0006102159968577325,0.0,0.003941525996197015,0.0,22528,180224,16.0,10,,
PASS,False,1.0.0-local-freeze,1024,1833476299,commissioned_pi,True,True,24,17,24,2,22,0,24,1,25,0.03456327756057509,0.0650657511538077,0.9882011413574219,0.03190399403683841,0.0050430778646841645,8.63450113683939e-05,0.00010860199108719826,0.004848130862228572,0.0,49152,393216,3.0,21,,
FAIL_CONTRACT_TIMEOUT,False,1.0.0-local-freeze,1024,1833476299,spsa,True,False,,,,0,14,26,40,0,,0.182906081996436,0.44974385384271204,,0.040317985869478434,0.001479347120039165,0.00012027000775560737,0.0,0.0,0.0013590771122835577,81920,655360,2.0,,,
PASS,False,1.0.0-local-freeze,1024,1833476299,oracle,False,True,3,1,3,0,3,0,3,1,4,0.02306403444662663,2.0829736043079935e-17,0.9950027465820312,0.001706030045170337,6.778299575671554e-05,2.4969980586320162e-05,0.0,4.2813015170395374e-05,0.0,6144,49152,1.0,2,,
FAIL_CONTRACT_TIMEOUT,False,1.0.0-local-freeze,1024,1883236474,do_nothing,True,False,,,,0,40,0,40,0,,0.18228048458103996,0.44987406055483264,,0.029680119128897786,0.001485680986661464,3.418902633711696e-05,0.0,0.001451491960324347,0.0,81920,655360,1.0,,,
PASS,False,1.0.0-local-freeze,1024,1883236474,retained_residual,True,True,12,10,12,0,12,0,12,1,13,0.030828974823094726,0.2602667734180666,0.9862709045410156,0.01183832884998992,0.0030099740833975375,0.0003426960320211947,0.0,0.0026672780513763428,0.0,24576,196608,6.0,11,,
PASS,False,1.0.0-local-freeze,1024,1883236474,diagonal_secant,True,True,40,29,40,0,40,0,40,1,41,0.033403616114727065,0.21052296705341653,0.9874076843261719,0.03663964103907347,0.01414421625668183,0.00023455102927982807,0.0,0.013909665227402002,0.0,81920,655360,4.0,39,,
PASS,False,1.0.0-local-freeze,1024,1883236474,anderson_residual,True,True,11,9,11,0,11,0,11,1,12,0.03160598490088117,0.2011405878869205,0.9872817993164062,0.015296155994292349,0.007461066998075694,0.00039577001007273793,0.0,0.007065296988002956,0.0,22528,180224,16.0,10,,
PASS,False,1.0.0-local-freeze,1024,1883236474,commissioned_pi,True,True,22,18,22,2,20,0,22,1,23,0.033800237005464154,0.12331029239689473,0.9891624450683594,0.012780933175235987,0.002299320127349347,4.999397788196802e-05,6.0794991441071033e-05,0.002188531158026308,0.0,45056,360448,3.0,19,,
FAIL_CONTRACT_TIMEOUT,False,1.0.0-local-freeze,1024,1883236474,spsa,True,False,,,,0,14,26,40,0,,0.18109953645940838,0.44974740964899873,,0.04227030277252197,0.0010942421504296362,0.0001626390148885548,0.0,0.0,0.0009316031355410814,81920,655360,2.0,,,
PASS,False,1.0.0-local-freeze,1024,1883236474,oracle,False,True,3,1,3,0,3,0,3,1,4,0.02339999481306123,1.654616490436342e-17,0.9950008392333984,0.0033235930022783577,9.125209180638194e-05,4.63110045529902e-05,0.0,4.494108725339174e-05,0.0,6144,49152,1.0,2,,
FAIL_CONTRACT_TIMEOUT,False,1.0.0-local-freeze,1024,812473704,do_nothing,True,False,,,,0,40,0,40,0,,0.1827426876951545,0.4501480596890485,,0.03418372164014727,0.0015997560694813728,3.7111982237547636e-05,0.0,0.0015626440872438252,0.0,81920,655360,1.0,,,
PASS,False,1.0.0-local-freeze,1024,812473704,retained_residual,True,True,12,10,12,0,12,0,12,1,13,0.03165067171785884,0.21755249319920536,0.9877052307128906,0.011922848003450781,0.0060253189294599,0.000167917984072119,0.0,0.005857400945387781,0.0,24576,196608,6.0,11,,
PASS,False,1.0.0-local-freeze,1024,812473704,diagonal_secant,True,True,34,32,34,0,34,0,34,1,35,0.033742727361459834,0.21564074670141928,0.9862155914306641,0.02463581395568326,0.0066203969763591886,0.00015554396668449044,0.0,0.006464853009674698,0.0,69632,557056,4.0,33,,
PASS,False,1.0.0-local-freeze,1024,812473704,anderson_residual,True,True,11,9,11,0,11,0,11,1,12,0.03206362135266588,0.15587411034897342,0.9890327453613281,0.009595769981388003,0.0047718381392769516,0.0005217209691181779,0.0,0.004250117170158774,0.0,22528,180224,16.0,10,,
FAIL_CONTRACT_TIMEOUT,False,1.0.0-local-freeze,1024,812473704,commissioned_pi,True,False,,37,,2,38,0,40,0,,0.036563968608574755,0.06949493731141983,,0.04021925601409748,0.005361315852496773,8.578697452321649e-05,0.00013851298717781901,0.0051370158907957375,0.0,81920,655360,3.0,,,
FAIL_CONTRACT_TIMEOUT,False,1.0.0-local-freeze,1024,812473704,spsa,True,False,,,,0,14,26,40,0,,0.18272136582804696,0.45003765092684817,,0.03238886198960245,0.0008420399972237647,7.376901339739561e-05,0.0,0.0,0.000768270983826369,81920,655360,2.0,,,
PASS,False,1.0.0-local-freeze,1024,812473704,oracle,False,True,3,1,3,0,3,0,3,1,4,0.0234662912276992,1.7216489558430985e-17,0.9949283599853516,0.002911811985541135,0.00010725099127739668,3.370799822732806e-05,0.0,7.354299305006862e-05,0.0,6144,49152,1.0,2,,
FAIL_CONTRACT_TIMEOUT,False,1.0.0-local-freeze,1024,1612189033,do_nothing,True,False,,,,0,40,0,40,0,,0.17899379500058582,0.449928380747606,,0.03662025381345302,0.0013499867636710405,4.2928964830935e-05,0.0,0.0013070577988401055,0.0,81920,655360,1.0,,,
PASS,False,1.0.0-local-freeze,1024,1612189033,retained_residual,True,True,12,10,12,0,12,0,12,1,13,0.029729143615254035,0.29922894163342045,0.9860992431640625,0.011662540026009083,0.003277334908489138,0.0002660839818418026,0.0,0.0030112509266473353,0.0,24576,196608,6.0,11,,
FAIL_CONTRACT_TIMEOUT,False,1.0.0-local-freeze,1024,1612189033,diagonal_secant,True,False,,35,,0,40,0,40,0,,0.037546440328863236,0.24305882431375356,,0.037623145850375295,0.010546605160925537,0.000264397996943444,0.0,0.010282207163982093,0.0,81920,655360,4.0,,,
PASS,False,1.0.0-local-freeze,1024,1612189033,anderson_residual,True,True,11,9,11,0,11,0,11,1,12,0.031166406300551217,0.24060979342669772,0.9873199462890625,0.008236511028371751,0.0037207790301181376,0.00026514596538618207,0.0,0.0034556330647319555,0.0,22528,180224,16.0,10,,
FAIL_CONTRACT_TIMEOUT,False,1.0.0-local-freeze,1024,1612189033,commissioned_pi,True,False,,29,,2,38,0,40,0,,0.035322862442897535,0.17762507626017168,,0.025795863184612244,0.0038991912151686847,6.910599768161774e-05,7.52320047467947e-05,0.0037548532127402723,0.0,81920,655360,3.0,,,
FAIL_CONTRACT_TIMEOUT,False,1.0.0-local-freeze,1024,1612189033,spsa,True,False,,,,0,14,26,40,0,,0.17948232376934067,0.4498537996216412,,0.032579049933701754,0.0006763690034858882,7.390195969492197e-05,0.0,0.0,0.0006024670437909663,81920,655360,2.0,,,
PASS,False,1.0.0-local-freeze,1024,1612189033,oracle,False,True,3,1,3,0,3,0,3,1,4,0.023003162232245647,1.826430194702841e-17,0.9950428009033203,0.0037799449637532234,0.0001369920209981501,4.163803532719612e-05,0.0,9.535398567095399e-05,0.0,6144,49152,1.0,2,,
FAIL_CONTRACT_TIMEOUT,False,1.0.0-local-freeze,1024,1990616316,do_nothing,True,False,,,,0,40,0,40,0,,0.18151106142330223,0.44991344043614623,,0.0365307861356996,0.0017112679779529572,5.18420129083097e-05,0.0,0.0016594259650446475,0.0,81920,655360,1.0,,,
PASS,False,1.0.0-local-freeze,1024,1990616316,retained_residual,True,True,12,10,12,0,12,0,12,1,13,0.031936293744493395,0.2585259003422427,0.9862518310546875,0.010650943964719772,0.002532753045670688,0.00018605502555146813,0.0,0.00234669802011922,0.0,24576,196608,6.0,11,,
FAIL_CONTRACT_TIMEOUT,False,1.0.0-local-freeze,1024,1990616316,diagonal_secant,True,False,,29,,0,40,0,40,0,,0.03999121208299905,0.19472137712209128,,0.029443836014252156,0.010237687034532428,0.00025935296434909105,0.0,0.009978334070183337,0.0,81920,655360,4.0,,,
PASS,False,1.0.0-local-freeze,1024,1990616316,anderson_residual,True,True,11,9,11,0,11,0,11,1,12,0.03062012989200261,0.14462678832670162,0.9884262084960938,0.01539629598846659,0.006868031981866807,0.0003326039877720177,0.0,0.006535427994094789,0.0,22528,180224,16.0,10,,
PASS,False,1.0.0-local-freeze,1024,1990616316,commissioned_pi,True,True,28,12,28,2,26,0,28,1,29,0.03437475839714196,0.09404774789472513,0.9887046813964844,0.027277218061499298,0.0060177051345817745,6.903603207319975e-05,0.00010664301225915551,0.005842026090249419,0.0,57344,458752,3.0,25,,
FAIL_CONTRACT_TIMEOUT,False,1.0.0-local-freeze,1024,1990616316,spsa,True,False,,,,0,14,26,40,0,,0.18177494887787596,0.4496790065844232,,0.03418353362940252,0.0013330990332178771,8.135999087244272e-05,0.0,0.0,0.0012517390423454344,81920,655360,2.0,,,
PASS,False,1.0.0-local-freeze,1024,1990616316,oracle,False,True,3,1,3,0,3,0,3,1,4,0.023054916890172056,1.9622416664483166e-17,0.9949588775634766,0.002269915014039725,8.807994890958071e-05,2.8170994482934475e-05,0.0,5.990895442664623e-05,0.0,6144,49152,1.0,2,,
FAIL_CONTRACT_TIMEOUT,False,1.0.0-local-freeze,1024,195957893,do_nothing,True,False,,,,0,40,0,40,0,,0.1799164268060718,0.4501594289361098,,0.03834681888110936,0.001687637995928526,4.433299181982875e-05,0.0,0.0016433050041086972,0.0,81920,655360,1.0,,,
PASS,False,1.0.0-local-freeze,1024,195957893,retained_residual,True,True,11,9,11,0,11,0,11,1,12,0.032101977362241636,0.25071921692642407,0.9849643707275391,0.009944955992978066,0.003221689024940133,0.00026477599749341607,0.0,0.002956913027446717,0.0,22528,180224,6.0,10,,
FAIL_CONTRACT_TIMEOUT,False,1.0.0-local-freeze,1024,195957893,diagonal_secant,True,False,,31,,0,40,0,40,0,,0.03890835179211041,0.22238445960609596,,0.030989629914984107,0.009133758838288486,0.00014278199523687363,0.0,0.008990976843051612,0.0,81920,655360,4.0,,,
PASS,False,1.0.0-local-freeze,1024,195957893,anderson_residual,True,True,11,9,11,0,11,0,11,1,12,0.03206182952241634,0.21008940852783434,0.9864864349365234,0.011850960028823465,0.003979203931521624,0.0003653470193967223,0.0,0.003613856912124902,0.0,22528,180224,16.0,10,,
FAIL_CONTRACT_TIMEOUT,False,1.0.0-local-freeze,1024,195957893,commissioned_pi,True,False,,32,,2,38,0,40,0,,0.03668995581732573,0.1883025127976923,,0.029850880266167223,0.005210831121075898,5.347002297639847e-05,8.167297346517444e-05,0.0050756881246343255,0.0,81920,655360,3.0,,,
FAIL_CONTRACT_TIMEOUT,False,1.0.0-local-freeze,1024,195957893,spsa,True,False,,,,0,14,26,40,0,,0.18017756098098286,0.4500338648898916,,0.03813005692791194,0.0008857109351083636,0.00014021398965269327,0.0,0.0,0.0007454969454556704,81920,655360,2.0,,,
PASS,False,1.0.0-local-freeze,1024,195957893,oracle,False,True,3,1,3,0,3,0,3,1,4,0.023547858949371458,1.7354956922686228e-17,0.9950637817382812,0.0029870789730921388,7.866398664191365e-05,2.4705019313842058e-05,0.0,5.3958967328071594e-05,0.0,6144,49152,1.0,2,,
FAIL_CONTRACT_TIMEOUT,False,1.0.0-local-freeze,1024,561759483,do_nothing,True,False,,,,0,40,0,40,0,,0.1817821984750998,0.44995618261903686,,0.04259825398912653,0.0017495681531727314,5.254102870821953e-05,0.0,0.0016970271244645119,0.0,81920,655360,1.0,,,
PASS,False,1.0.0-local-freeze,1024,561759483,retained_residual,True,True,11,9,11,0,11,0,11,1,12,0.031906388809400006,0.14041579119988584,0.988800048828125,0.013368666055612266,0.002568265947047621,0.00018082803580909967,0.0,0.0023874379112385213,0.0,22528,180224,6.0,10,,
FAIL_CONTRACT_TIMEOUT,False,1.0.0-local-freeze,1024,561759483,diagonal_secant,True,False,,34,,0,40,0,40,0,,0.03505882864796357,0.19564316476409505,,0.04596771509386599,0.013225414848420769,0.00016120198415592313,0.0,0.013064212864264846,0.0,81920,655360,4.0,,,
PASS,False,1.0.0-local-freeze,1024,561759483,anderson_residual,True,True,11,9,11,0,11,0,11,1,12,0.032401134064267256,0.1380181116097759,0.9888916015625,0.009190663113258779,0.00847354088909924,0.0002339049824513495,0.0,0.00823963590664789,0.0,22528,180224,16.0,10,,
PASS,False,1.0.0-local-freeze,1024,561759483,commissioned_pi,True,True,17,13,17,2,15,0,17,1,18,0.033604220557807665,0.15203929934266838,0.9877796173095703,0.014370268967468292,0.004758060909807682,7.257197285071015e-05,0.00011385499965399504,0.004571633937302977,0.0,34816,278528,3.0,14,,
FAIL_CONTRACT_TIMEOUT,False,1.0.0-local-freeze,1024,561759483,spsa,True,False,,,,0,14,26,40,0,,0.1825610245947565,0.44985403776968913,,0.03152960300212726,0.0006305130082182586,0.0001327550271525979,0.0,0.0,0.0004977579810656607,81920,655360,2.0,,,
PASS,False,1.0.0-local-freeze,1024,561759483,oracle,False,True,3,1,3,0,3,0,3,1,4,0.02300537877334196,1.9148756920172994e-17,0.9950847625732422,0.004081942955963314,8.339202031493187e-05,2.8660986572504044e-05,0.0,5.4731033742427826e-05,0.0,6144,49152,1.0,2,,
FAIL_CONTRACT_TIMEOUT,False,1.0.0-local-freeze,1024,295370387,do_nothing,True,False,,,,0,40,0,40,0,,0.18183279174963085,0.44961625823586804,,0.03652028413489461,0.0014507907326333225,4.392396658658981e-05,0.0,0.0014068667660467327,0.0,81920,655360,1.0,,,
PASS,False,1.0.0-local-freeze,1024,295370387,retained_residual,True,True,13,11,13,0,13,0,13,1,14,0.03099608361082386,0.24277712775094487,0.986480712890625,0.013577852863818407,0.0022503479849547148,0.0002997540286742151,0.0,0.0019505939562804997,0.0,26624,212992,6.0,12,,
FAIL_CONTRACT_TIMEOUT,False,1.0.0-local-freeze,1024,295370387,diagonal_secant,True,False,,32,,0,40,0,40,0,,0.03702462944345631,0.1128092422627567,,0.03901421499904245,0.015165957971476018,0.000266979041043669,0.0,0.01489897893043235,0.0,81920,655360,4.0,,,
PASS,False,1.0.0-local-freeze,1024,295370387,anderson_residual,True,True,12,10,12,0,12,0,12,1,13,0.03149021016959732,0.17398312516728845,0.9883842468261719,0.011484996939543635,0.006931611045729369,0.0004957519704475999,0.0,0.006435859075281769,0.0,24576,196608,16.0,11,,
PASS,False,1.0.0-local-freeze,1024,295370387,commissioned_pi,True,True,23,16,23,2,21,0,23,1,24,0.0343731200655107,0.06223606318402407,0.9887485504150391,0.021500464878045022,0.002837684820406139,9.391701314598322e-05,0.00012356997467577457,0.002620197832584381,0.0,47104,376832,3.0,20,,
FAIL_CONTRACT_TIMEOUT,False,1.0.0-local-freeze,1024,295370387,spsa,True,False,,,,0,14,26,40,0,,0.18115290461116657,0.44948452398732647,,0.03395858302246779,0.0014682919718325138,8.348497794941068e-05,0.0,0.0,0.0013848069938831031,81920,655360,2.0,,,
PASS,False,1.0.0-local-freeze,1024,295370387,oracle,False,True,3,1,3,0,3,0,3,1,4,0.02299969149943379,1.804789588503266e-17,0.9949455261230469,0.0038957209326326847,0.00022090203128755093,4.141201497986913e-05,0.0,0.0001794900163076818,0.0,6144,49152,1.0,2,,
FAIL_CONTRACT_TIMEOUT,False,1.0.0-local-freeze,1024,2134251794,do_nothing,True,False,,,,0,40,0,40,0,,0.1810658060546616,0.44994913650474355,,0.05367978592403233,0.0026177591644227505,4.662701394408941e-05,0.0,0.002571132150478661,0.0,81920,655360,1.0,,,
PASS,False,1.0.0-local-freeze,1024,2134251794,retained_residual,True,True,12,10,12,0,12,0,12,1,13,0.030867289481915403,0.3372115177328792,0.9831504821777344,0.014454054005909711,0.014380744018126279,0.00023860996589064598,0.0,0.014142134052235633,0.0,24576,196608,6.0,11,,
FAIL_CONTRACT_TIMEOUT,False,1.0.0-local-freeze,1024,2134251794,diagonal_secant,True,False,,33,,0,40,0,40,0,,0.03450670478982646,0.1961380450251463,,0.040217884874437004,0.010197159019298851,0.0002822820097208023,0.0,0.00991487700957805,0.0,81920,655360,4.0,,,
PASS,False,1.0.0-local-freeze,1024,2134251794,anderson_residual,True,True,12,10,12,0,12,0,12,1,13,0.0310951059850873,0.19520164145846844,0.9878177642822266,0.01242920506047085,0.005965171032585204,0.00031978299375623465,0.0,0.005645388038828969,0.0,24576,196608,16.0,11,,
PASS,False,1.0.0-local-freeze,1024,2134251794,commissioned_pi,True,True,23,18,23,2,21,0,23,1,24,0.03407638470238946,0.06108884432856861,0.9889450073242188,0.025498840026557446,0.002753078064415604,0.00010110699804499745,0.00010735500836744905,0.0025446160580031574,0.0,47104,376832,3.0,20,,
FAIL_CONTRACT_TIMEOUT,False,1.0.0-local-freeze,1024,2134251794,spsa,True,False,,,,0,14,26,40,0,,0.18054059423352928,0.4498873524177233,,0.03474812611239031,0.0010501182405278087,0.00018262601224705577,0.0,0.0,0.0008674922282807529,81920,655360,2.0,,,
PASS,False,1.0.0-local-freeze,1024,2134251794,oracle,False,True,3,1,3,0,3,0,3,1,4,0.023233118612032873,1.7887775264117194e-17,0.9950656890869141,0.0033921660506166518,0.00012859993148595095,4.610198084264994e-05,0.0,8.249795064330101e-05,0.0,6144,49152,1.0,2,,
FAIL_CONTRACT_TIMEOUT,False,1.0.0-local-freeze,1024,1411606814,do_nothing,True,False,,,,0,40,0,40,0,,0.18133742187901025,0.4497623729729953,,0.030938397103454918,0.0015041520236991346,2.7694040909409523e-05,0.0,0.001476457982789725,0.0,81920,655360,1.0,,,
PASS,False,1.0.0-local-freeze,1024,1411606814,retained_residual,True,True,11,9,11,0,11,0,11,1,12,0.03145154671296692,0.24975617118695992,0.9863243103027344,0.01022365503013134,0.002057083009276539,0.0002722520148381591,0.0,0.00178483099443838,0.0,22528,180224,6.0,10,,
FAIL_CONTRACT_TIMEOUT,False,1.0.0-local-freeze,1024,1411606814,diagonal_secant,True,False,,,,0,40,0,40,0,,0.03525952148495609,0.1808517992804147,,0.04319413617486134,0.01648382708663121,0.00029014103347435594,0.0,0.016193686053156853,0.0,81920,655360,4.0,,,
PASS,False,1.0.0-local-freeze,1024,1411606814,anderson_residual,True,True,12,10,12,0,12,0,12,1,13,0.031246396505196016,0.21940463624796352,0.9877300262451172,0.015213702106848359,0.012113053002394736,0.0002205600030720234,0.0,0.011892492999322712,0.0,24576,196608,16.0,11,,
FAIL_CONTRACT_TIMEOUT,False,1.0.0-local-freeze,1024,1411606814,commissioned_pi,True,False,,25,,2,38,0,40,0,,0.034375301103736204,0.11939662302297938,,0.03481987019767985,0.00796241796342656,7.85829615779221e-05,0.00010622496483847499,0.007777610037010163,0.0,81920,655360,3.0,,,
FAIL_CONTRACT_TIMEOUT,False,1.0.0-local-freeze,1024,1411606814,spsa,True,False,,,,0,14,26,40,0,,0.18114054759066572,0.4496489924926922,,0.04244701721472666,0.0011322040227241814,0.00012110499665141106,0.0,0.0,0.0010110990260727704,81920,655360,2.0,,,
PASS,False,1.0.0-local-freeze,1024,1411606814,oracle,False,True,3,1,3,0,3,0,3,1,4,0.02359269708808733,2.0678438651288817e-17,0.9950141906738281,0.0032108769519254565,0.0001489949645474553,6.0632999520748854e-05,0.0,8.836196502670646e-05,0.0,6144,49152,1.0,2,,
FAIL_CONTRACT_TIMEOUT,False,1.0.0-local-freeze,1024,2130388698,do_nothing,True,False,,,,0,40,0,40,0,,0.1804546548927437,0.45000939643081245,,0.044262628944125026,0.0017861947999335825,4.6011991798877716e-05,0.0,0.0017401828081347048,0.0,81920,655360,1.0,,,
PASS,False,1.0.0-local-freeze,1024,2130388698,retained_residual,True,True,12,10,12,0,12,0,12,1,13,0.030106369023964342,0.24709908378796772,0.9866275787353516,0.015513213991653174,0.004007328941952437,0.00045744702219963074,0.0,0.0035498819197528064,0.0,24576,196608,6.0,11,,
FAIL_CONTRACT_TIMEOUT,False,1.0.0-local-freeze,1024,2130388698,diagonal_secant,True,False,,33,,0,40,0,40,0,,0.03346902685831153,0.24458977821388464,,0.05493157508317381,0.013602942693978548,0.00029313500272110105,0.0,0.013309807691257447,0.0,81920,655360,4.0,,,
PASS,False,1.0.0-local-freeze,1024,2130388698,anderson_residual,True,True,11,9,11,0,11,0,11,1,12,0.03102967800436485,0.20402458185526764,0.9882774353027344,0.017818976019043475,0.004876504128333181,0.0004329400253482163,0.0,0.004443564102984965,0.0,22528,180224,16.0,10,,
PASS,False,1.0.0-local-freeze,1024,2130388698,commissioned_pi,True,True,31,23,31,2,29,0,31,1,32,0.03477369978842658,0.1317432462487621,0.9890365600585938,0.04577975795837119,0.008094867109321058,8.614698890596628e-05,0.0003161380300298333,0.007692582090385258,0.0,63488,507904,3.0,28,,
FAIL_CONTRACT_TIMEOUT,False,1.0.0-local-freeze,1024,2130388698,spsa,True,False,,,,0,14,26,40,0,,0.18017312066638838,0.4498122276492323,,0.05894279183121398,0.0010288130724802613,0.00013801100431010127,0.0,0.0,0.0008908020681701601,81920,655360,2.0,,,
PASS,False,1.0.0-local-freeze,1024,2130388698,oracle,False,True,3,1,3,0,3,0,3,1,4,0.023599276165881797,1.9233690962227962e-17,0.9949893951416016,0.009460406086873263,0.00014167098561301827,4.8408983275294304e-05,0.0,9.326200233772397e-05,0.0,6144,49152,1.0,2,,
FAIL_CONTRACT_TIMEOUT,False,1.0.0-local-freeze,1024,305030663,do_nothing,True,False,,,,0,40,0,40,0,,0.18089408809794205,0.4502974848679228,,0.039581021934282035,0.0018113181577064097,2.7357018552720547e-05,0.0,0.0017839611391536891,0.0,81920,655360,1.0,,,
PASS,False,1.0.0-local-freeze,1024,305030663,retained_residual,True,True,13,11,13,0,13,0,13,1,14,0.03097847701869315,0.2268147214587226,0.9876728057861328,0.012841427989769727,0.0038135441136546433,0.0005414379993453622,0.0,0.003272106114309281,0.0,26624,212992,6.0,12,,
PASS,False,1.0.0-local-freeze,1024,305030663,diagonal_secant,True,True,36,27,36,0,36,0,36,1,37,0.03237917286173682,0.13723661950733293,0.9886035919189453,0.03570864407811314,0.014557556074578315,0.0002957929973490536,0.0,0.014261763077229261,0.0,73728,589824,4.0,35,,
PASS,False,1.0.0-local-freeze,1024,305030663,anderson_residual,True,True,11,9,11,0,11,0,11,1,12,0.03226061037463059,0.1691318063617131,0.989105224609375,0.012608798977453262,0.007494587101973593,0.00033052999060600996,0.0,0.007164057111367583,0.0,22528,180224,16.0,10,,
FAIL_CONTRACT_TIMEOUT,False,1.0.0-local-freeze,1024,305030663,commissioned_pi,True,False,,20,,2,38,0,40,0,,0.03544196696365017,0.1205681680535366,,0.04365621303441003,0.0061855746898800135,7.144297705963254e-05,0.0005626559723168612,0.00555147574050352,0.0,81920,655360,3.0,,,
FAIL_CONTRACT_TIMEOUT,False,1.0.0-local-freeze,1024,305030663,spsa,True,False,,,,0,14,26,40,0,,0.18150636767385292,0.45017734719931135,,0.0396659389953129,0.0013634890201501548,0.0001424209913238883,0.0,0.0,0.0012210680288262665,81920,655360,2.0,,,
PASS,False,1.0.0-local-freeze,1024,305030663,oracle,False,True,3,1,3,0,3,0,3,1,4,0.023967231394099432,1.924085170981169e-17,0.9950294494628906,0.004025285947136581,0.0001295990077778697,3.635999746620655e-05,0.0,9.323901031166315e-05,0.0,6144,49152,1.0,2,,
FAIL_CONTRACT_TIMEOUT,False,1.0.0-local-freeze,1024,484958000,do_nothing,True,False,,,,0,40,0,40,0,,0.18227950183974562,0.4505245606947962,,0.06395213690120727,0.001609541301149875,3.85800376534462e-05,0.0,0.0015709612634964287,0.0,81920,655360,1.0,,,
PASS,False,1.0.0-local-freeze,1024,484958000,retained_residual,True,True,11,9,11,0,11,0,11,1,12,0.032147949236479574,0.2407034878470765,0.9862155914306641,0.009062552999239415,0.0027725290274247527,0.00018660101341083646,0.0,0.0025859280140139163,0.0,22528,180224,6.0,10,,
FAIL_CONTRACT_TIMEOUT,False,1.0.0-local-freeze,1024,484958000,diagonal_secant,True,False,,37,,0,40,0,40,0,,0.035423496532407825,0.16512005298378926,,0.04645982792135328,0.013765893992967904,0.00026791496202349663,0.0,0.013497979030944407,0.0,81920,655360,4.0,,,
PASS,False,1.0.0-local-freeze,1024,484958000,anderson_residual,True,True,11,9,11,0,11,0,11,1,12,0.031073415929876308,0.20455163897876785,0.9874629974365234,0.017870143114123493,0.00708056497387588,0.00031777797266840935,0.0,0.006762787001207471,0.0,22528,180224,16.0,10,,
PASS,False,1.0.0-local-freeze,1024,484958000,commissioned_pi,True,True,18,12,18,2,16,0,18,1,19,0.033122274541406586,0.16473320662793792,0.9879684448242188,0.028225031855981797,0.0023689951049163938,8.7540945969522e-05,0.00013751501683145761,0.002143939142115414,0.0,36864,294912,3.0,15,,
FAIL_CONTRACT_TIMEOUT,False,1.0.0-local-freeze,1024,484958000,spsa,True,False,,,,0,14,26,40,0,,0.18223526772612242,0.45043860458553137,,0.043342730845324695,0.0007866589585319161,0.0001761710154823959,0.0,0.0,0.0006104879430495203,81920,655360,2.0,,,
PASS,False,1.0.0-local-freeze,1024,484958000,oracle,False,True,3,1,3,0,3,0,3,1,4,0.02395941112735627,1.8810850633761337e-17,0.9950714111328125,0.0018706030095927417,7.88180623203516e-05,3.824103623628616e-05,0.0,4.057702608406544e-05,0.0,6144,49152,1.0,2,,
FAIL_CONTRACT_TIMEOUT,False,1.0.0-local-freeze,1024,668379286,do_nothing,True,False,,,,0,40,0,40,0,,0.1820462332619796,0.4503539913672925,,0.03593695105519146,0.0016158880316652358,6.003800081089139e-05,0.0,0.0015558500308543444,0.0,81920,655360,1.0,,,
PASS,False,1.0.0-local-freeze,1024,668379286,retained_residual,True,True,11,9,11,0,11,0,11,1,12,0.032189700328631554,0.19260757702413825,0.9872207641601562,0.009814418095629662,0.0026399620110169053,0.0003413769882172346,0.0,0.0022985850227996707,0.0,22528,180224,6.0,10,,
FAIL_CONTRACT_TIMEOUT,False,1.0.0-local-freeze,1024,668379286,diagonal_secant,True,False,,26,,0,40,0,40,0,,0.03957329068316131,0.16765045246716742,,0.03665057284524664,0.009777355939149857,0.00014895695494487882,0.0,0.009628398984204978,0.0,81920,655360,4.0,,,
PASS,False,1.0.0-local-freeze,1024,668379286,anderson_residual,True,True,12,10,12,0,12,0,12,1,13,0.032412791056761474,0.16653276323529992,0.9882640838623047,0.014184792875312269,0.005693113140296191,0.0003289910382591188,0.0,0.005364122102037072,0.0,24576,196608,16.0,11,,
PASS,False,1.0.0-local-freeze,1024,668379286,commissioned_pi,True,True,21,14,21,2,19,0,21,1,22,0.03436443772114813,0.0602283449368187,0.9889926910400391,0.023184856167063117,0.0038424019003286958,5.4571020882576704e-05,9.818800026550889e-05,0.00368964287918061,0.0,43008,344064,3.0,18,,
FAIL_CONTRACT_TIMEOUT,False,1.0.0-local-freeze,1024,668379286,spsa,True,False,,,,0,14,26,40,0,,0.18291043734948942,0.45024973419244263,,0.03605315292952582,0.0007251350325532258,0.0001795989810489118,0.0,0.0,0.0005455360515043139,81920,655360,2.0,,,
PASS,False,1.0.0-local-freeze,1024,668379286,oracle,False,True,3,1,3,0,3,0,3,1,4,0.02305415440621384,1.8668049044380583e-17,0.9949970245361328,0.001956497028004378,6.296997889876366e-05,2.5938963517546654e-05,0.0,3.7031015381217e-05,0.0,6144,49152,1.0,2,,
FAIL_CONTRACT_TIMEOUT,False,1.0.0-local-freeze,1024,2091457751,do_nothing,True,False,,,,0,40,0,40,0,,0.18647723880311404,0.4501581190776214,,0.02745625196257606,0.0016624300042167306,2.772302832454443e-05,0.0,0.0016347069758921862,0.0,81920,655360,1.0,,,
PASS,False,1.0.0-local-freeze,1024,2091457751,retained_residual,True,True,11,9,11,0,11,0,11,1,12,0.030649648987272512,0.128113341271509,0.9896812438964844,0.010641909029800445,0.002892199147026986,0.0005242250044830143,0.0,0.0023679741425439715,0.0,22528,180224,6.0,10,,
FAIL_CONTRACT_TIMEOUT,False,1.0.0-local-freeze,1024,2091457751,diagonal_secant,True,False,,38,,0,40,0,40,0,,0.03699655857716531,0.15569179585617499,,0.040960520796943456,0.010458482953254133,0.00026218401035293937,0.0,0.010196298942901194,0.0,81920,655360,4.0,,,
PASS,False,1.0.0-local-freeze,1024,2091457751,anderson_residual,True,True,11,9,11,0,11,0,11,1,12,0.03158029887992637,0.09854722239926879,0.98992919921875,0.017903000116348267,0.008147697953972965,0.000339275982696563,0.0,0.0078084219712764025,0.0,22528,180224,16.0,10,,
PASS,False,1.0.0-local-freeze,1024,2091457751,commissioned_pi,True,True,18,14,18,2,16,0,18,1,19,0.03418144664324644,0.0608996300149984,0.9889602661132812,0.01764513592934236,0.0021459978306666017,8.8853994384408e-05,0.00011249602539464831,0.0019446478108875453,0.0,36864,294912,3.0,15,,
FAIL_CONTRACT_TIMEOUT,False,1.0.0-local-freeze,1024,2091457751,spsa,True,False,,,,0,14,26,40,0,,0.18661204606335882,0.45008573904457355,,0.0541467068833299,0.0013467681128531694,0.00019385002087801695,0.0,0.0,0.0011529180919751525,81920,655360,2.0,,,
PASS,False,1.0.0-local-freeze,1024,2091457751,oracle,False,True,3,1,3,0,3,0,3,1,4,0.022821601662957075,2.0675951472650983e-17,0.9950447082519531,0.004730080021545291,0.0001335770357400179,4.096399061381817e-05,0.0,9.261304512619972e-05,0.0,6144,49152,1.0,2,,
FAIL_CONTRACT_TIMEOUT,False,1.0.0-local-freeze,1024,427837642,do_nothing,True,False,,,,0,40,0,40,0,,0.1826563524766207,0.45003667328294744,,0.04285228485241532,0.002039100101683289,4.796002758666873e-05,0.0,0.00199114007409662,0.0,81920,655360,1.0,,,
PASS,False,1.0.0-local-freeze,1024,427837642,retained_residual,True,True,12,10,12,0,12,0,12,1,13,0.030720924015161723,0.21682474283079584,0.9882678985595703,0.032472248014528304,0.003602003969717771,0.0006078419974073768,0.0,0.002994161972310394,0.0,24576,196608,6.0,11,,
FAIL_CONTRACT_TIMEOUT,False,1.0.0-local-freeze,1024,427837642,diagonal_secant,True,False,,23,,0,40,0,40,0,,0.03766086609185957,0.12623998585102963,,0.02597112604416907,0.007678354857489467,0.0007020700140856206,0.0,0.006976284843403846,0.0,81920,655360,4.0,,,
PASS,False,1.0.0-local-freeze,1024,427837642,anderson_residual,True,True,11,9,11,0,11,0,11,1,12,0.031194800187467564,0.1508283032852379,0.9885635375976562,0.009127719094976783,0.00381172401830554,0.0003662040107883513,0.0,0.003445520007517189,0.0,22528,180224,16.0,10,,
FAIL_CONTRACT_TIMEOUT,False,1.0.0-local-freeze,1024,427837642,commissioned_pi,True,False,,23,,2,38,0,40,0,,0.03601021038891208,0.06816519509443772,,0.034959145123139024,0.005407978140283376,9.561801562085748e-05,0.00016429700190201402,0.0051480631227605045,0.0,81920,655360,3.0,,,
FAIL_CONTRACT_TIMEOUT,False,1.0.0-local-freeze,1024,427837642,spsa,True,False,,,,0,14,26,40,0,,0.1824183883246993,0.4499739281356704,,0.03485205990727991,0.0008818070637062192,0.00011953600915148854,0.0,0.0,0.0007622710545547307,81920,655360,2.0,,,
PASS,False,1.0.0-local-freeze,1024,427837642,oracle,False,True,3,1,3,0,3,0,3,1,4,0.02298356337171041,1.77541261075838e-17,0.9949588775634766,0.0026500929961912334,9.207596303895116e-05,2.8499984182417393e-05,0.0,6.357597885653377e-05,0.0,6144,49152,1.0,2,,
FAIL_CONTRACT_TIMEOUT,False,1.0.0-local-freeze,1024,1523209647,do_nothing,True,False,,,,0,40,0,40,0,,0.1812298051938303,0.45018372430442277,,0.01943431416293606,0.0007922289660200477,2.505100565031171e-05,0.0,0.000767177960369736,0.0,81920,655360,1.0,,,
PASS,False,1.0.0-local-freeze,1024,1523209647,retained_residual,True,True,12,10,12,0,12,0,12,1,13,0.0320536224952786,0.24846172018122953,0.9864463806152344,0.0073780600796453655,0.0019861151231452823,0.00014541001291945577,0.0,0.0018407051102258265,0.0,24576,196608,6.0,11,,
FAIL_CONTRACT_TIMEOUT,False,1.0.0-local-freeze,1024,1523209647,diagonal_secant,True,False,,34,,0,40,0,40,0,,0.03932713779762766,0.26218555476247424,,0.04446884599747136,0.01802516879979521,0.0011661950265988708,0.0,0.01685897377319634,0.0,81920,655360,4.0,,,
PASS,False,1.0.0-local-freeze,1024,1523209647,anderson_residual,True,True,11,9,11,0,11,0,11,1,12,0.03142050518332212,0.22975403082831541,0.9874343872070312,0.011995549954008311,0.003713090904057026,0.00022491597337648273,0.0,0.003488174930680543,0.0,22528,180224,16.0,10,,
PASS,False,1.0.0-local-freeze,1024,1523209647,commissioned_pi,True,True,31,17,31,2,29,0,31,1,32,0.03347516288691431,0.13655906572652904,0.9882946014404297,0.026576203992590308,0.0033254800946451724,7.943995296955109e-05,7.236399687826633e-05,0.003173676144797355,0.0,63488,507904,3.0,28,,
FAIL_CONTRACT_TIMEOUT,False,1.0.0-local-freeze,1024,1523209647,spsa,True,False,,,,0,14,26,40,0,,0.18212107118674298,0.45007034024056947,,0.03341816697502509,0.000988934945780784,0.00032058899523690343,0.0,0.0,0.0006683459505438805,81920,655360,2.0,,,
PASS,False,1.0.0-local-freeze,1024,1523209647,oracle,False,True,3,1,3,0,3,0,3,1,4,0.02279374284336871,1.70636179598745e-17,0.9950141906738281,0.0020698930602520704,7.530004950240254e-05,2.558401320129633e-05,0.0,4.9716036301106215e-05,0.0,6144,49152,1.0,2,,
FAIL_CONTRACT_TIMEOUT,False,1.0.0-local-freeze,1024,1177627976,do_nothing,True,False,,,,0,40,0,40,0,,0.18266606728553805,0.44993609865584616,,0.029907620220910758,0.003182009910233319,3.761198604479432e-05,0.0,0.0031443979241885245,0.0,81920,655360,1.0,,,
PASS,False,1.0.0-local-freeze,1024,1177627976,retained_residual,True,True,11,9,11,0,11,0,11,1,12,0.03163999782046623,0.29353279702985163,0.9844570159912109,0.011935267073567957,0.0033219720353372395,0.0005295340088196099,0.0,0.0027924380265176296,0.0,22528,180224,6.0,10,,
FAIL_CONTRACT_TIMEOUT,False,1.0.0-local-freeze,1024,1177627976,diagonal_secant,True,False,,38,,0,40,0,40,0,,0.03861997552371574,0.2161555932845685,,0.03466150595340878,0.009460585075430572,0.00024031801149249077,0.0,0.009220267063938081,0.0,81920,655360,4.0,,,
PASS,False,1.0.0-local-freeze,1024,1177627976,anderson_residual,True,True,11,9,11,0,11,0,11,1,12,0.03254067797331389,0.2000151824831215,0.9872303009033203,0.009144090116024017,0.003924269927665591,0.0002618769649416208,0.0,0.0036623929627239704,0.0,22528,180224,16.0,10,,
PASS,False,1.0.0-local-freeze,1024,1177627976,commissioned_pi,True,True,22,20,22,2,20,0,22,1,23,0.03437697319577207,0.12240095441232843,0.9878959655761719,0.023495777160860598,0.0028732551145367324,9.436398977413774e-05,0.00011609296780079603,0.0026627981569617987,0.0,45056,360448,3.0,19,,
FAIL_CONTRACT_TIMEOUT,False,1.0.0-local-freeze,1024,1177627976,spsa,True,False,,,,0,14,26,40,0,,0.18242524413738787,0.4498577269569627,,0.030204655951820314,0.001351353945210576,0.0006203289958648384,0.0,0.0,0.0007310249493457377,81920,655360,2.0,,,
PASS,False,1.0.0-local-freeze,1024,1177627976,oracle,False,True,3,1,3,0,3,0,3,1,4,0.023731918153337302,1.820781897816913e-17,0.99493408203125,0.0042432540212757885,0.00012158299796283245,2.5329994969069958e-05,0.0,9.625300299376249e-05,0.0,6144,49152,1.0,2,,
FAIL_CONTRACT_TIMEOUT,False,1.0.0-local-freeze,1024,822056531,do_nothing,True,False,,,,0,40,0,40,0,,0.18276215809866034,0.4502089300177457,,0.027267839934211224,0.0010895992163568735,3.261701203882694e-05,0.0,0.0010569822043180466,0.0,81920,655360,1.0,,,
PASS,False,1.0.0-local-freeze,1024,822056531,retained_residual,True,True,12,10,12,0,12,0,12,1,13,0.03202549476354183,0.24003796017765938,0.9869499206542969,0.017754536936990917,0.007022117963060737,0.0002837330102920532,0.0,0.006738384952768683,0.0,24576,196608,6.0,11,,
FAIL_CONTRACT_TIMEOUT,False,1.0.0-local-freeze,1024,822056531,diagonal_secant,True,False,,28,,0,40,0,40,0,,0.03166835582982896,0.18172905439005563,,0.03378037182847038,0.014222288213204592,0.0002233340055681765,0.0,0.013998954207636416,0.0,81920,655360,4.0,,,
PASS,False,1.0.0-local-freeze,1024,822056531,anderson_residual,True,True,12,10,12,0,12,0,12,1,13,0.02959119951805813,0.20898060654242376,0.9882583618164062,0.009496767888776958,0.0038231630460359156,0.00019410799723118544,0.0,0.00362905504880473,0.0,24576,196608,16.0,11,,
PASS,False,1.0.0-local-freeze,1024,822056531,commissioned_pi,True,True,36,21,36,2,34,0,36,1,37,0.03390375627656643,0.09425152666103485,0.9887981414794922,0.030157216999214143,0.004330515977926552,5.527498433366418e-05,0.00011481903493404388,0.004160421958658844,0.0,73728,589824,3.0,33,,
FAIL_CONTRACT_TIMEOUT,False,1.0.0-local-freeze,1024,822056531,spsa,True,False,,,,0,14,26,40,0,,0.18298618579825743,0.450147339274879,,0.03261165914591402,0.0007332700188271701,0.0001701720175333321,0.0,0.0,0.000563098001293838,81920,655360,2.0,,,
PASS,False,1.0.0-local-freeze,1024,822056531,oracle,False,True,3,1,3,0,3,0,3,1,4,0.022676312518816792,1.9106453529490424e-17,0.9949188232421875,0.004670271999202669,0.0001676150131970644,4.845502553507686e-05,0.0,0.00011915998766198754,0.0,6144,49152,1.0,2,,
FAIL_CONTRACT_TIMEOUT,False,1.0.0-local-freeze,1024,445399178,do_nothing,True,False,,,,0,40,0,40,0,,0.18108900700010713,0.4504108965400356,,0.030818335071671754,0.0013677149545401335,3.1754025258123875e-05,0.0,0.0013359609292820096,0.0,81920,655360,1.0,,,
PASS,False,1.0.0-local-freeze,1024,445399178,retained_residual,True,True,12,10,12,0,12,0,12,1,13,0.03143603764903704,0.24345442204954948,0.9869270324707031,0.007681842951569706,0.0019637890509329736,0.000162313983310014,0.0,0.0018014750676229596,0.0,24576,196608,6.0,11,,
FAIL_CONTRACT_TIMEOUT,False,1.0.0-local-freeze,1024,445399178,diagonal_secant,True,False,,32,,0,40,0,40,0,,0.03902497799131473,0.19428208093322424,,0.03434300213120878,0.010408980015199631,0.0001339699956588447,0.0,0.010275010019540787,0.0,81920,655360,4.0,,,
PASS,False,1.0.0-local-freeze,1024,445399178,anderson_residual,True,True,11,9,11,0,11,0,11,1,12,0.031195442997566096,0.15977525046903676,0.9891223907470703,0.012481459998525679,0.009288230037782341,0.0002801209921017289,0.0,0.009008109045680612,0.0,22528,180224,16.0,10,,
FAIL_CONTRACT_TIMEOUT,False,1.0.0-local-freeze,1024,445399178,commissioned_pi,True,False,,18,,2,38,0,40,0,,0.03562320355306065,0.10499600961253515,,0.034886678971815854,0.005049812898505479,7.504603127017617e-05,0.00021655496675521135,0.004758211900480092,0.0,81920,655360,3.0,,,
FAIL_CONTRACT_TIMEOUT,False,1.0.0-local-freeze,1024,445399178,spsa,True,False,,,,0,14,26,40,0,,0.1817077080550129,0.4503480792935392,,0.03299224405782297,0.0006917790742591023,0.00014426099369302392,0.0,0.0,0.0005475180805660784,81920,655360,2.0,,,
PASS,False,1.0.0-local-freeze,1024,445399178,oracle,False,True,3,1,3,0,3,0,3,1,4,0.023455214511466232,1.841879685948916e-17,0.9951400756835938,0.00337135698646307,0.00016065395902842283,3.644498065114021e-05,0.0,0.00012420897837728262,0.0,6144,49152,1.0,2,,
FAIL_CONTRACT_TIMEOUT,False,1.0.0-local-freeze,1024,1242705187,do_nothing,True,False,,,,0,40,0,40,0,,0.18308273094779273,0.44998409251068866,,0.04093464103061706,0.001884235127363354,4.330696538090706e-05,0.0,0.001840928161982447,0.0,81920,655360,1.0,,,
PASS,False,1.0.0-local-freeze,1024,1242705187,retained_residual,True,True,12,10,12,0,12,0,12,1,13,0.029097157463367197,0.17422269177375355,0.9895229339599609,0.012008107849396765,0.0035881458898074925,0.00025949301198124886,0.0,0.0033286528778262436,0.0,24576,196608,6.0,11,,
FAIL_CONTRACT_TIMEOUT,False,1.0.0-local-freeze,1024,1242705187,diagonal_secant,True,False,,37,,0,40,0,40,0,,0.03659815626238503,0.16366160404091812,,0.03684587212046608,0.012093437020666897,0.0003003249876201153,0.0,0.011793112033046782,0.0,81920,655360,4.0,,,
PASS,False,1.0.0-local-freeze,1024,1242705187,anderson_residual,True,True,11,9,11,0,11,0,11,1,12,0.03059596389887065,0.13231593422828936,0.9899940490722656,0.01587973308051005,0.00712691800436005,0.00036307499976828694,0.0,0.006763843004591763,0.0,22528,180224,16.0,10,,
PASS,False,1.0.0-local-freeze,1024,1242705187,commissioned_pi,True,True,38,25,38,2,36,0,38,1,39,0.03334075351467164,0.06315200119086022,0.9886608123779297,0.03645374911138788,0.005404394993092865,0.00012826296733692288,0.00011367601109668612,0.005162456014659256,0.0,77824,622592,3.0,35,,
FAIL_CONTRACT_TIMEOUT,False,1.0.0-local-freeze,1024,1242705187,spsa,True,False,,,,0,14,26,40,0,,0.1827995534318284,0.4499018009898364,,0.055684785824269056,0.0010993489413522184,0.0003172219730913639,0.0,0.0,0.0007821269682608545,81920,655360,2.0,,,
PASS,False,1.0.0-local-freeze,1024,1242705187,oracle,False,True,3,1,3,0,3,0,3,1,4,0.02339037862097216,1.9795083936317313e-17,0.99505615234375,0.0026524459826759994,7.957493653520942e-05,3.673194441944361e-05,0.0,4.284299211576581e-05,0.0,6144,49152,1.0,2,,
FAIL_CONTRACT_TIMEOUT,False,1.0.0-local-freeze,4096,1239900679,do_nothing,True,False,,,,0,40,0,40,0,,0.18244663789888843,0.4500915897259667,,0.13085665489779785,0.001616202003788203,5.801598308607936e-05,0.0,0.0015581860207021236,0.0,327680,2621440,1.0,,,
PASS,False,1.0.0-local-freeze,4096,1239900679,retained_residual,True,True,12,10,12,0,12,0,12,1,13,0.030446851551083853,0.19410249957034945,0.9882984161376953,0.02485970506677404,0.0061387488967739046,0.0004398389719426632,0.0,0.005698909924831241,0.0,98304,786432,6.0,11,,
FAIL_CONTRACT_TIMEOUT,False,1.0.0-local-freeze,4096,1239900679,diagonal_secant,True,False,,39,,0,40,0,40,0,,0.03578887394895965,0.18427143976866978,,0.07831265887944028,0.020887040183879435,0.00039637001464143395,0.0,0.020490670169238,0.0,327680,2621440,4.0,,,
PASS,False,1.0.0-local-freeze,4096,1239900679,anderson_residual,True,True,11,9,11,0,11,0,11,1,12,0.0309738682645388,0.1448197399383464,0.9888076782226562,0.02293215598911047,0.013567931018769741,0.0006291940226219594,0.0,0.012938736996147782,0.0,90112,720896,16.0,10,,
PASS,False,1.0.0-local-freeze,4096,1239900679,commissioned_pi,True,True,22,14,22,2,20,0,22,1,23,0.03423131020350642,0.12096856379199106,0.988347053527832,0.04320977901807055,0.0047475199098698795,0.0001217440003529191,0.0001392489648424089,0.0044865269446745515,0.0,180224,1441792,3.0,19,,
FAIL_CONTRACT_TIMEOUT,False,1.0.0-local-freeze,4096,1239900679,spsa,True,False,,,,0,14,26,40,0,,0.18216417596088635,0.4500504478517083,,0.06351555796572939,0.001296140137128532,0.0002220870228484273,0.0,0.0,0.0010740531142801046,327680,2621440,2.0,,,
PASS,False,1.0.0-local-freeze,4096,1239900679,oracle,False,True,3,1,3,0,3,0,3,1,4,0.023031942621255585,1.8466964062836948e-17,0.995110034942627,0.007862670987378806,0.0001726740156300366,4.950998118147254e-05,0.0,0.00012316403444856405,0.0,24576,196608,1.0,2,,
FAIL_CONTRACT_TIMEOUT,False,1.0.0-local-freeze,4096,1573996,do_nothing,True,False,,,,0,40,0,40,0,,0.18163919512380755,0.4499699970985255,,0.054188715759664774,0.0015019087586551905,4.7152978368103504e-05,0.0,0.001454755780287087,0.0,327680,2621440,1.0,,,
PASS,False,1.0.0-local-freeze,4096,1573996,retained_residual,True,True,12,10,12,0,12,0,12,1,13,0.03127789742265702,0.2169393603482516,0.9876885414123535,0.019244773022364825,0.005185674061067402,0.0002837160136550665,0.0,0.004901958047412336,0.0,98304,786432,6.0,11,,
FAIL_CONTRACT_TIMEOUT,False,1.0.0-local-freeze,4096,1573996,diagonal_secant,True,False,,39,,0,40,0,40,0,,0.03718832990277305,0.22276184937516716,,0.06507408618927002,0.020841136923991144,0.00021284102695062757,0.0,0.020628295897040516,0.0,327680,2621440,4.0,,,
PASS,False,1.0.0-local-freeze,4096,1573996,anderson_residual,True,True,11,9,11,0,11,0,11,1,12,0.03177883052102769,0.15930384292450364,0.9884705543518066,0.022613588953390718,0.008536042994819582,0.0009137819870375097,0.0,0.007622261007782072,0.0,90112,720896,16.0,10,,
FAIL_CONTRACT_TIMEOUT,False,1.0.0-local-freeze,4096,1573996,commissioned_pi,True,False,,28,,2,38,0,40,0,,0.034567219789820386,0.09773674423881291,,0.05495938897365704,0.0061833690269850194,7.1852991823107e-05,9.144196519628167e-05,0.006020074069965631,0.0,327680,2621440,3.0,,,
FAIL_CONTRACT_TIMEOUT,False,1.0.0-local-freeze,4096,1573996,spsa,True,False,,,,0,14,26,40,0,,0.1818717535856141,0.4499301196780064,,0.07561171910492703,0.002879972045775503,0.0002927000168710947,0.0,0.0,0.002587272028904408,327680,2621440,2.0,,,
PASS,False,1.0.0-local-freeze,4096,1573996,oracle,False,True,3,1,3,0,3,0,3,1,4,0.023527687122183328,2.0034423216434875e-17,0.9950008392333984,0.007949625025503337,0.00015368498861789703,5.584699101746082e-05,0.0,9.783799760043621e-05,0.0,24576,196608,1.0,2,,
FAIL_CONTRACT_TIMEOUT,False,1.0.0-local-freeze,4096,1558604323,do_nothing,True,False,,,,0,40,0,40,0,,0.18107637362934595,0.4502380181415312,,0.0663899559294805,0.0016097959014587104,3.164797089993954e-05,0.0,0.001578147930558771,0.0,327680,2621440,1.0,,,
PASS,False,1.0.0-local-freeze,4096,1558604323,retained_residual,True,True,11,9,11,0,11,0,11,1,12,0.03185832973620211,0.2164516036874304,0.9874305725097656,0.016939566878136247,0.00696724490262568,0.0003022739547304809,0.0,0.006664970947895199,0.0,90112,720896,6.0,10,,
FAIL_CONTRACT_TIMEOUT,False,1.0.0-local-freeze,4096,1558604323,diagonal_secant,True,False,,39,,0,40,0,40,0,,0.03394947070808293,0.18070579668267708,,0.07014934183098376,0.019515390042215586,0.0004946630215272307,0.0,0.019020727020688355,0.0,327680,2621440,4.0,,,
PASS,False,1.0.0-local-freeze,4096,1558604323,anderson_residual,True,True,11,9,11,0,11,0,11,1,12,0.03195072265706269,0.16311459886914212,0.9884843826293945,0.026116869878023863,0.007337418966926634,0.0006502990145236254,0.0,0.006687119952403009,0.0,90112,720896,16.0,10,,
PASS,False,1.0.0-local-freeze,4096,1558604323,commissioned_pi,True,True,30,28,30,2,28,0,30,1,31,0.03442071903168856,0.1254203564023196,0.9881296157836914,0.05207897402578965,0.00608826003735885,0.00010047899559140205,0.00019168900325894356,0.005796092038508505,0.0,245760,1966080,3.0,27,,
FAIL_CONTRACT_TIMEOUT,False,1.0.0-local-freeze,4096,1558604323,spsa,True,False,,,,0,14,26,40,0,,0.1807394751096133,0.4502112899830388,,0.07299835473531857,0.0012256819172762334,0.00022118899505585432,0.0,0.0,0.0010044929222203791,327680,2621440,2.0,,,
PASS,False,1.0.0-local-freeze,4096,1558604323,oracle,False,True,3,1,3,0,3,0,3,1,4,0.02349738421655937,1.8443717640868882e-17,0.9949846267700195,0.005538405908737332,0.00012580095790326595,3.742496483027935e-05,0.0,8.83759930729866e-05,0.0,24576,196608,1.0,2,,
FAIL_CONTRACT_TIMEOUT,False,1.0.0-local-freeze,4096,1280968996,do_nothing,True,False,,,,0,40,0,40,0,,0.18153333439426672,0.4501545543975904,,0.07979604508727789,0.0021094048279337585,3.215495962649584e-05,0.0,0.0020772498683072627,0.0,327680,2621440,1.0,,,
PASS,False,1.0.0-local-freeze,4096,1280968996,retained_residual,True,True,12,10,12,0,12,0,12,1,13,0.030534438005949235,0.23878226370455244,0.9868340492248535,0.021987762942444533,0.006772228982299566,0.0002645979984663427,0.0,0.006507630983833224,0.0,98304,786432,6.0,11,,
FAIL_CONTRACT_TIMEOUT,False,1.0.0-local-freeze,4096,1280968996,diagonal_secant,True,False,,39,,0,40,0,40,0,,0.03246575847600624,0.22646440994796438,,0.06209675094578415,0.01668343407800421,0.0003907260252162814,0.0,0.01629270805278793,0.0,327680,2621440,4.0,,,
PASS,False,1.0.0-local-freeze,4096,1280968996,anderson_residual,True,True,11,9,11,0,11,0,11,1,12,0.03117815691729356,0.20531684009337875,0.9872827529907227,0.02320458908798173,0.007793904922436923,0.0005555929965339601,0.0,0.007238311925902963,0.0,90112,720896,16.0,10,,
PASS,False,1.0.0-local-freeze,4096,1280968996,commissioned_pi,True,True,28,23,28,2,26,0,28,1,29,0.034794659684170594,0.17068528913014927,0.9876775741577148,0.04520161007530987,0.0044149228488095105,0.00012089998926967382,0.0001053389860317111,0.0041886838735081255,0.0,229376,1835008,3.0,25,,
FAIL_CONTRACT_TIMEOUT,False,1.0.0-local-freeze,4096,1280968996,spsa,True,False,,,,0,14,26,40,0,,0.18177394623165846,0.450102288969596,,0.06862471060594544,0.0011338638723827899,0.00018813495989888906,0.0,0.0,0.0009457289124839008,327680,2621440,2.0,,,
PASS,False,1.0.0-local-freeze,4096,1280968996,oracle,False,True,3,1,3,0,3,0,3,1,4,0.023268242152214784,1.745181561469865e-17,0.994969367980957,0.015871636976953596,0.0001735319965519011,7.222202839329839e-05,0.0,0.00010130996815860271,0.0,24576,196608,1.0,2,,
FAIL_CONTRACT_TIMEOUT,False,1.0.0-local-freeze,4096,946144272,do_nothing,True,False,,,,0,40,0,40,0,,0.18447624943163476,0.45010237749687304,,0.07394568173913285,0.0028802879387512803,4.6456989366561174e-05,0.0,0.002833830949384719,0.0,327680,2621440,1.0,,,
PASS,False,1.0.0-local-freeze,4096,946144272,retained_residual,True,True,12,10,12,0,12,0,12,1,13,0.030860730183698688,0.1696584729386717,0.9888510704040527,0.025827410980127752,0.007173689897172153,0.0004236949607729912,0.0,0.006749994936399162,0.0,98304,786432,6.0,11,,
FAIL_CONTRACT_TIMEOUT,False,1.0.0-local-freeze,4096,946144272,diagonal_secant,True,False,,,,0,40,0,40,0,,0.03701565854887048,0.16875973869012487,,0.05454372178064659,0.01438772218534723,0.00021285301772877574,0.0,0.014174869167618454,0.0,327680,2621440,4.0,,,
PASS,False,1.0.0-local-freeze,4096,946144272,anderson_residual,True,True,11,9,11,0,11,0,11,1,12,0.030684358719602796,0.11724519358641872,0.9894700050354004,0.016451992094516754,0.007263540057465434,0.0008597149862907827,0.0,0.006403825071174651,0.0,90112,720896,16.0,10,,
PASS,False,1.0.0-local-freeze,4096,946144272,commissioned_pi,True,True,19,13,19,2,17,0,19,1,20,0.033913255134890054,0.07964976405271945,0.9885749816894531,0.03183029004139826,0.0029066670103929937,0.000174832995980978,0.00021053501404821873,0.002521299000363797,0.0,155648,1245184,3.0,16,,
FAIL_CONTRACT_TIMEOUT,False,1.0.0-local-freeze,4096,946144272,spsa,True,False,,,,0,14,26,40,0,,0.1842882363648446,0.4500626654493519,,0.06198211794253439,0.0011053140042349696,0.00010716496035456657,0.0,0.0,0.000998149043880403,327680,2621440,2.0,,,
PASS,False,1.0.0-local-freeze,4096,946144272,oracle,False,True,3,1,3,0,3,0,3,1,4,0.022596571689385385,1.7991161010830033e-17,0.9950222969055176,0.007532194082159549,0.00015899102436378598,5.9258018154650927e-05,0.0,9.973300620913506e-05,0.0,24576,196608,1.0,2,,
FAIL_CONTRACT_TIMEOUT,False,1.0.0-local-freeze,4096,1536741766,do_nothing,True,False,,,,0,40,0,40,0,,0.18124639928007882,0.44997602262323627,,0.06927850825013593,0.0014999409904703498,3.699702210724354e-05,0.0,0.0014629439683631063,0.0,327680,2621440,1.0,,,
PASS,False,1.0.0-local-freeze,4096,1536741766,retained_residual,True,True,12,10,12,0,12,0,12,1,13,0.03141214936017032,0.19770082793767038,0.9877305030822754,0.023640143976081163,0.004726298036985099,0.000302512024063617,0.0,0.004423786012921482,0.0,98304,786432,6.0,11,,
FAIL_CONTRACT_TIMEOUT,False,1.0.0-local-freeze,4096,1536741766,diagonal_secant,True,False,,,,0,40,0,40,0,,0.035924331188451626,0.20183725412963094,,0.06216336716897786,0.017317032092250884,0.0014729659887962043,0.0,0.01584406610345468,0.0,327680,2621440,4.0,,,
PASS,False,1.0.0-local-freeze,4096,1536741766,anderson_residual,True,True,11,9,11,0,11,0,11,1,12,0.03158948778774393,0.16468862365617093,0.9882192611694336,0.019172659958712757,0.007950551167596132,0.0009738589869812131,0.0,0.0069766921806149185,0.0,90112,720896,16.0,10,,
PASS,False,1.0.0-local-freeze,4096,1536741766,commissioned_pi,True,True,38,20,38,2,36,0,38,1,39,0.034453671831445695,0.10829996862556404,0.9880943298339844,0.06153703294694424,0.007716473191976547,7.897202158346772e-05,0.00029976601945236325,0.007337735150940716,0.0,311296,2490368,3.0,35,,
FAIL_CONTRACT_TIMEOUT,False,1.0.0-local-freeze,4096,1536741766,spsa,True,False,,,,0,14,26,40,0,,0.18203920781517322,0.44993846406401267,,0.07492072699824348,0.0011099440162070096,0.00010572705650702119,0.0,0.0,0.0010042169596999884,327680,2621440,2.0,,,
PASS,False,1.0.0-local-freeze,4096,1536741766,oracle,False,True,3,1,3,0,3,0,3,1,4,0.023123583803134368,0.0004150976406656487,0.9949736595153809,0.007684117997996509,0.00015703908866271377,6.465602200478315e-05,0.0,9.238306665793061e-05,0.0,24576,196608,1.0,2,,
FAIL_CONTRACT_TIMEOUT,False,1.0.0-local-freeze,4096,2015248058,do_nothing,True,False,,,,0,40,0,40,0,,0.1830193785700912,0.4500877508736416,,0.07813278399407864,0.0020241050515323877,4.936801269650459e-05,0.0,0.001974737038835883,0.0,327680,2621440,1.0,,,
PASS,False,1.0.0-local-freeze,4096,2015248058,retained_residual,True,True,11,9,11,0,11,0,11,1,12,0.031337380015393906,0.21306117165915342,0.9870634078979492,0.024865640909411013,0.005508841015398502,0.00044222199358046055,0.0,0.005066619021818042,0.0,90112,720896,6.0,10,,
PASS,False,1.0.0-local-freeze,4096,2015248058,diagonal_secant,True,True,40,38,40,0,40,0,40,1,41,0.03382938467838469,0.16912652812938314,0.987882137298584,0.07357889611739665,0.01922239491250366,0.00045149197103455663,0.0,0.018770902941469103,0.0,327680,2621440,4.0,39,,
PASS,False,1.0.0-local-freeze,4096,2015248058,anderson_residual,True,True,11,9,11,0,11,0,11,1,12,0.03160295866891345,0.16936694254027762,0.9882426261901855,0.02210258791455999,0.008818030008114874,0.0005794740281999111,0.0,0.008238555979914963,0.0,90112,720896,16.0,10,,
PASS,False,1.0.0-local-freeze,4096,2015248058,commissioned_pi,True,True,18,16,18,2,16,0,18,1,19,0.0347094445132203,0.08212600119351185,0.9884004592895508,0.037551281158812344,0.004193049157038331,0.00013093400048092008,0.0002009480376727879,0.003861167118884623,0.0,147456,1179648,3.0,15,,
FAIL_CONTRACT_TIMEOUT,False,1.0.0-local-freeze,4096,2015248058,spsa,True,False,,,,0,14,26,40,0,,0.18318143266253312,0.4500531484774763,,0.08398784504970536,0.004198663926217705,0.0001552299945615232,0.0,0.0,0.004043433931656182,327680,2621440,2.0,,,
PASS,False,1.0.0-local-freeze,4096,2015248058,oracle,False,True,3,1,3,0,3,0,3,1,4,0.02340339467778798,1.7285110201453026e-17,0.9949283599853516,0.0065443970379419625,0.00018927804194390774,8.076499216258526e-05,0.0,0.00010851304978132248,0.0,24576,196608,1.0,2,,
FAIL_CONTRACT_TIMEOUT,False,1.0.0-local-freeze,4096,1062974352,do_nothing,True,False,,,,0,40,0,40,0,,0.18198661180939626,0.45008054622858645,,0.10992814804194495,0.0018625680240802467,0.00010443601058796048,0.0,0.0017581320134922862,0.0,327680,2621440,1.0,,,
PASS,False,1.0.0-local-freeze,4096,1062974352,retained_residual,True,True,11,9,11,0,11,0,11,1,12,0.03121443607008066,0.19880622476706417,0.9880385398864746,0.013642342935781926,0.0031539159826934338,0.0002815329935401678,0.0,0.002872382989153266,0.0,90112,720896,6.0,10,,
FAIL_CONTRACT_TIMEOUT,False,1.0.0-local-freeze,4096,1062974352,diagonal_secant,True,False,,,,0,40,0,40,0,,0.03725391964249942,0.23300437938705865,,0.057810549857094884,0.014333780098240823,0.0004090669681318104,0.0,0.013924713130109012,0.0,327680,2621440,4.0,,,
PASS,False,1.0.0-local-freeze,4096,1062974352,anderson_residual,True,True,11,9,11,0,11,0,11,1,12,0.031196051509144975,0.15361929718735018,0.9889273643493652,0.014099251944571733,0.005225343978963792,0.0004498210037127137,0.0,0.004775522975251079,0.0,90112,720896,16.0,10,,
PASS,False,1.0.0-local-freeze,4096,1062974352,commissioned_pi,True,True,24,17,24,2,22,0,24,1,25,0.03432437318353033,0.14379545615240796,0.9881901741027832,0.045481137989554554,0.00480397290084511,7.295497925952077e-05,0.00016439700266346335,0.004566620918922126,0.0,196608,1572864,3.0,21,,
FAIL_CONTRACT_TIMEOUT,False,1.0.0-local-freeze,4096,1062974352,spsa,True,False,,,,0,14,26,40,0,,0.18212363975193469,0.45003647986470596,,0.0704827222507447,0.0030810009338892996,0.0018722050008364022,0.0,0.0,0.0012087959330528975,327680,2621440,2.0,,,
PASS,False,1.0.0-local-freeze,4096,1062974352,oracle,False,True,3,1,3,0,3,0,3,1,4,0.023200991591980552,0.004683832273967791,0.9949955940246582,0.0038605990121141076,9.081501048058271e-05,3.693898906931281e-05,0.0,5.38760214112699e-05,0.0,24576,196608,1.0,2,,
FAIL_CONTRACT_TIMEOUT,False,1.0.0-local-freeze,4096,317314755,do_nothing,True,False,,,,0,40,0,40,0,,0.1832009008785771,0.4501390979445537,,0.06141670199576765,0.0022780621075071394,3.2562995329499245e-05,0.0,0.00224549911217764,0.0,327680,2621440,1.0,,,
PASS,False,1.0.0-local-freeze,4096,317314755,retained_residual,True,True,11,9,11,0,11,0,11,1,12,0.03141067176547497,0.1851401756332947,0.9883875846862793,0.019726844038814306,0.004987295891623944,0.0007639320101588964,0.0,0.004223363881465048,0.0,90112,720896,6.0,10,,
FAIL_CONTRACT_TIMEOUT,False,1.0.0-local-freeze,4096,317314755,diagonal_secant,True,False,,,,0,40,0,40,0,,0.037640744682744656,0.19861619760175872,,0.07045806298265234,0.02006576710846275,0.0003872449742630124,0.0,0.01967852213419974,0.0,327680,2621440,4.0,,,
PASS,False,1.0.0-local-freeze,4096,317314755,anderson_residual,True,True,11,9,11,0,11,0,11,1,12,0.03138728413001415,0.1559907356951614,0.9888429641723633,0.021739019895903766,0.009973606967832893,0.0005163349560461938,0.0,0.0094572720117867,0.0,90112,720896,16.0,10,,
PASS,False,1.0.0-local-freeze,4096,317314755,commissioned_pi,True,True,21,16,21,2,19,0,21,1,22,0.034642320450322735,0.10728248300636498,0.9883198738098145,0.03410051827086136,0.0035649350029416382,7.888599066063762e-05,0.00011405599070712924,0.0033719930215738714,0.0,172032,1376256,3.0,18,,
FAIL_CONTRACT_TIMEOUT,False,1.0.0-local-freeze,4096,317314755,spsa,True,False,,,,0,14,26,40,0,,0.1829267824439147,0.45010379241937987,,0.06523135787574574,0.0010380069725215435,0.00027028797194361687,0.0,0.0,0.0007677190005779266,327680,2621440,2.0,,,
PASS,False,1.0.0-local-freeze,4096,317314755,oracle,False,True,3,1,3,0,3,0,3,1,4,0.023324874018667688,0.00019361225450087102,0.9949755668640137,0.004609319905284792,0.00010957499034702778,3.919599112123251e-05,0.0,7.037899922579527e-05,0.0,24576,196608,1.0,2,,
FAIL_CONTRACT_TIMEOUT,False,1.0.0-local-freeze,4096,1833476299,do_nothing,True,False,,,,0,40,0,40,0,,0.1832845714740494,0.4502357699201391,,0.0605809050030075,0.0021863822476007044,5.4743024520576e-05,0.0,0.0021316392230801284,0.0,327680,2621440,1.0,,,
PASS,False,1.0.0-local-freeze,4096,1833476299,retained_residual,True,True,12,10,12,0,12,0,12,1,13,0.031828378294796913,0.2349282029152088,0.9875507354736328,0.016898421046789736,0.0039288250845856965,0.00023545604199171066,0.0,0.003693369042593986,0.0,98304,786432,6.0,11,,
FAIL_CONTRACT_TIMEOUT,False,1.0.0-local-freeze,4096,1833476299,diagonal_secant,True,False,,37,,0,40,0,40,0,,0.0327832943503412,0.1615734449732516,,0.055963388236705214,0.013815898972097784,0.00022190698655322194,0.0,0.013593991985544562,0.0,327680,2621440,4.0,,,
PASS,False,1.0.0-local-freeze,4096,1833476299,anderson_residual,True,True,11,9,11,0,11,0,11,1,12,0.03132178213235522,0.1761726039602237,0.9886031150817871,0.014532483008224517,0.005885684106033295,0.0008727950043976307,0.0,0.005012889101635665,0.0,90112,720896,16.0,10,,
PASS,False,1.0.0-local-freeze,4096,1833476299,commissioned_pi,True,True,22,20,22,2,20,0,22,1,23,0.03425770778596505,0.08679854246012275,0.9884810447692871,0.04332683206303045,0.0038691870286129415,0.00012020597932860255,0.00014571996871381998,0.003603261080570519,0.0,180224,1441792,3.0,19,,
FAIL_CONTRACT_TIMEOUT,False,1.0.0-local-freeze,4096,1833476299,spsa,True,False,,,,0,14,26,40,0,,0.18350949154758475,0.4502266442395121,,0.07080604182556272,0.0012548999511636794,0.0001692630467005074,0.0,0.0,0.001085636904463172,327680,2621440,2.0,,,
PASS,False,1.0.0-local-freeze,4096,1833476299,oracle,False,True,3,1,3,0,3,0,3,1,4,0.023370926402591245,1.7824594258093314e-17,0.9949994087219238,0.005610843014437705,9.323999984189868e-05,3.5447010304778814e-05,0.0,5.7792989537119865e-05,0.0,24576,196608,1.0,2,,
FAIL_CONTRACT_TIMEOUT,False,1.0.0-local-freeze,4096,1883236474,do_nothing,True,False,,,,0,40,0,40,0,,0.1819475648382434,0.45010330951275607,,0.06486458698054776,0.0017711541149765253,3.096798900514841e-05,0.0,0.001740186125971377,0.0,327680,2621440,1.0,,,
PASS,False,1.0.0-local-freeze,4096,1883236474,retained_residual,True,True,12,10,12,0,12,0,12,1,13,0.031681420900065475,0.24561673401180492,0.9868178367614746,0.026070650957990438,0.005526988010387868,0.0005200239829719067,0.0,0.005006964027415961,0.0,98304,786432,6.0,11,,
FAIL_CONTRACT_TIMEOUT,False,1.0.0-local-freeze,4096,1883236474,diagonal_secant,True,False,,,,0,40,0,40,0,,0.03711943446924722,0.19086539098142868,,0.07205300097120926,0.016684704984072596,0.0005551240174099803,0.0,0.016129580966662616,0.0,327680,2621440,4.0,,,
PASS,False,1.0.0-local-freeze,4096,1883236474,anderson_residual,True,True,11,9,11,0,11,0,11,1,12,0.03216480732967877,0.18304911459128892,0.987825870513916,0.01984338089823723,0.00809114403091371,0.0006813130457885563,0.0,0.007409830985125154,0.0,90112,720896,16.0,10,,
PASS,False,1.0.0-local-freeze,4096,1883236474,commissioned_pi,True,True,28,22,28,2,26,0,28,1,29,0.03484129914755483,0.09754026414629599,0.9880666732788086,0.048195083101745695,0.004685946914833039,0.00012062204768881202,0.00027058098930865526,0.004294743877835572,0.0,229376,1835008,3.0,25,,
FAIL_CONTRACT_TIMEOUT,False,1.0.0-local-freeze,4096,1883236474,spsa,True,False,,,,0,14,26,40,0,,0.18135778331475366,0.4500465573111166,,0.0662512190756388,0.0010688028414733708,0.00020883901743218303,0.0,0.0,0.0008599638240411878,327680,2621440,2.0,,,
PASS,False,1.0.0-local-freeze,4096,1883236474,oracle,False,True,3,1,3,0,3,0,3,1,4,0.023206501612814137,0.0017423033211986516,0.994992733001709,0.007340127078350633,0.00018518598517403007,4.1431980207562447e-05,0.0,0.00014375400496646762,0.0,24576,196608,1.0,2,,
FAIL_CONTRACT_TIMEOUT,False,1.0.0-local-freeze,4096,812473704,do_nothing,True,False,,,,0,40,0,40,0,,0.18252358904222962,0.45016856016001766,,0.06288537214277312,0.001998258987441659,3.1984003726392984e-05,0.0,0.001966274983715266,0.0,327680,2621440,1.0,,,
PASS,False,1.0.0-local-freeze,4096,812473704,retained_residual,True,True,11,9,11,0,11,0,11,1,12,0.0315774531373335,0.23451120775645998,0.9869918823242188,0.033862034033518285,0.007268878107424825,0.0009339199750684202,0.0,0.006334958132356405,0.0,90112,720896,6.0,10,,
FAIL_CONTRACT_TIMEOUT,False,1.0.0-local-freeze,4096,812473704,diagonal_secant,True,False,,,,0,40,0,40,0,,0.036857817587439654,0.21674159290914982,,0.07255794067168608,0.015399163006804883,0.000447898986749351,0.0,0.014951264020055532,0.0,327680,2621440,4.0,,,
PASS,False,1.0.0-local-freeze,4096,812473704,anderson_residual,True,True,11,9,11,0,11,0,11,1,12,0.030968841331037028,0.17492832735246538,0.9888863563537598,0.019314732984639704,0.0072031409363262355,0.0007372309919446707,0.0,0.006465909944381565,0.0,90112,720896,16.0,10,,
PASS,False,1.0.0-local-freeze,4096,812473704,commissioned_pi,True,True,22,20,22,2,20,0,22,1,23,0.03460149221851606,0.10227235387483159,0.9887118339538574,0.03845535108121112,0.0034929090761579573,8.153205271810293e-05,0.0001405620132572949,0.0032708150101825595,0.0,180224,1441792,3.0,19,,
FAIL_CONTRACT_TIMEOUT,False,1.0.0-local-freeze,4096,812473704,spsa,True,False,,,,0,14,26,40,0,,0.18244424803905476,0.450142328124725,,0.07359545095823705,0.0010728468769229949,9.669800056144595e-05,0.0,0.0,0.0009761488763615489,327680,2621440,2.0,,,
PASS,False,1.0.0-local-freeze,4096,812473704,oracle,False,True,3,1,3,0,3,0,3,1,4,0.023315916817754086,1.8790631440462515e-17,0.9949774742126465,0.007287657994311303,0.0001045899698510766,4.404998617246747e-05,0.0,6.053998367860913e-05,0.0,24576,196608,1.0,2,,
FAIL_CONTRACT_TIMEOUT,False,1.0.0-local-freeze,4096,1612189033,do_nothing,True,False,,,,0,40,0,40,0,,0.18193481351993304,0.44989842156766463,,0.06878853298258036,0.0015144170611165464,3.58099932782352e-05,0.0,0.0014786070678383112,0.0,327680,2621440,1.0,,,
PASS,False,1.0.0-local-freeze,4096,1612189033,retained_residual,True,True,11,9,11,0,11,0,11,1,12,0.0318031839519225,0.22710017419234246,0.9864282608032227,0.01862434798385948,0.004844026931095868,0.0002566829789429903,0.0,0.004587343952152878,0.0,90112,720896,6.0,10,,
FAIL_CONTRACT_TIMEOUT,False,1.0.0-local-freeze,4096,1612189033,diagonal_secant,True,False,,,,0,40,0,40,0,,0.03622232285151456,0.16973994271022763,,0.05483771982835606,0.015876096149440855,0.0008066529990173876,0.0,0.015069443150423467,0.0,327680,2621440,4.0,,,
PASS,False,1.0.0-local-freeze,4096,1612189033,anderson_residual,True,True,11,9,11,0,11,0,11,1,12,0.031113275182523454,0.188804555909339,0.9878559112548828,0.02130627608858049,0.009805580077227205,0.001057515968568623,0.0,0.008748064108658582,0.0,90112,720896,16.0,10,,
FAIL_CONTRACT_TIMEOUT,False,1.0.0-local-freeze,4096,1612189033,commissioned_pi,True,False,,21,,2,38,0,40,0,,0.03557798136775108,0.1433833442317453,,0.0671410029171966,0.007900643919128925,0.00016788399079814553,0.00011034304043278098,0.007622416887897998,0.0,327680,2621440,3.0,,,
FAIL_CONTRACT_TIMEOUT,False,1.0.0-local-freeze,4096,1612189033,spsa,True,False,,,,0,14,26,40,0,,0.18183744986393804,0.4498614163499521,,0.09043981711147353,0.005601377983111888,0.003293093992397189,0.0,0.0,0.002308283990714699,327680,2621440,2.0,,,
PASS,False,1.0.0-local-freeze,4096,1612189033,oracle,False,True,3,1,3,0,3,0,3,1,4,0.023056073191897564,1.9573263737021458e-17,0.9949936866760254,0.005796836980152875,0.00018121307948604226,3.8766011130064726e-05,0.0,0.00014244706835597754,0.0,24576,196608,1.0,2,,
FAIL_CONTRACT_TIMEOUT,False,1.0.0-local-freeze,4096,1990616316,do_nothing,True,False,,,,0,40,0,40,0,,0.18280229722613486,0.4500448640691399,,0.055693145957775414,0.0014762019272893667,3.055203706026077e-05,0.0,0.001445649890229106,0.0,327680,2621440,1.0,,,
PASS,False,1.0.0-local-freeze,4096,1990616316,retained_residual,True,True,11,9,11,0,11,0,11,1,12,0.03167619202721528,0.18835321699482244,0.9882173538208008,0.014979948871769011,0.00447974115377292,0.0003298550145700574,0.0,0.004149886139202863,0.0,90112,720896,6.0,10,,
FAIL_CONTRACT_TIMEOUT,False,1.0.0-local-freeze,4096,1990616316,diagonal_secant,True,False,,40,,0,40,0,40,0,,0.03440600869912867,0.18979016302601165,,0.06517480604816228,0.015443350770510733,0.0002114300150424242,0.0,0.015231920755468309,0.0,327680,2621440,4.0,,,
PASS,False,1.0.0-local-freeze,4096,1990616316,anderson_residual,True,True,11,9,11,0,11,0,11,1,12,0.03192482627988288,0.1032519118320498,0.9894638061523438,0.017203250958118588,0.006411135953385383,0.0004715649993158877,0.0,0.005939570954069495,0.0,90112,720896,16.0,10,,
PASS,False,1.0.0-local-freeze,4096,1990616316,commissioned_pi,True,True,22,15,22,2,20,0,22,1,23,0.03477553077647819,0.11644879397004682,0.9879379272460938,0.04884196491912007,0.003563565027434379,0.00017192098312079906,0.00013308401685208082,0.003258560027461499,0.0,180224,1441792,3.0,19,,
FAIL_CONTRACT_TIMEOUT,False,1.0.0-local-freeze,4096,1990616316,spsa,True,False,,,,0,14,26,40,0,,0.18255528965863832,0.4500257651932459,,0.06161620398052037,0.0012139431200921535,0.00013908400433138013,0.0,0.0,0.0010748591157607734,327680,2621440,2.0,,,
PASS,False,1.0.0-local-freeze,4096,1990616316,oracle,False,True,3,1,3,0,3,0,3,1,4,0.023105848694492514,2.0258559087640007e-17,0.9949960708618164,0.007925391080789268,0.00018846802413463593,4.96550346724689e-05,0.0,0.00013881298946216702,0.0,24576,196608,1.0,2,,
FAIL_CONTRACT_TIMEOUT,False,1.0.0-local-freeze,4096,195957893,do_nothing,True,False,,,,0,40,0,40,0,,0.18181758918583815,0.4500771175990189,,0.06178791186539456,0.0016157280770130455,4.638201789930463e-05,0.0,0.001569346059113741,0.0,327680,2621440,1.0,,,
PASS,False,1.0.0-local-freeze,4096,195957893,retained_residual,True,True,12,10,12,0,12,0,12,1,13,0.03148801276377391,0.2419895383207308,0.9872074127197266,0.021500422968529165,0.0045405031414702535,0.0004132380126975477,0.0,0.004127265128772706,0.0,98304,786432,6.0,11,,
FAIL_CONTRACT_TIMEOUT,False,1.0.0-local-freeze,4096,195957893,diagonal_secant,True,False,,38,,0,40,0,40,0,,0.036632174961112506,0.20748069250504708,,0.06626972008962184,0.01783122797496617,0.0005338869523257017,0.0,0.017297341022640467,0.0,327680,2621440,4.0,,,
PASS,False,1.0.0-local-freeze,4096,195957893,anderson_residual,True,True,11,9,11,0,11,0,11,1,12,0.03216516315391563,0.19414891575350007,0.9878458976745605,0.030428424011915922,0.01698619400849566,0.0006358519895002246,0.0,0.016350342018995434,0.0,90112,720896,16.0,10,,
PASS,False,1.0.0-local-freeze,4096,195957893,commissioned_pi,True,True,28,17,28,2,26,0,28,1,29,0.03441746421251391,0.10518498176761319,0.9885768890380859,0.05536670901346952,0.0049194819875992835,0.00013719097478315234,0.00022230803733691573,0.004559982975479215,0.0,229376,1835008,3.0,25,,
FAIL_CONTRACT_TIMEOUT,False,1.0.0-local-freeze,4096,195957893,spsa,True,False,,,,0,14,26,40,0,,0.18190199967156584,0.4500419991668265,,0.06533787708031014,0.0009448379860259593,0.0001478240010328591,0.0,0.0,0.0007970139849931002,327680,2621440,2.0,,,
PASS,False,1.0.0-local-freeze,4096,195957893,oracle,False,True,3,1,3,0,3,0,3,1,4,0.02337014620869485,1.9367562149021275e-17,0.9950623512268066,0.007351600972469896,0.00012016802793368697,5.122204311192036e-05,0.0,6.894598482176661e-05,0.0,24576,196608,1.0,2,,
FAIL_CONTRACT_TIMEOUT,False,1.0.0-local-freeze,4096,561759483,do_nothing,True,False,,,,0,40,0,40,0,,0.18281772881432568,0.4498420193754061,,0.0679109621560201,0.0017193299136124551,5.056301597505808e-05,0.0,0.001668766897637397,0.0,327680,2621440,1.0,,,
PASS,False,1.0.0-local-freeze,4096,561759483,retained_residual,True,True,12,10,12,0,12,0,12,1,13,0.030835105054870426,0.2216946814599374,0.9878273010253906,0.021652151888702065,0.0052858469425700605,0.00045098597183823586,0.0,0.004834860970731825,0.0,98304,786432,6.0,11,,
FAIL_CONTRACT_TIMEOUT,False,1.0.0-local-freeze,4096,561759483,diagonal_secant,True,False,,,,0,40,0,40,0,,0.03650132880856244,0.20672239012803745,,0.06706559500889853,0.01753875782014802,0.00046236900379881263,0.0,0.01707638881634921,0.0,327680,2621440,4.0,,,
PASS,False,1.0.0-local-freeze,4096,561759483,anderson_residual,True,True,11,9,11,0,11,0,11,1,12,0.03147922877177384,0.16918291386544718,0.988433837890625,0.01782490505138412,0.007075020112097263,0.0005591040244325995,0.0,0.006515916087664664,0.0,90112,720896,16.0,10,,
PASS,False,1.0.0-local-freeze,4096,561759483,commissioned_pi,True,True,22,17,22,2,20,0,22,1,23,0.03491647337101444,0.11192876633178683,0.9880928993225098,0.038048118993174285,0.0030970752122811973,0.0001313300454057753,0.00012905598850920796,0.002836689178366214,0.0,180224,1441792,3.0,19,,
FAIL_CONTRACT_TIMEOUT,False,1.0.0-local-freeze,4096,561759483,spsa,True,False,,,,0,14,26,40,0,,0.18313428703661408,0.449796151510992,,0.07304629392456263,0.0013484809314832091,0.00023784901713952422,0.0,0.0,0.001110631914343685,327680,2621440,2.0,,,
PASS,False,1.0.0-local-freeze,4096,561759483,oracle,False,True,3,1,3,0,3,0,3,1,4,0.02324223043784415,0.00016018512543309812,0.9949812889099121,0.009131284023169428,0.00015082198660820723,6.429699715226889e-05,0.0,8.652498945593834e-05,0.0,24576,196608,1.0,2,,
FAIL_CONTRACT_TIMEOUT,False,1.0.0-local-freeze,4096,295370387,do_nothing,True,False,,,,0,40,0,40,0,,0.1825158096307052,0.4500470288447599,,0.08579253213247284,0.0018068470526486635,4.686397733166814e-05,0.0,0.0017599830753169954,0.0,327680,2621440,1.0,,,
PASS,False,1.0.0-local-freeze,4096,295370387,retained_residual,True,True,11,9,11,0,11,0,11,1,12,0.03158339616465919,0.26811342128959653,0.9861116409301758,0.018647862074431032,0.0054399180226027966,0.0002943740109913051,0.0,0.0051455440116114914,0.0,90112,720896,6.0,10,,
FAIL_CONTRACT_TIMEOUT,False,1.0.0-local-freeze,4096,295370387,diagonal_secant,True,False,,33,,0,40,0,40,0,,0.03697919835435714,0.20271153383307677,,0.07058471301570535,0.019001242879312485,0.00048003497067838907,0.0,0.018521207908634096,0.0,327680,2621440,4.0,,,
PASS,False,1.0.0-local-freeze,4096,295370387,anderson_residual,True,True,11,9,11,0,11,0,11,1,12,0.03125494586280884,0.2096876131105785,0.9877238273620605,0.020058643829543144,0.007692597981076688,0.0011139329872094095,0.0,0.006578664993867278,0.0,90112,720896,16.0,10,,
FAIL_CONTRACT_TIMEOUT,False,1.0.0-local-freeze,4096,295370387,commissioned_pi,True,False,,32,,2,38,0,40,0,,0.035326669652840786,0.11609421954845246,,0.06955953675787896,0.0071101890644058585,0.00011804199311882257,0.0001494050375185907,0.006842742033768445,0.0,327680,2621440,3.0,,,
FAIL_CONTRACT_TIMEOUT,False,1.0.0-local-freeze,4096,295370387,spsa,True,False,,,,0,14,26,40,0,,0.18224333471155327,0.45003044840929257,,0.06657538312720135,0.0010846839286386967,0.0002900609979405999,0.0,0.0,0.0007946229306980968,327680,2621440,2.0,,,
PASS,False,1.0.0-local-freeze,4096,295370387,oracle,False,True,3,1,3,0,3,0,3,1,4,0.023405459228849713,2.0442231606211517e-17,0.9950323104858398,0.011543419037479907,0.00014887802535668015,5.707301897928119e-05,0.0,9.180500637739897e-05,0.0,24576,196608,1.0,2,,
FAIL_CONTRACT_TIMEOUT,False,1.0.0-local-freeze,4096,2134251794,do_nothing,True,False,,,,0,40,0,40,0,,0.18253928618029122,0.450092357120287,,0.0647004060447216,0.002835251740179956,2.7201022021472454e-05,0.0,0.0028080507181584835,0.0,327680,2621440,1.0,,,
PASS,False,1.0.0-local-freeze,4096,2134251794,retained_residual,True,True,11,9,11,0,11,0,11,1,12,0.03140520366677083,0.21813931606812045,0.9870986938476562,0.021036152029410005,0.007501922140363604,0.0005611410015262663,0.0,0.0069407811388373375,0.0,90112,720896,6.0,10,,
FAIL_CONTRACT_TIMEOUT,False,1.0.0-local-freeze,4096,2134251794,diagonal_secant,True,False,,38,,0,40,0,40,0,,0.03406813204549564,0.19487409356947627,,0.06155442987801507,0.0202745542046614,0.0004670710186474025,0.0,0.019807483186013997,0.0,327680,2621440,4.0,,,
PASS,False,1.0.0-local-freeze,4096,2134251794,anderson_residual,True,True,11,9,11,0,11,0,11,1,12,0.031057291195390472,0.1368389262308226,0.9891624450683594,0.014953460078686476,0.006048279930837452,0.0009089640225283802,0.0,0.005139315908309072,0.0,90112,720896,16.0,10,,
PASS,False,1.0.0-local-freeze,4096,2134251794,commissioned_pi,True,True,20,14,20,2,18,0,20,1,21,0.03420028619295854,0.08647459217120809,0.988227367401123,0.050500117999035865,0.0038621359854005277,9.069399675354362e-05,0.0001293820096179843,0.003642059979029,0.0,163840,1310720,3.0,17,,
FAIL_CONTRACT_TIMEOUT,False,1.0.0-local-freeze,4096,2134251794,spsa,True,False,,,,0,14,26,40,0,,0.1824698501657063,0.4500605297862651,,0.06532723596319556,0.0009938129805959761,0.00018925097538158298,0.0,0.0,0.0008045620052143931,327680,2621440,2.0,,,
PASS,False,1.0.0-local-freeze,4096,2134251794,oracle,False,True,3,1,3,0,3,0,3,1,4,0.023585614573565186,2.0482013095200514e-17,0.9949951171875,0.0063185078906826675,0.00014157104305922985,5.034200148656964e-05,0.0,9.122904157266021e-05,0.0,24576,196608,1.0,2,,
FAIL_CONTRACT_TIMEOUT,False,1.0.0-local-freeze,4096,1411606814,do_nothing,True,False,,,,0,40,0,40,0,,0.1820543099825322,0.4499460068440727,,0.06454388203565031,0.0020222458406351507,3.4283031709492207e-05,0.0,0.0019879628089256585,0.0,327680,2621440,1.0,,,
PASS,False,1.0.0-local-freeze,4096,1411606814,retained_residual,True,True,12,10,12,0,12,0,12,1,13,0.0309545621090321,0.22117034194653912,0.9871892929077148,0.024155865889042616,0.006228280020877719,0.00028145802207291126,0.0,0.005946821998804808,0.0,98304,786432,6.0,11,,
FAIL_CONTRACT_TIMEOUT,False,1.0.0-local-freeze,4096,1411606814,diagonal_secant,True,False,,40,,0,40,0,40,0,,0.03491530328759515,0.17822968627079258,,0.07045498205116019,0.017278467072173953,0.0004464449593797326,0.0,0.01683202211279422,0.0,327680,2621440,4.0,,,
PASS,False,1.0.0-local-freeze,4096,1411606814,anderson_residual,True,True,11,9,11,0,11,0,11,1,12,0.030953840018297315,0.16205214895978096,0.9887890815734863,0.025803430879022926,0.010926195012871176,0.0008347500115633011,0.0,0.010091445001307875,0.0,90112,720896,16.0,10,,
PASS,False,1.0.0-local-freeze,4096,1411606814,commissioned_pi,True,True,22,16,22,2,20,0,22,1,23,0.034455429867630886,0.10053806232814251,0.9880342483520508,0.03393893898464739,0.00464545504655689,9.164301445707679e-05,0.0001848559477366507,0.0043689560843631625,0.0,180224,1441792,3.0,19,,
FAIL_CONTRACT_TIMEOUT,False,1.0.0-local-freeze,4096,1411606814,spsa,True,False,,,,0,14,26,40,0,,0.18225612484596765,0.44989220321184137,,0.0607948531396687,0.0012258829083293676,0.00010669796029105783,0.0,0.0,0.0011191849480383098,327680,2621440,2.0,,,
PASS,False,1.0.0-local-freeze,4096,1411606814,oracle,False,True,3,1,3,0,3,0,3,1,4,0.023120700437083228,0.004471514951602751,0.9949464797973633,0.007815236982423812,0.00014565495075657964,4.292995436117053e-05,0.0,0.00010272499639540911,0.0,24576,196608,1.0,2,,
FAIL_CONTRACT_TIMEOUT,False,1.0.0-local-freeze,4096,2130388698,do_nothing,True,False,,,,0,40,0,40,0,,0.18218045469566033,0.4499768316034593,,0.07444570789812133,0.0025996980257332325,3.944197669625282e-05,0.0,0.0025602560490369797,0.0,327680,2621440,1.0,,,
PASS,False,1.0.0-local-freeze,4096,2130388698,retained_residual,True,True,12,10,12,0,12,0,12,1,13,0.030822050209321796,0.20082818375079087,0.9876713752746582,0.02366332191741094,0.004845543939154595,0.0004027400282211602,0.0,0.004442803910933435,0.0,98304,786432,6.0,11,,
FAIL_CONTRACT_TIMEOUT,False,1.0.0-local-freeze,4096,2130388698,diagonal_secant,True,False,,,,0,40,0,40,0,,0.036731159389352994,0.18982961589394215,,0.06354479712899774,0.016626184922643006,0.0025339570129290223,0.0,0.014092227909713984,0.0,327680,2621440,4.0,,,
PASS,False,1.0.0-local-freeze,4096,2130388698,anderson_residual,True,True,11,9,11,0,11,0,11,1,12,0.03112648862420175,0.15731313144305525,0.9883713722229004,0.01921970397233963,0.007623732904903591,0.0004631750052794814,0.0,0.007160557899624109,0.0,90112,720896,16.0,10,,
PASS,False,1.0.0-local-freeze,4096,2130388698,commissioned_pi,True,True,25,16,25,2,23,0,25,1,26,0.034169426084431014,0.10242629756140767,0.9882793426513672,0.04560641886200756,0.004189750994555652,9.467999916523695e-05,0.00014716200530529022,0.003947908990085125,0.0,204800,1638400,3.0,22,,
FAIL_CONTRACT_TIMEOUT,False,1.0.0-local-freeze,4096,2130388698,spsa,True,False,,,,0,14,26,40,0,,0.18219912691938564,0.4499522072971386,,0.0707636519218795,0.001991689030546695,0.0002415720373392105,0.0,0.0,0.0017501169932074845,327680,2621440,2.0,,,
PASS,False,1.0.0-local-freeze,4096,2130388698,oracle,False,True,3,1,3,0,3,0,3,1,4,0.023794508341122917,1.9334235120234108e-17,0.9949779510498047,0.007438102038577199,0.0001516949851065874,6.437598494812846e-05,0.0,8.731900015845895e-05,0.0,24576,196608,1.0,2,,
FAIL_CONTRACT_TIMEOUT,False,1.0.0-local-freeze,4096,305030663,do_nothing,True,False,,,,0,40,0,40,0,,0.18152231226650925,0.4500293434249815,,0.07313063699984923,0.0017193171079270542,3.4311029594391584e-05,0.0,0.0016850060783326626,0.0,327680,2621440,1.0,,,
PASS,False,1.0.0-local-freeze,4096,305030663,retained_residual,True,True,11,9,11,0,11,0,11,1,12,0.030038103502539343,0.2075250574808686,0.9879593849182129,0.02364114800002426,0.005844723025802523,0.00038466404657810926,0.0,0.005460058979224414,0.0,90112,720896,6.0,10,,
FAIL_CONTRACT_TIMEOUT,False,1.0.0-local-freeze,4096,305030663,diagonal_secant,True,False,,34,,0,40,0,40,0,,0.03394499654041209,0.1726219293524496,,0.07364064414286986,0.016222717822529376,0.000387173960916698,0.0,0.015835543861612678,0.0,327680,2621440,4.0,,,
PASS,False,1.0.0-local-freeze,4096,305030663,anderson_residual,True,True,11,9,11,0,11,0,11,1,12,0.03071473711949323,0.17317207403503465,0.9883322715759277,0.02337887289468199,0.008559165988117456,0.0006021130247972906,0.0,0.007957052963320166,0.0,90112,720896,16.0,10,,
FAIL_CONTRACT_TIMEOUT,False,1.0.0-local-freeze,4096,305030663,commissioned_pi,True,False,,30,,2,38,0,40,0,,0.035612369424214696,0.11659015831528718,,0.07028334279311821,0.007410701015032828,9.332300396636128e-05,0.00020628998754546046,0.007111088023521006,0.0,327680,2621440,3.0,,,
FAIL_CONTRACT_TIMEOUT,False,1.0.0-local-freeze,4096,305030663,spsa,True,False,,,,0,14,26,40,0,,0.18195783440312802,0.4499972632591744,,0.07803720881929621,0.0009314430644735694,0.00011976005043834448,0.0,0.0,0.0008116830140352249,327680,2621440,2.0,,,
PASS,False,1.0.0-local-freeze,4096,305030663,oracle,False,True,3,1,3,0,3,0,3,1,4,0.023787072063980265,1.83836909499504e-17,0.9950246810913086,0.008141570957377553,0.00015228294068947434,5.635496927425265e-05,0.0,9.592797141522169e-05,0.0,24576,196608,1.0,2,,
FAIL_CONTRACT_TIMEOUT,False,1.0.0-local-freeze,4096,484958000,do_nothing,True,False,,,,0,40,0,40,0,,0.1820729652514403,0.45008449582306514,,0.06821189605398104,0.0025885350769385695,4.098797217011452e-05,0.0,0.002547547104768455,0.0,327680,2621440,1.0,,,
PASS,False,1.0.0-local-freeze,4096,484958000,retained_residual,True,True,12,10,12,0,12,0,12,1,13,0.03157447993678283,0.20742159589654635,0.9879150390625,0.025501813041046262,0.006330507982056588,0.0004778680158779025,0.0,0.005852639966178685,0.0,98304,786432,6.0,11,,
FAIL_CONTRACT_TIMEOUT,False,1.0.0-local-freeze,4096,484958000,diagonal_secant,True,False,,38,,0,40,0,40,0,,0.035935812517254445,0.19721386284221157,,0.06635890802135691,0.018045881006401032,0.0006277089705690742,0.0,0.017418172035831958,0.0,327680,2621440,4.0,,,
PASS,False,1.0.0-local-freeze,4096,484958000,anderson_residual,True,True,11,9,11,0,11,0,11,1,12,0.03164045267955927,0.15516329351528654,0.9885468482971191,0.01746543002082035,0.012669802003074437,0.000686741026584059,0.0,0.011983060976490378,0.0,90112,720896,16.0,10,,
PASS,False,1.0.0-local-freeze,4096,484958000,commissioned_pi,True,True,33,23,33,2,31,0,33,1,34,0.03443439512529282,0.12574545521716646,0.9880452156066895,0.06946027971571311,0.011278978956397623,0.000137016992084682,0.00019111798610538244,0.010950843978207558,0.0,270336,2162688,3.0,30,,
FAIL_CONTRACT_TIMEOUT,False,1.0.0-local-freeze,4096,484958000,spsa,True,False,,,,0,14,26,40,0,,0.1815163883042754,0.4500683815254591,,0.06655508489347994,0.0011476941872388124,9.212602162733674e-05,0.0,0.0,0.0010555681656114757,327680,2621440,2.0,,,
PASS,False,1.0.0-local-freeze,4096,484958000,oracle,False,True,3,1,3,0,3,0,3,1,4,0.0231914626149027,1.944599623054434e-17,0.9950299263000488,0.004256867105141282,9.156495798379183e-05,3.749295137822628e-05,0.0,5.407200660556555e-05,0.0,24576,196608,1.0,2,,
FAIL_CONTRACT_TIMEOUT,False,1.0.0-local-freeze,4096,668379286,do_nothing,True,False,,,,0,40,0,40,0,,0.1828905719316168,0.4499412504780424,,0.08252633787924424,0.002225862874183804,3.5074015613645315e-05,0.0,0.0021907888585701585,0.0,327680,2621440,1.0,,,
PASS,False,1.0.0-local-freeze,4096,668379286,retained_residual,True,True,11,9,11,0,11,0,11,1,12,0.032851233338255986,0.1919435485563408,0.9876923561096191,0.021054854907561094,0.004837566113565117,0.0005544440355151892,0.0,0.004283122078049928,0.0,90112,720896,6.0,10,,
FAIL_CONTRACT_TIMEOUT,False,1.0.0-local-freeze,4096,668379286,diagonal_secant,True,False,,,,0,40,0,40,0,,0.03688543560415943,0.19439326250250114,,0.06082628108561039,0.014784475322812796,0.00030201399931684136,0.0,0.014482461323495954,0.0,327680,2621440,4.0,,,
PASS,False,1.0.0-local-freeze,4096,668379286,anderson_residual,True,True,11,9,11,0,11,0,11,1,12,0.03129470084958738,0.14628908527194862,0.9890046119689941,0.02795498404884711,0.00975235499208793,0.0005948430043645203,0.0,0.00915751198772341,0.0,90112,720896,16.0,10,,
PASS,False,1.0.0-local-freeze,4096,668379286,commissioned_pi,True,True,38,24,38,2,36,0,38,1,39,0.03475008519120095,0.09639459263836503,0.9883918762207031,0.06459937093313783,0.009126576827839017,0.00013775203842669725,0.00021083198953419924,0.00877799279987812,0.0,311296,2490368,3.0,35,,
FAIL_CONTRACT_TIMEOUT,False,1.0.0-local-freeze,4096,668379286,spsa,True,False,,,,0,14,26,40,0,,0.1825789325310978,0.44992678115593554,,0.06376683001872152,0.0010574129992164671,0.00019340397557243705,0.0,0.0,0.0008640090236440301,327680,2621440,2.0,,,
PASS,False,1.0.0-local-freeze,4096,668379286,oracle,False,True,3,1,3,0,3,0,3,1,4,0.023351152001935313,1.8280847487691218e-17,0.9950318336486816,0.004527746059466153,9.409995982423425e-05,3.552698763087392e-05,0.0,5.857297219336033e-05,0.0,24576,196608,1.0,2,,
FAIL_CONTRACT_TIMEOUT,False,1.0.0-local-freeze,4096,2091457751,do_nothing,True,False,,,,0,40,0,40,0,,0.18322718901889867,0.44991145434082874,,0.08762642205692828,0.002751563850324601,3.640999784693122e-05,0.0,0.0027151538524776697,0.0,327680,2621440,1.0,,,
PASS,False,1.0.0-local-freeze,4096,2091457751,retained_residual,True,True,11,9,11,0,11,0,11,1,12,0.032128050042327036,0.21225252075921305,0.9874420166015625,0.02102667704457417,0.006325444963295013,0.0005458189989440143,0.0,0.005779625964350998,0.0,90112,720896,6.0,10,,
FAIL_CONTRACT_TIMEOUT,False,1.0.0-local-freeze,4096,2091457751,diagonal_secant,True,False,,39,,0,40,0,40,0,,0.03463547171595657,0.18079103148838518,,0.08556896791560575,0.01585672318469733,0.00023242400493472815,0.0,0.015624299179762602,0.0,327680,2621440,4.0,,,
PASS,False,1.0.0-local-freeze,4096,2091457751,anderson_residual,True,True,11,9,11,0,11,0,11,1,12,0.03175787710499087,0.13643593796220238,0.9891314506530762,0.017911435046698898,0.00991476996568963,0.0022051529958844185,0.0,0.007709616969805211,0.0,90112,720896,16.0,10,,
PASS,False,1.0.0-local-freeze,4096,2091457751,commissioned_pi,True,True,23,16,23,2,21,0,23,1,24,0.03463345160058397,0.11545092278650204,0.9882092475891113,0.055641606042627245,0.0056800690945237875,0.000414606009144336,0.0001693909871391952,0.005096072098240256,0.0,188416,1507328,3.0,20,,
FAIL_CONTRACT_TIMEOUT,False,1.0.0-local-freeze,4096,2091457751,spsa,True,False,,,,0,14,26,40,0,,0.1832639593607845,0.44988888002425637,,0.08021554996958002,0.001183172920718789,0.00022267200984060764,0.0,0.0,0.0009605009108781815,327680,2621440,2.0,,,
PASS,False,1.0.0-local-freeze,4096,2091457751,oracle,False,True,3,1,3,0,3,0,3,1,4,0.023015500097966102,0.000183369826359428,0.9950041770935059,0.007695413019973785,0.00017784599913284183,6.8186956923455e-05,0.0,0.00010965904220938683,0.0,24576,196608,1.0,2,,
FAIL_CONTRACT_TIMEOUT,False,1.0.0-local-freeze,4096,427837642,do_nothing,True,False,,,,0,40,0,40,0,,0.1824035719922099,0.44993701274550557,,0.08575945725897327,0.0027357960934750736,4.130700835958123e-05,0.0,0.0026944890851154923,0.0,327680,2621440,1.0,,,
PASS,False,1.0.0-local-freeze,4096,427837642,retained_residual,True,True,12,10,12,0,12,0,12,1,13,0.031163912199540254,0.23075363000931917,0.9873156547546387,0.029961185064166784,0.010814074019435793,0.0005271759582683444,0.0,0.010286898061167449,0.0,98304,786432,6.0,11,,
FAIL_CONTRACT_TIMEOUT,False,1.0.0-local-freeze,4096,427837642,diagonal_secant,True,False,,,,0,40,0,40,0,,0.03563244109185221,0.18908385201996697,,0.09843103226739913,0.030152680003084242,0.00036120100412517786,0.0,0.029791478998959064,0.0,327680,2621440,4.0,,,
PASS,False,1.0.0-local-freeze,4096,427837642,anderson_residual,True,True,11,9,11,0,11,0,11,1,12,0.03163778391087473,0.1308635794562652,0.9889769554138184,0.027058264007791877,0.012083506968338042,0.0008007200085557997,0.0,0.011282786959782243,0.0,90112,720896,16.0,10,,
PASS,False,1.0.0-local-freeze,4096,427837642,commissioned_pi,True,True,30,17,30,2,28,0,30,1,31,0.03410222885737337,0.10456972864499896,0.9881558418273926,0.05657645099563524,0.006925947964191437,0.00013720005517825484,0.00020363403018563986,0.006585113878827542,0.0,245760,1966080,3.0,27,,
FAIL_CONTRACT_TIMEOUT,False,1.0.0-local-freeze,4096,427837642,spsa,True,False,,,,0,14,26,40,0,,0.18262895557185588,0.4499134504852096,,0.07756467181025073,0.0013603710103780031,0.00025286502204835415,0.0,0.0,0.001107505988329649,327680,2621440,2.0,,,
PASS,False,1.0.0-local-freeze,4096,427837642,oracle,False,True,3,1,3,0,3,0,3,1,4,0.022831109730848214,0.0006377302000076107,0.9950199127197266,0.005348791019059718,0.0001008889521472156,3.690400626510382e-05,0.0,6.398494588211179e-05,0.0,24576,196608,1.0,2,,
FAIL_CONTRACT_TIMEOUT,False,1.0.0-local-freeze,4096,1523209647,do_nothing,True,False,,,,0,40,0,40,0,,0.18146727915346098,0.45012549524912737,,0.07224302116082981,0.002398274897132069,3.248098073527217e-05,0.0,0.0023657939163967967,0.0,327680,2621440,1.0,,,
PASS,False,1.0.0-local-freeze,4096,1523209647,retained_residual,True,True,12,10,12,0,12,0,12,1,13,0.03154582880365431,0.2488053824964564,0.9868383407592773,0.022570212080609053,0.009110916987992823,0.0005901859840378165,0.0,0.008520731003955007,0.0,98304,786432,6.0,11,,
FAIL_CONTRACT_TIMEOUT,False,1.0.0-local-freeze,4096,1523209647,diagonal_secant,True,False,,,,0,40,0,40,0,,0.03513535173974984,0.22462337857340825,,0.05613573594018817,0.015976842085365206,0.0002435169881209731,0.0,0.015733325097244233,0.0,327680,2621440,4.0,,,
PASS,False,1.0.0-local-freeze,4096,1523209647,anderson_residual,True,True,11,9,11,0,11,0,11,1,12,0.03139064406904505,0.19709837618690415,0.9880099296569824,0.027090929099358618,0.008513553999364376,0.00045972398947924376,0.0,0.008053830009885132,0.0,90112,720896,16.0,10,,
PASS,False,1.0.0-local-freeze,4096,1523209647,commissioned_pi,True,True,32,20,32,2,30,0,32,1,33,0.0343251396816928,0.1208898423175972,0.9880661964416504,0.055595827056095004,0.004749405954498798,0.00010416499571874738,9.8417978733778e-05,0.004546822980046272,0.0,262144,2097152,3.0,29,,
FAIL_CONTRACT_TIMEOUT,False,1.0.0-local-freeze,4096,1523209647,spsa,True,False,,,,0,14,26,40,0,,0.18149289205172733,0.4500766264005392,,0.0678399609751068,0.0009022469748742878,0.0001918599591590464,0.0,0.0,0.0007103870157152414,327680,2621440,2.0,,,
PASS,False,1.0.0-local-freeze,4096,1523209647,oracle,False,True,3,1,3,0,3,0,3,1,4,0.023297521756605606,0.00299751185314363,0.9950137138366699,0.008191356027964503,0.00012087199138477445,5.460099782794714e-05,0.0,6.62709935568273e-05,0.0,24576,196608,1.0,2,,
FAIL_CONTRACT_TIMEOUT,False,1.0.0-local-freeze,4096,1177627976,do_nothing,True,False,,,,0,40,0,40,0,,0.18244797454932413,0.4500970091031599,,0.06965275201946497,0.0021406520972959697,3.171898424625397e-05,0.0,0.0021089331130497158,0.0,327680,2621440,1.0,,,
PASS,False,1.0.0-local-freeze,4096,1177627976,retained_residual,True,True,11,9,11,0,11,0,11,1,12,0.03209201494134356,0.2250139352686064,0.9865264892578125,0.023064007982611656,0.004190781037323177,0.0004100259975530207,0.0,0.003780755039770156,0.0,90112,720896,6.0,10,,
FAIL_CONTRACT_TIMEOUT,False,1.0.0-local-freeze,4096,1177627976,diagonal_secant,True,False,,,,0,40,0,40,0,,0.037618057951704864,0.1818913825806714,,0.06507758592488244,0.017381402023602277,0.0004680110141634941,0.0,0.016913391009438783,0.0,327680,2621440,4.0,,,
PASS,False,1.0.0-local-freeze,4096,1177627976,anderson_residual,True,True,11,9,11,0,11,0,11,1,12,0.03135807285417209,0.17371234117980333,0.9880013465881348,0.02179088891716674,0.00889223295962438,0.0009529580129310489,0.0,0.007939274946693331,0.0,90112,720896,16.0,10,,
PASS,False,1.0.0-local-freeze,4096,1177627976,commissioned_pi,True,True,20,18,20,2,18,0,20,1,21,0.03462845857823576,0.12044305102456239,0.9878654479980469,0.03220408386550844,0.0034866968053393066,9.051396045833826e-05,0.00014456699136644602,0.0032516158535145223,0.0,163840,1310720,3.0,17,,
FAIL_CONTRACT_TIMEOUT,False,1.0.0-local-freeze,4096,1177627976,spsa,True,False,,,,0,14,26,40,0,,0.18248315073413773,0.45004809842647736,,0.08046744711464271,0.001558175659738481,0.0002068649628199637,0.0,0.0,0.0013513106969185174,327680,2621440,2.0,,,
PASS,False,1.0.0-local-freeze,4096,1177627976,oracle,False,True,3,1,3,0,3,0,3,1,4,0.02367822263571846,1.933472978900644e-17,0.9949522018432617,0.009387295984197408,0.00016522896476089954,5.6791992392390966e-05,0.0,0.00010843697236850858,0.0,24576,196608,1.0,2,,
FAIL_CONTRACT_TIMEOUT,False,1.0.0-local-freeze,4096,822056531,do_nothing,True,False,,,,0,40,0,40,0,,0.18255999944326193,0.45016424911111347,,0.2272126410389319,0.002201714087277651,5.496997619047761e-05,0.0,0.0021467441110871732,0.0,327680,2621440,1.0,,,
PASS,False,1.0.0-local-freeze,4096,822056531,retained_residual,True,True,11,9,11,0,11,0,11,1,12,0.031125670238845403,0.24003032278562608,0.9865484237670898,0.03380234690848738,0.004866786999627948,0.0004396410076878965,0.0,0.004427145991940051,0.0,90112,720896,6.0,10,,
FAIL_CONTRACT_TIMEOUT,False,1.0.0-local-freeze,4096,822056531,diagonal_secant,True,False,,,,0,40,0,40,0,,0.03662707240257091,0.1670037437941049,,0.0764553890330717,0.015400040079839528,0.00022603600518777966,0.0,0.015174004074651748,0.0,327680,2621440,4.0,,,
PASS,False,1.0.0-local-freeze,4096,822056531,anderson_residual,True,True,11,9,11,0,11,0,11,1,12,0.03079082185201532,0.1781819564302614,0.9882917404174805,0.024759385210927576,0.015275245881639421,0.0011371590080671012,0.0,0.01413808687357232,0.0,90112,720896,16.0,10,,
PASS,False,1.0.0-local-freeze,4096,822056531,commissioned_pi,True,True,21,19,21,2,19,0,21,1,22,0.03427217733608505,0.10685420574531737,0.9883389472961426,0.047266406181734055,0.003622801974415779,0.0001126360148191452,0.00017700198804959655,0.0033331639715470374,0.0,172032,1376256,3.0,18,,
FAIL_CONTRACT_TIMEOUT,False,1.0.0-local-freeze,4096,822056531,spsa,True,False,,,,0,14,26,40,0,,0.18237230760036394,0.45014501799447254,,0.08210604696068913,0.0012533949920907617,0.00021045200992375612,0.0,0.0,0.0010429429821670055,327680,2621440,2.0,,,
PASS,False,1.0.0-local-freeze,4096,822056531,oracle,False,True,3,1,3,0,3,0,3,1,4,0.022848414521124922,1.843259782908667e-17,0.9949216842651367,0.009990625898353755,0.00042480003321543336,0.0001801630132831633,0.0,0.00024463701993227005,0.0,24576,196608,1.0,2,,
FAIL_CONTRACT_TIMEOUT,False,1.0.0-local-freeze,4096,445399178,do_nothing,True,False,,,,0,40,0,40,0,,0.18163245569529357,0.4500106868649875,,0.06369250197894871,0.001725191017612815,3.1764968298375607e-05,0.0,0.0016934260493144393,0.0,327680,2621440,1.0,,,
PASS,False,1.0.0-local-freeze,4096,445399178,retained_residual,True,True,12,10,12,0,12,0,12,1,13,0.03048799559158796,0.20582222312274304,0.9884581565856934,0.020100514928344637,0.005651299958117306,0.0002882910193875432,0.0,0.005363008938729763,0.0,98304,786432,6.0,11,,
FAIL_CONTRACT_TIMEOUT,False,1.0.0-local-freeze,4096,445399178,diagonal_secant,True,False,,39,,0,40,0,40,0,,0.03345911788821937,0.18148906840452003,,0.05795342614874244,0.018347620964050293,0.00035915098851546645,0.0,0.017988469975534827,0.0,327680,2621440,4.0,,,
PASS,False,1.0.0-local-freeze,4096,445399178,anderson_residual,True,True,11,9,11,0,11,0,11,1,12,0.03147074427338901,0.15789537908849632,0.9887371063232422,0.019522982998751104,0.009906606981530786,0.0010641540284268558,0.0,0.00884245295310393,0.0,90112,720896,16.0,10,,
PASS,False,1.0.0-local-freeze,4096,445399178,commissioned_pi,True,True,37,18,37,2,35,0,37,1,38,0.03393180358261649,0.139345843541631,0.9877853393554688,0.061714511772152036,0.006218533089850098,0.00012969400268048048,0.00024212797870859504,0.005846711108461022,0.0,303104,2424832,3.0,34,,
FAIL_CONTRACT_TIMEOUT,False,1.0.0-local-freeze,4096,445399178,spsa,True,False,,,,0,14,26,40,0,,0.18176330945146257,0.4499965602475516,,0.06387686898233369,0.0013336340780369937,0.0001160919782705605,0.0,0.0,0.0012175420997664332,327680,2621440,2.0,,,
PASS,False,1.0.0-local-freeze,4096,445399178,oracle,False,True,3,1,3,0,3,0,3,1,4,0.022966129459012174,1.8249869563834152e-17,0.9949855804443359,0.005276060022879392,0.00012222601799294353,4.234001971781254e-05,0.0,7.988599827513099e-05,0.0,24576,196608,1.0,2,,
FAIL_CONTRACT_TIMEOUT,False,1.0.0-local-freeze,4096,1242705187,do_nothing,True,False,,,,0,40,0,40,0,,0.18339983853546665,0.4500295221019715,,0.06831553904339671,0.00237460300559178,4.0176964830607176e-05,0.0,0.0023344260407611728,0.0,327680,2621440,1.0,,,
PASS,False,1.0.0-local-freeze,4096,1242705187,retained_residual,True,True,12,10,12,0,12,0,12,1,13,0.030408859432382924,0.22694251913354307,0.9875340461730957,0.026362631062511355,0.004548041091766208,0.0004251779755577445,0.0,0.004122863116208464,0.0,98304,786432,6.0,11,,
FAIL_CONTRACT_TIMEOUT,False,1.0.0-local-freeze,4096,1242705187,diagonal_secant,True,False,,38,,0,40,0,40,0,,0.03716658214689054,0.14820661082394077,,0.06066337012453005,0.013614020135719329,0.0005721409688703716,0.0,0.013041879166848958,0.0,327680,2621440,4.0,,,
PASS,False,1.0.0-local-freeze,4096,1242705187,anderson_residual,True,True,11,9,11,0,11,0,11,1,12,0.03178439023397368,0.16613924181450554,0.9884161949157715,0.0203257380053401,0.008381309977266937,0.0011719160247594118,0.0,0.007209393952507526,0.0,90112,720896,16.0,10,,
PASS,False,1.0.0-local-freeze,4096,1242705187,commissioned_pi,True,True,22,18,22,2,20,0,22,1,23,0.03457643221882561,0.08958054905695356,0.9884142875671387,0.04006130888592452,0.004626018868293613,8.795398753136396e-05,0.0002501159906387329,0.004287948890123516,0.0,180224,1441792,3.0,19,,
FAIL_CONTRACT_TIMEOUT,False,1.0.0-local-freeze,4096,1242705187,spsa,True,False,,,,0,14,26,40,0,,0.1832721414560994,0.4500080532794178,,0.07646379986545071,0.001183029031381011,0.0002168939681723714,0.0,0.0,0.0009661350632086396,327680,2621440,2.0,,,
PASS,False,1.0.0-local-freeze,4096,1242705187,oracle,False,True,3,1,3,0,3,0,3,1,4,0.022944174945284345,1.8220823180828405e-05,0.9949555397033691,0.006078065023757517,0.00017906399443745613,6.920099258422852e-05,0.0,0.00010986300185322762,0.0,24576,196608,1.0,2,,
FAIL_CONTRACT_TIMEOUT,False,1.0.0-local-freeze,16384,1239900679,do_nothing,True,False,,,,0,40,0,40,0,,0.1822009422844425,0.450055469365896,,0.20115262392209843,0.002674747840501368,4.460097989067435e-05,0.0,0.0026301468606106937,0.0,1310720,10485760,1.0,,,
PASS,False,1.0.0-local-freeze,16384,1239900679,retained_residual,True,True,11,9,11,0,11,0,11,1,12,0.03176602064924304,0.2337415886218241,0.9868278503417969,0.057724790065549314,0.012063384056091309,0.000847559014800936,0.0,0.011215825041290373,0.0,360448,2883584,6.0,10,,
FAIL_CONTRACT_TIMEOUT,False,1.0.0-local-freeze,16384,1239900679,diagonal_secant,True,False,,,,0,40,0,40,0,,0.0360200106787799,0.18953454532745384,,0.19998998881783336,0.047389799903612584,0.0011722950148396194,0.0,0.046217504888772964,0.0,1310720,10485760,4.0,,,
PASS,False,1.0.0-local-freeze,16384,1239900679,anderson_residual,True,True,11,9,11,0,11,0,11,1,12,0.031531492493686496,0.17464453198301796,0.9882726669311523,0.06208482390502468,0.026186768081970513,0.0008406009874306619,0.0,0.02534616709453985,0.0,360448,2883584,16.0,10,,
PASS,False,1.0.0-local-freeze,16384,1239900679,commissioned_pi,True,True,26,20,26,2,24,0,26,1,27,0.03445254437093912,0.11841303860557613,0.9882463216781616,0.12809172115521505,0.011617246142122895,0.00034974998561665416,0.00027293001767247915,0.010994566138833761,0.0,851968,6815744,3.0,23,,
FAIL_CONTRACT_TIMEOUT,False,1.0.0-local-freeze,16384,1239900679,spsa,True,False,,,,0,14,26,40,0,,0.18217882901436752,0.45004798541847957,,0.2475151680991985,0.005266141961328685,0.00031701900297775865,0.0,0.0,0.004949122958350927,1310720,10485760,2.0,,,
PASS,False,1.0.0-local-freeze,16384,1239900679,oracle,False,True,3,1,3,0,3,0,3,1,4,0.023310625323395118,1.8998824731895366e-17,0.9950200319290161,0.016091473982669413,0.00025939103215932846,0.00014910101890563965,0.0,0.00011029001325368881,0.0,98304,786432,1.0,2,,
FAIL_CONTRACT_TIMEOUT,False,1.0.0-local-freeze,16384,1573996,do_nothing,True,False,,,,0,40,0,40,0,,0.1824567806662425,0.4499914377324168,,0.21409266901900992,0.005582330923061818,4.860496846958995e-05,0.0,0.005533725954592228,0.0,1310720,10485760,1.0,,,
PASS,False,1.0.0-local-freeze,16384,1573996,retained_residual,True,True,12,10,12,0,12,0,12,1,13,0.031084770957133228,0.21064048580332978,0.9878314733505249,0.06251051794970408,0.014560481009539217,0.000886493013240397,0.0,0.01367398799629882,0.0,393216,3145728,6.0,11,,
FAIL_CONTRACT_TIMEOUT,False,1.0.0-local-freeze,16384,1573996,diagonal_secant,True,False,,,,0,40,0,40,0,,0.03627696126641901,0.20734933308971684,,0.19322236394509673,0.045380847179330885,0.001803969033062458,0.0,0.04357687814626843,0.0,1310720,10485760,4.0,,,
PASS,False,1.0.0-local-freeze,16384,1573996,anderson_residual,True,True,11,9,11,0,11,0,11,1,12,0.03160874607035075,0.15948411293860007,0.9886336326599121,0.0747137880534865,0.02210529294097796,0.0010867019882425666,0.0,0.021018590952735394,0.0,360448,2883584,16.0,10,,
PASS,False,1.0.0-local-freeze,16384,1573996,commissioned_pi,True,True,22,18,22,2,20,0,22,1,23,0.034415212431897026,0.10332521859488411,0.9881880283355713,0.10886347101768479,0.009750081924721599,0.0002634279662743211,0.0003359279944561422,0.009150725963991135,0.0,720896,5767168,3.0,19,,
FAIL_CONTRACT_TIMEOUT,False,1.0.0-local-freeze,16384,1573996,spsa,True,False,,,,0,14,26,40,0,,0.1825224442399269,0.44998160178909796,,0.22357143001863733,0.002061180886812508,0.000255499966442585,0.0,0.0,0.0018056809203699231,1310720,10485760,2.0,,,
PASS,False,1.0.0-local-freeze,16384,1573996,oracle,False,True,3,1,3,0,3,0,3,1,4,0.02344699966054113,0.000186462332948666,0.9949842691421509,0.01771583699155599,0.0002821420202963054,0.00015177199384197593,0.0,0.0001303700264543295,0.0,98304,786432,1.0,2,,
FAIL_CONTRACT_TIMEOUT,False,1.0.0-local-freeze,16384,1558604323,do_nothing,True,False,,,,0,40,0,40,0,,0.18174750644165902,0.45005860229041145,,0.19985712913330644,0.0040255223284475505,5.052797496318817e-05,0.0,0.003974994353484362,0.0,1310720,10485760,1.0,,,
PASS,False,1.0.0-local-freeze,16384,1558604323,retained_residual,True,True,11,9,11,0,11,0,11,1,12,0.031786052464531554,0.2241181669403166,0.9870641231536865,0.05646471492946148,0.0145234449300915,0.0037700869725085795,0.0,0.01075335795758292,0.0,360448,2883584,6.0,10,,
FAIL_CONTRACT_TIMEOUT,False,1.0.0-local-freeze,16384,1558604323,diagonal_secant,True,False,,39,,0,40,0,40,0,,0.03596567520215622,0.1832802339860918,,0.21054940397152677,0.044393004733137786,0.0011196829727850854,0.0,0.0432733217603527,0.0,1310720,10485760,4.0,,,
PASS,False,1.0.0-local-freeze,16384,1558604323,anderson_residual,True,True,11,9,11,0,11,0,11,1,12,0.031509025908651005,0.17785846962199575,0.9882248640060425,0.06430691503919661,0.02583627082640305,0.0009057690040208399,0.0,0.02493050182238221,0.0,360448,2883584,16.0,10,,
PASS,False,1.0.0-local-freeze,16384,1558604323,commissioned_pi,True,True,24,18,24,2,22,0,24,1,25,0.03477287339559997,0.11109022433156428,0.9880871772766113,0.12295257218647748,0.00910981313791126,0.000215676031075418,0.0003066019853577018,0.00858753512147814,0.0,786432,6291456,3.0,21,,
FAIL_CONTRACT_TIMEOUT,False,1.0.0-local-freeze,16384,1558604323,spsa,True,False,,,,0,14,26,40,0,,0.18181333893533114,0.4500523309027171,,0.18417783785844222,0.002876672020647675,0.00030641997000202537,0.0,0.0,0.0025702520506456494,1310720,10485760,2.0,,,
PASS,False,1.0.0-local-freeze,16384,1558604323,oracle,False,True,3,1,3,0,3,0,3,1,4,0.023219795751945868,1.9484834193180916e-17,0.994940996170044,0.01774558302713558,0.000896584999281913,0.00012030196376144886,0.0,0.0007762830355204642,0.0,98304,786432,1.0,2,,
FAIL_CONTRACT_TIMEOUT,False,1.0.0-local-freeze,16384,1280968996,do_nothing,True,False,,,,0,40,0,40,0,,0.18224880849552502,0.4499596107930743,,0.192948262731079,0.0027659618644975126,4.9310969188809395e-05,0.0,0.002716650895308703,0.0,1310720,10485760,1.0,,,
PASS,False,1.0.0-local-freeze,16384,1280968996,retained_residual,True,True,12,10,12,0,12,0,12,1,13,0.031321090286022896,0.21031870278510473,0.9878979921340942,0.0659159769420512,0.025535061955451965,0.0017903890111483634,0.0,0.023744672944303602,0.0,393216,3145728,6.0,11,,
FAIL_CONTRACT_TIMEOUT,False,1.0.0-local-freeze,16384,1280968996,diagonal_secant,True,False,,,,0,40,0,40,0,,0.03644562441358849,0.2062046811093804,,0.19676811195677146,0.046403217944316566,0.0007887750398367643,0.0,0.0456144429044798,0.0,1310720,10485760,4.0,,,
PASS,False,1.0.0-local-freeze,16384,1280968996,anderson_residual,True,True,11,9,11,0,11,0,11,1,12,0.03157772980840617,0.17095037481283176,0.9883562326431274,0.05612249695695937,0.02779525105142966,0.0017612680094316602,0.0,0.026033983041998,0.0,360448,2883584,16.0,10,,
PASS,False,1.0.0-local-freeze,16384,1280968996,commissioned_pi,True,True,26,19,26,2,24,0,26,1,27,0.03487369487804216,0.1211836433429395,0.9880126714706421,0.11923519399715587,0.009186380077153444,0.00031864200718700886,0.000266150978859514,0.008601587091106921,0.0,851968,6815744,3.0,23,,
FAIL_CONTRACT_TIMEOUT,False,1.0.0-local-freeze,16384,1280968996,spsa,True,False,,,,0,14,26,40,0,,0.18215146488139913,0.4499495206417075,,0.22096640395466238,0.0022437928710132837,0.0003633289597928524,0.0,0.0,0.0018804639112204313,1310720,10485760,2.0,,,
PASS,False,1.0.0-local-freeze,16384,1280968996,oracle,False,True,3,1,3,0,3,0,3,1,4,0.023118333734524304,0.0009183902942475671,0.9950026273727417,0.02313049603253603,0.00026508199516683817,0.00010554195614531636,0.0,0.0001595400390215218,0.0,98304,786432,1.0,2,,
FAIL_CONTRACT_TIMEOUT,False,1.0.0-local-freeze,16384,946144272,do_nothing,True,False,,,,0,40,0,40,0,,0.18287737904489684,0.4500562240586849,,0.19248524209251627,0.006591383134946227,5.05860080011189e-05,0.0,0.006540797126945108,0.0,1310720,10485760,1.0,,,
PASS,False,1.0.0-local-freeze,16384,946144272,retained_residual,True,True,12,10,12,0,12,0,12,1,13,0.030672285317508867,0.2048473391334409,0.9879474639892578,0.05659812700469047,0.01287416904233396,0.0011580530554056168,0.0,0.011716115986928344,0.0,393216,3145728,6.0,11,,
FAIL_CONTRACT_TIMEOUT,False,1.0.0-local-freeze,16384,946144272,diagonal_secant,True,False,,,,0,40,0,40,0,,0.03673813588844927,0.18412330525111875,,0.1864143938291818,0.051162376010324806,0.0015061290469020605,0.0,0.049656246963422745,0.0,1310720,10485760,4.0,,,
PASS,False,1.0.0-local-freeze,16384,946144272,anderson_residual,True,True,11,9,11,0,11,0,11,1,12,0.03137149461216134,0.16021772115039443,0.988508939743042,0.06010586692718789,0.028450899058952928,0.001366008014883846,0.0,0.02708489104406908,0.0,360448,2883584,16.0,10,,
PASS,False,1.0.0-local-freeze,16384,946144272,commissioned_pi,True,True,19,17,19,2,17,0,19,1,20,0.03478461561050266,0.10872170310039421,0.9879856109619141,0.1034015699988231,0.01208021299680695,0.00025647098664194345,0.00044836802408099174,0.011375373986084014,0.0,622592,4980736,3.0,16,,
FAIL_CONTRACT_TIMEOUT,False,1.0.0-local-freeze,16384,946144272,spsa,True,False,,,,0,14,26,40,0,,0.18292668904167145,0.450055009564184,,0.19377965107560158,0.0028604131075553596,0.00044863595394417644,0.0,0.0,0.002411777153611183,1310720,10485760,2.0,,,
PASS,False,1.0.0-local-freeze,16384,946144272,oracle,False,True,3,1,3,0,3,0,3,1,4,0.02307982569085707,0.00017704249474307423,0.9950007200241089,0.02112485800171271,0.00030713091837242246,0.00014411495067179203,0.0,0.00016301596770063043,0.0,98304,786432,1.0,2,,
FAIL_CONTRACT_TIMEOUT,False,1.0.0-local-freeze,16384,1536741766,do_nothing,True,False,,,,0,40,0,40,0,,0.18238053024619663,0.4500939221344802,,0.18545375496614724,0.0026500042295083404,5.6632969062775373e-05,0.0,0.002593371260445565,0.0,1310720,10485760,1.0,,,
PASS,False,1.0.0-local-freeze,16384,1536741766,retained_residual,True,True,12,10,12,0,12,0,12,1,13,0.030968347650061564,0.2238004615614385,0.98747718334198,0.06280003598658368,0.0153648168197833,0.0008757369942031801,0.0,0.01448907982558012,0.0,393216,3145728,6.0,11,,
FAIL_CONTRACT_TIMEOUT,False,1.0.0-local-freeze,16384,1536741766,diagonal_secant,True,False,,,,0,40,0,40,0,,0.03531542722093929,0.18064248746310654,,0.20970192295499146,0.05706681386800483,0.001035204972140491,0.0,0.05603160889586434,0.0,1310720,10485760,4.0,,,
PASS,False,1.0.0-local-freeze,16384,1536741766,anderson_residual,True,True,11,9,11,0,11,0,11,1,12,0.03142860800548643,0.17057933650380164,0.9884556531906128,0.06074506609002128,0.022434487065766007,0.0015916289994493127,0.0,0.020842858066316694,0.0,360448,2883584,16.0,10,,
PASS,False,1.0.0-local-freeze,16384,1536741766,commissioned_pi,True,True,20,18,20,2,18,0,20,1,21,0.034751135789616444,0.12096906156663992,0.9879719018936157,0.1053038157406263,0.011019856785424054,0.0002653260016813874,0.00047311000525951385,0.010281420778483152,0.0,655360,5242880,3.0,17,,
FAIL_CONTRACT_TIMEOUT,False,1.0.0-local-freeze,16384,1536741766,spsa,True,False,,,,0,14,26,40,0,,0.18251732447713703,0.45008249985040677,,0.20102501474320889,0.00402535789180547,0.002083070983644575,0.0,0.0,0.0019422869081608951,1310720,10485760,2.0,,,
PASS,False,1.0.0-local-freeze,16384,1536741766,oracle,False,True,3,1,3,0,3,0,3,1,4,0.023206349471398567,1.8911522573606548e-17,0.9949853420257568,0.017805773008149117,0.0005787319387309253,0.000274929974693805,0.0,0.00030380196403712034,0.0,98304,786432,1.0,2,,
FAIL_CONTRACT_TIMEOUT,False,1.0.0-local-freeze,16384,2015248058,do_nothing,True,False,,,,0,40,0,40,0,,0.1820287160930641,0.45008084359197204,,0.2085274089477025,0.013779020984657109,5.1751965656876564e-05,0.0,0.013727269019000232,0.0,1310720,10485760,1.0,,,
PASS,False,1.0.0-local-freeze,16384,2015248058,retained_residual,True,True,11,9,11,0,11,0,11,1,12,0.031563700803184734,0.2287460969196086,0.9868943691253662,0.05460577498888597,0.012103944027330726,0.0008689020178280771,0.0,0.01123504200950265,0.0,360448,2883584,6.0,10,,
FAIL_CONTRACT_TIMEOUT,False,1.0.0-local-freeze,16384,2015248058,diagonal_secant,True,False,,,,0,40,0,40,0,,0.03508263180970245,0.2130746384513095,,0.1970107707893476,0.04535926767857745,0.0009856299730017781,0.0,0.044373637705575675,0.0,1310720,10485760,4.0,,,
PASS,False,1.0.0-local-freeze,16384,2015248058,anderson_residual,True,True,11,9,11,0,11,0,11,1,12,0.031365602947785176,0.17473728474950787,0.9882498979568481,0.062142723123542964,0.026571580034215003,0.0009286309941671789,0.0,0.025642949040047824,0.0,360448,2883584,16.0,10,,
PASS,False,1.0.0-local-freeze,16384,2015248058,commissioned_pi,True,True,20,18,20,2,18,0,20,1,21,0.03474137710337532,0.12884544188946215,0.9879305362701416,0.10012171504786238,0.007662846823222935,0.00031427701469510794,0.0002944829757325351,0.007054086832795292,0.0,655360,5242880,3.0,17,,
FAIL_CONTRACT_TIMEOUT,False,1.0.0-local-freeze,16384,2015248058,spsa,True,False,,,,0,14,26,40,0,,0.1818249025195827,0.4500767619018852,,0.21517903002677485,0.002498862100765109,0.0002658040029928088,0.0,0.0,0.0022330580977723002,1310720,10485760,2.0,,,
PASS,False,1.0.0-local-freeze,16384,2015248058,oracle,False,True,3,1,3,0,3,0,3,1,4,0.023213602708913515,1.8773161451238712e-17,0.9949771165847778,0.021108693967107683,0.0003733329940587282,0.0001319900038652122,0.0,0.00024134299019351602,0.0,98304,786432,1.0,2,,
FAIL_CONTRACT_TIMEOUT,False,1.0.0-local-freeze,16384,1062974352,do_nothing,True,False,,,,0,40,0,40,0,,0.18210917382644576,0.44999003344165006,,0.19548062095418572,0.002766873163636774,3.95369715988636e-05,0.0,0.0027273361920379102,0.0,1310720,10485760,1.0,,,
PASS,False,1.0.0-local-freeze,16384,1062974352,retained_residual,True,True,11,9,11,0,11,0,11,1,12,0.03171097619375081,0.22610834627227092,0.9869353771209717,0.05697390594286844,0.012187970918603241,0.0008414509939029813,0.0,0.01134651992470026,0.0,360448,2883584,6.0,10,,
FAIL_CONTRACT_TIMEOUT,False,1.0.0-local-freeze,16384,1062974352,diagonal_secant,True,False,,39,,0,40,0,40,0,,0.0354113332714348,0.1948049731700899,,0.19111468677874655,0.04126085893949494,0.0010671310010366142,0.0,0.040193727938458323,0.0,1310720,10485760,4.0,,,
PASS,False,1.0.0-local-freeze,16384,1062974352,anderson_residual,True,True,11,9,11,0,11,0,11,1,12,0.03170502839484474,0.17123886693478027,0.9884307384490967,0.062385825091041625,0.030068331921938807,0.0009996949811466038,0.0,0.029068636940792203,0.0,360448,2883584,16.0,10,,
PASS,False,1.0.0-local-freeze,16384,1062974352,commissioned_pi,True,True,26,24,26,2,24,0,26,1,27,0.034179216726501045,0.12573069771356943,0.9879586696624756,0.14507808996131644,0.009063195961061865,0.0004867149982601404,0.0002912500058300793,0.008285230956971645,0.0,851968,6815744,3.0,23,,
FAIL_CONTRACT_TIMEOUT,False,1.0.0-local-freeze,16384,1062974352,spsa,True,False,,,,0,14,26,40,0,,0.18223148494108002,0.44997987954047164,,0.20648541004629806,0.004175963171292096,0.0013171720202080905,0.0,0.0,0.002858791151084006,1310720,10485760,2.0,,,
PASS,False,1.0.0-local-freeze,16384,1062974352,oracle,False,True,3,1,3,0,3,0,3,1,4,0.023412420500297664,0.0005019415177200026,0.9949839115142822,0.01649385702330619,0.0002954269293695688,0.0001348309451714158,0.0,0.00016059598419815302,0.0,98304,786432,1.0,2,,
FAIL_CONTRACT_TIMEOUT,False,1.0.0-local-freeze,16384,317314755,do_nothing,True,False,,,,0,40,0,40,0,,0.1820458222743131,0.45009095002851585,,0.19284651597263291,0.004613545257598162,5.5361015256494284e-05,0.0,0.004558184242341667,0.0,1310720,10485760,1.0,,,
PASS,False,1.0.0-local-freeze,16384,317314755,retained_residual,True,True,12,10,12,0,12,0,12,1,13,0.030894585039900703,0.20403067609551068,0.987979531288147,0.07031351211480796,0.015002868953160942,0.0012575029977597296,0.0,0.013745365955401212,0.0,393216,3145728,6.0,11,,
FAIL_CONTRACT_TIMEOUT,False,1.0.0-local-freeze,16384,317314755,diagonal_secant,True,False,,,,0,40,0,40,0,,0.035154553917198315,0.19705568520200523,,0.23623781511560082,0.044451127178035676,0.001893306034617126,0.0,0.04255782114341855,0.0,1310720,10485760,4.0,,,
PASS,False,1.0.0-local-freeze,16384,317314755,anderson_residual,True,True,11,9,11,0,11,0,11,1,12,0.031417293877205606,0.1444847168728461,0.988888144493103,0.0640621809870936,0.027832465071696788,0.0009346090373583138,0.0,0.026897856034338474,0.0,360448,2883584,16.0,10,,
PASS,False,1.0.0-local-freeze,16384,317314755,commissioned_pi,True,True,19,17,19,2,17,0,19,1,20,0.034842182075567406,0.12156356997919761,0.9878166913986206,0.11092015879694372,0.008309417986311018,0.00034547701943665743,0.00036399700911715627,0.007599943957757205,0.0,622592,4980736,3.0,16,,
FAIL_CONTRACT_TIMEOUT,False,1.0.0-local-freeze,16384,317314755,spsa,True,False,,,,0,14,26,40,0,,0.18192241174297374,0.4500805194556276,,0.21664415817940608,0.004821138922125101,0.00037023599725216627,0.0,0.0,0.004450902924872935,1310720,10485760,2.0,,,
PASS,False,1.0.0-local-freeze,16384,317314755,oracle,False,True,3,1,3,0,3,0,3,1,4,0.023352800560124707,0.002057847870950858,0.9949835538864136,0.02626355004031211,0.0003126150113530457,0.00016017997404560447,0.0,0.00015243503730744123,0.0,98304,786432,1.0,2,,
FAIL_CONTRACT_TIMEOUT,False,1.0.0-local-freeze,16384,1833476299,do_nothing,True,False,,,,0,40,0,40,0,,0.1830315789605063,0.45010470173286415,,0.190694207965862,0.002967907814309001,7.371202809736133e-05,0.0,0.0028941957862116396,0.0,1310720,10485760,1.0,,,
PASS,False,1.0.0-local-freeze,16384,1833476299,retained_residual,True,True,12,10,12,0,12,0,12,1,13,0.030682987586306436,0.209271242505722,0.9879655838012695,0.06680802704067901,0.017391583998687565,0.0010404399945400655,0.0,0.0163511440041475,0.0,393216,3145728,6.0,11,,
FAIL_CONTRACT_TIMEOUT,False,1.0.0-local-freeze,16384,1833476299,diagonal_secant,True,False,,,,0,40,0,40,0,,0.03613439636810561,0.19669973649655167,,0.19610027800081298,0.04555569018702954,0.0011208300129510462,0.0,0.044434860174078494,0.0,1310720,10485760,4.0,,,
PASS,False,1.0.0-local-freeze,16384,1833476299,anderson_residual,True,True,11,9,11,0,11,0,11,1,12,0.03137597701456326,0.14741468556403262,0.988911509513855,0.06158213486196473,0.02764792909147218,0.001387195021379739,0.0,0.02626073407009244,0.0,360448,2883584,16.0,10,,
PASS,False,1.0.0-local-freeze,16384,1833476299,commissioned_pi,True,True,19,17,19,2,17,0,19,1,20,0.03474537210406279,0.09797886871689447,0.9880260229110718,0.09346503700362518,0.007320691947825253,0.0003435660037212074,0.0004965940024703741,0.0064805319416336715,0.0,622592,4980736,3.0,16,,
FAIL_CONTRACT_TIMEOUT,False,1.0.0-local-freeze,16384,1833476299,spsa,True,False,,,,0,14,26,40,0,,0.18296459985087282,0.4500955755797191,,0.19932161801261827,0.002150550892110914,0.0004004579968750477,0.0,0.0,0.0017500928952358663,1310720,10485760,2.0,,,
PASS,False,1.0.0-local-freeze,16384,1833476299,oracle,False,True,3,1,3,0,3,0,3,1,4,0.02319907373693079,0.0026521695062075015,0.994977593421936,0.02253406698582694,0.0002895479556173086,0.00013142498210072517,0.0,0.00015812297351658344,0.0,98304,786432,1.0,2,,
FAIL_CONTRACT_TIMEOUT,False,1.0.0-local-freeze,16384,1883236474,do_nothing,True,False,,,,0,40,0,40,0,,0.18231042975432832,0.45012367662616504,,0.22075807285727933,0.0028538131155073643,6.460899021476507e-05,0.0,0.002789204125292599,0.0,1310720,10485760,1.0,,,
PASS,False,1.0.0-local-freeze,16384,1883236474,retained_residual,True,True,12,10,12,0,12,0,12,1,13,0.030624169463870983,0.2286035778754754,0.9873917102813721,0.06794862006790936,0.01718458393588662,0.0013699029805138707,0.0,0.01581468095537275,0.0,393216,3145728,6.0,11,,
FAIL_CONTRACT_TIMEOUT,False,1.0.0-local-freeze,16384,1883236474,diagonal_secant,True,False,,,,0,40,0,40,0,,0.03515675855018768,0.18441628563272566,,0.20525479718344286,0.04732678912114352,0.0007157399668358266,0.0,0.04661104915430769,0.0,1310720,10485760,4.0,,,
PASS,False,1.0.0-local-freeze,16384,1883236474,anderson_residual,True,True,11,9,11,0,11,0,11,1,12,0.03153047509133293,0.17467016813617778,0.9882867336273193,0.06830909004202113,0.024038215109612793,0.0009632720029912889,0.0,0.023074943106621504,0.0,360448,2883584,16.0,10,,
PASS,False,1.0.0-local-freeze,16384,1883236474,commissioned_pi,True,True,20,18,20,2,18,0,20,1,21,0.03398393477274301,0.10547427058606786,0.9882134199142456,0.10085301607614383,0.008585277071688324,0.000379597011487931,0.0003166070091538131,0.00788907305104658,0.0,655360,5242880,3.0,17,,
FAIL_CONTRACT_TIMEOUT,False,1.0.0-local-freeze,16384,1883236474,spsa,True,False,,,,0,14,26,40,0,,0.18231065532390792,0.45011238840741696,,0.21213732799515128,0.002326458808965981,0.0003632939769886434,0.0,0.0,0.0019631648319773376,1310720,10485760,2.0,,,
PASS,False,1.0.0-local-freeze,16384,1883236474,oracle,False,True,3,1,3,0,3,0,3,1,4,0.02332147588837626,0.00016879787227057005,0.994990348815918,0.02369123708922416,0.00027012795908376575,0.00014750997070223093,0.0,0.00012261798838153481,0.0,98304,786432,1.0,2,,
FAIL_CONTRACT_TIMEOUT,False,1.0.0-local-freeze,16384,812473704,do_nothing,True,False,,,,0,40,0,40,0,,0.18258267139568782,0.4500893470831052,,0.2166952021070756,0.0032867242698557675,4.8547983169555664e-05,0.0,0.003238176286686212,0.0,1310720,10485760,1.0,,,
PASS,False,1.0.0-local-freeze,16384,812473704,retained_residual,True,True,11,9,11,0,11,0,11,1,12,0.03196759826800947,0.21921500612911932,0.9872645139694214,0.06113813107367605,0.017666887026280165,0.0007962919771671295,0.0,0.016870595049113035,0.0,360448,2883584,6.0,10,,
FAIL_CONTRACT_TIMEOUT,False,1.0.0-local-freeze,16384,812473704,diagonal_secant,True,False,,,,0,40,0,40,0,,0.03589010965620216,0.19825732658641745,,0.22322560247266665,0.05654482316458598,0.0010848100064322352,0.0,0.05546001315815374,0.0,1310720,10485760,4.0,,,
PASS,False,1.0.0-local-freeze,16384,812473704,anderson_residual,True,True,11,9,11,0,11,0,11,1,12,0.03149817407639945,0.16517863111592687,0.9886530637741089,0.06951217411551625,0.037706572911702096,0.0009080650052055717,0.0,0.036798507906496525,0.0,360448,2883584,16.0,10,,
PASS,False,1.0.0-local-freeze,16384,812473704,commissioned_pi,True,True,23,18,23,2,21,0,23,1,24,0.034495459253713306,0.11128415423381269,0.9882258176803589,0.13397414004430175,0.012421856168657541,0.00037119502667337656,0.00042745901737362146,0.011623202124610543,0.0,753664,6029312,3.0,20,,
FAIL_CONTRACT_TIMEOUT,False,1.0.0-local-freeze,16384,812473704,spsa,True,False,,,,0,14,26,40,0,,0.18240440819047174,0.4500801767479578,,0.20059523620875552,0.00242410582723096,0.00046122295316308737,0.0,0.0,0.0019628828740678728,1310720,10485760,2.0,,,
PASS,False,1.0.0-local-freeze,16384,812473704,oracle,False,True,3,1,3,0,3,0,3,1,4,0.023047303543309194,0.0005308776425718281,0.9950141906738281,0.018194428994320333,0.0005452959449030459,0.0001521569793112576,0.0,0.0003931389655917883,0.0,98304,786432,1.0,2,,
FAIL_CONTRACT_TIMEOUT,False,1.0.0-local-freeze,16384,1612189033,do_nothing,True,False,,,,0,40,0,40,0,,0.18207576596040712,0.4501347474922678,,0.1836012148996815,0.0024186608497984707,5.254405550658703e-05,0.0,0.0023661167942918837,0.0,1310720,10485760,1.0,,,
PASS,False,1.0.0-local-freeze,16384,1612189033,retained_residual,True,True,12,10,12,0,12,0,12,1,13,0.030881138839112938,0.22833466720895043,0.987381100654602,0.07533346908167005,0.014863793971017003,0.0011304989457130432,0.0,0.01373329502530396,0.0,393216,3145728,6.0,11,,
FAIL_CONTRACT_TIMEOUT,False,1.0.0-local-freeze,16384,1612189033,diagonal_secant,True,False,,,,0,40,0,40,0,,0.03557724907062924,0.1868952317321503,,0.1952309671905823,0.05804382392670959,0.0008286500233225524,0.0,0.05721517390338704,0.0,1310720,10485760,4.0,,,
PASS,False,1.0.0-local-freeze,16384,1612189033,anderson_residual,True,True,11,9,11,0,11,0,11,1,12,0.03190561237812608,0.16169265176839756,0.9885116815567017,0.06273050914751366,0.026603638951200992,0.0009594070143066347,0.0,0.025644231936894357,0.0,360448,2883584,16.0,10,,
PASS,False,1.0.0-local-freeze,16384,1612189033,commissioned_pi,True,True,22,20,22,2,20,0,22,1,23,0.034409731329351836,0.1219665258066326,0.9879120588302612,0.12032630498288199,0.010278127097990364,0.00035259005380794406,0.00028395699337124825,0.009641580050811172,0.0,720896,5767168,3.0,19,,
FAIL_CONTRACT_TIMEOUT,False,1.0.0-local-freeze,16384,1612189033,spsa,True,False,,,,0,14,26,40,0,,0.18221273644056057,0.4501230233414234,,0.20119286119006574,0.0021812189952470362,0.00044801703188568354,0.0,0.0,0.0017332019633613527,1310720,10485760,2.0,,,
PASS,False,1.0.0-local-freeze,16384,1612189033,oracle,False,True,3,1,3,0,3,0,3,1,4,0.023271218935093575,0.0007370843042723112,0.9949731826782227,0.020742885069921613,0.00030437001259997487,0.00013366801431402564,0.0,0.00017070199828594923,0.0,98304,786432,1.0,2,,
FAIL_CONTRACT_TIMEOUT,False,1.0.0-local-freeze,16384,1990616316,do_nothing,True,False,,,,0,40,0,40,0,,0.1824647176422845,0.4501393001815579,,0.20343715988565236,0.0033127740607596934,0.00012338603846728802,0.0,0.0031893880222924054,0.0,1310720,10485760,1.0,,,
PASS,False,1.0.0-local-freeze,16384,1990616316,retained_residual,True,True,11,9,11,0,11,0,11,1,12,0.03173092518436729,0.22443907026752397,0.987085223197937,0.06624110107077286,0.017244313028641045,0.0010823160409927368,0.0,0.01616199698764831,0.0,360448,2883584,6.0,10,,
FAIL_CONTRACT_TIMEOUT,False,1.0.0-local-freeze,16384,1990616316,diagonal_secant,True,False,,,,0,40,0,40,0,,0.037014559344893075,0.1964830949234038,,0.1945455389795825,0.04454813897609711,0.001001979981083423,0.0,0.043546158995013684,0.0,1310720,10485760,4.0,,,
PASS,False,1.0.0-local-freeze,16384,1990616316,anderson_residual,True,True,11,9,11,0,11,0,11,1,12,0.031136155444086565,0.16741754279392904,0.9886254072189331,0.07016927195945755,0.023363785876426846,0.0008064309949986637,0.0,0.022557354881428182,0.0,360448,2883584,16.0,10,,
PASS,False,1.0.0-local-freeze,16384,1990616316,commissioned_pi,True,True,22,16,22,2,20,0,22,1,23,0.03439464498806527,0.13165453021126264,0.9879945516586304,0.11389417003374547,0.008194535854272544,0.0002820519730448723,0.00042644201312214136,0.007486041868105531,0.0,720896,5767168,3.0,19,,
FAIL_CONTRACT_TIMEOUT,False,1.0.0-local-freeze,16384,1990616316,spsa,True,False,,,,0,14,26,40,0,,0.18257677697642835,0.4501337720919006,,0.20915465406142175,0.002624227898195386,0.00035402801586315036,0.0,0.0,0.0022701998823322356,1310720,10485760,2.0,,,
PASS,False,1.0.0-local-freeze,16384,1990616316,oracle,False,True,3,1,3,0,3,0,3,1,4,0.02336421077647801,0.004133408481607148,0.9949796199798584,0.02186393499141559,0.00034045096253976226,0.00021995895076543093,0.0,0.00012049201177433133,0.0,98304,786432,1.0,2,,
FAIL_CONTRACT_TIMEOUT,False,1.0.0-local-freeze,16384,195957893,do_nothing,True,False,,,,0,40,0,40,0,,0.18193674163946033,0.4500731006734614,,0.2154487781226635,0.0028942619101144373,4.881800850853324e-05,0.0,0.002845443901605904,0.0,1310720,10485760,1.0,,,
PASS,False,1.0.0-local-freeze,16384,195957893,retained_residual,True,True,12,10,12,0,12,0,12,1,13,0.03127786782136919,0.228907235669042,0.9870401620864868,0.06680610601324588,0.021504937030840665,0.000788673001807183,0.0,0.020716264029033482,0.0,393216,3145728,6.0,11,,
FAIL_CONTRACT_TIMEOUT,False,1.0.0-local-freeze,16384,195957893,diagonal_secant,True,False,,,,0,40,0,40,0,,0.03746643419654906,0.21098799055812043,,0.19368044578004628,0.04297741502523422,0.0006760129472240806,0.0,0.04230140207801014,0.0,1310720,10485760,4.0,,,
PASS,False,1.0.0-local-freeze,16384,195957893,anderson_residual,True,True,11,9,11,0,11,0,11,1,12,0.03144808031747081,0.17384508807972202,0.9882839918136597,0.06619892717571929,0.024286386964377016,0.0009085100027732551,0.0,0.02337787696160376,0.0,360448,2883584,16.0,10,,
PASS,False,1.0.0-local-freeze,16384,195957893,commissioned_pi,True,True,33,24,33,2,31,0,33,1,34,0.03480436397196014,0.12740875181899483,0.9879451990127563,0.18620102613931522,0.014967141032684594,0.00039704301161691546,0.0008692630217410624,0.013700834999326617,0.0,1081344,8650752,3.0,30,,
FAIL_CONTRACT_TIMEOUT,False,1.0.0-local-freeze,16384,195957893,spsa,True,False,,,,0,14,26,40,0,,0.18184323191664925,0.4500563616069861,,0.2241333870915696,0.0021156570874154568,0.00019404198974370956,0.0,0.0,0.0019216150976717472,1310720,10485760,2.0,,,
PASS,False,1.0.0-local-freeze,16384,195957893,oracle,False,True,3,1,3,0,3,0,3,1,4,0.02332629603109474,5.566746407180759e-05,0.9949877262115479,0.021225095028057694,0.00032852101139724255,0.00016346899792551994,0.0,0.0001650520134717226,0.0,98304,786432,1.0,2,,
FAIL_CONTRACT_TIMEOUT,False,1.0.0-local-freeze,16384,561759483,do_nothing,True,False,,,,0,40,0,40,0,,0.18260521441294597,0.4499983944678578,,0.204798215883784,0.002606819150969386,5.167198833078146e-05,0.0,0.0025551471626386046,0.0,1310720,10485760,1.0,,,
PASS,False,1.0.0-local-freeze,16384,561759483,retained_residual,True,True,11,9,11,0,11,0,11,1,12,0.03168383218171414,0.21869787493699694,0.9870414733886719,0.05672463815426454,0.013069713953882456,0.0007947649573907256,0.0,0.01227494899649173,0.0,360448,2883584,6.0,10,,
FAIL_CONTRACT_TIMEOUT,False,1.0.0-local-freeze,16384,561759483,diagonal_secant,True,False,,,,0,40,0,40,0,,0.03576630633520398,0.17717783316944458,,0.20655459398403764,0.04581440385663882,0.0010604800190776587,0.0,0.04475392383756116,0.0,1310720,10485760,4.0,,,
PASS,False,1.0.0-local-freeze,16384,561759483,anderson_residual,True,True,11,9,11,0,11,0,11,1,12,0.03152867407714391,0.1691829122860167,0.9884175062179565,0.06903066410450265,0.025464159029070288,0.0008578610140830278,0.0,0.02460629801498726,0.0,360448,2883584,16.0,10,,
PASS,False,1.0.0-local-freeze,16384,561759483,commissioned_pi,True,True,29,18,29,2,27,0,29,1,30,0.03479781748792655,0.10055293119199728,0.9881906509399414,0.14729292067931965,0.013282951025757939,0.00024405098520219326,0.000284989015199244,0.012753911025356501,0.0,950272,7602176,3.0,26,,
FAIL_CONTRACT_TIMEOUT,False,1.0.0-local-freeze,16384,561759483,spsa,True,False,,,,0,14,26,40,0,,0.1826610762956918,0.4499925752317224,,0.20297908887732774,0.002476280089467764,0.00038328400114551187,0.0,0.0,0.002092996088322252,1310720,10485760,2.0,,,
PASS,False,1.0.0-local-freeze,16384,561759483,oracle,False,True,3,1,3,0,3,0,3,1,4,0.02326551580384938,1.911020433345871e-17,0.9949667453765869,0.018927030032500625,0.00033444102155044675,0.00011412601452320814,0.0,0.0002203150070272386,0.0,98304,786432,1.0,2,,
FAIL_CONTRACT_TIMEOUT,False,1.0.0-local-freeze,16384,295370387,do_nothing,True,False,,,,0,40,0,40,0,,0.18196288805668692,0.45002706573681406,,0.2061856648651883,0.004638207203242928,5.6522025261074305e-05,0.0,0.0045816851779818535,0.0,1310720,10485760,1.0,,,
PASS,False,1.0.0-local-freeze,16384,295370387,retained_residual,True,True,12,10,12,0,12,0,12,1,13,0.03072340884472158,0.2172107448173094,0.9875744581222534,0.11404277989640832,0.01588176394579932,0.0012258180067874491,0.0,0.014655945939011872,0.0,393216,3145728,6.0,11,,
FAIL_CONTRACT_TIMEOUT,False,1.0.0-local-freeze,16384,295370387,diagonal_secant,True,False,,,,0,40,0,40,0,,0.036886525637312935,0.18319852305033948,,0.18275140080368146,0.041031330125406384,0.0007811320247128606,0.0,0.040250198100693524,0.0,1310720,10485760,4.0,,,
PASS,False,1.0.0-local-freeze,16384,295370387,anderson_residual,True,True,11,9,11,0,11,0,11,1,12,0.031620665092873285,0.1661120561159499,0.9884694814682007,0.08148138294927776,0.028362351935356855,0.0010775920236483216,0.0,0.027284759911708534,0.0,360448,2883584,16.0,10,,
PASS,False,1.0.0-local-freeze,16384,295370387,commissioned_pi,True,True,23,21,23,2,21,0,23,1,24,0.03495633052328648,0.13039741349631645,0.9878354072570801,0.12702823284780607,0.009403842152096331,0.000515976978931576,0.0004398840246722102,0.008447981148492545,0.0,753664,6029312,3.0,20,,
FAIL_CONTRACT_TIMEOUT,False,1.0.0-local-freeze,16384,295370387,spsa,True,False,,,,0,14,26,40,0,,0.1821545978749825,0.4500137278988721,,0.15278258005855605,0.001760791928973049,0.00025167601415887475,0.0,0.0,0.0015091159148141742,1310720,10485760,2.0,,,
PASS,False,1.0.0-local-freeze,16384,295370387,oracle,False,True,3,1,3,0,3,0,3,1,4,0.023269373157252988,0.003572325937477411,0.9949929714202881,0.01460875105112791,0.00020701694302260876,0.00010129099246114492,0.0,0.00010572595056146383,0.0,98304,786432,1.0,2,,
FAIL_CONTRACT_TIMEOUT,False,1.0.0-local-freeze,16384,2134251794,do_nothing,True,False,,,,0,40,0,40,0,,0.18219010697130447,0.44998992651193453,,0.22903936268994585,0.0030577880097553134,5.5025971960276365e-05,0.0,0.003002762037795037,0.0,1310720,10485760,1.0,,,
PASS,False,1.0.0-local-freeze,16384,2134251794,retained_residual,True,True,12,10,12,0,12,0,12,1,13,0.03131344382323992,0.2362076939344959,0.987188458442688,0.09318160719703883,0.029103644017595798,0.010690375987906009,0.0,0.01841326802968979,0.0,393216,3145728,6.0,11,,
FAIL_CONTRACT_TIMEOUT,False,1.0.0-local-freeze,16384,2134251794,diagonal_secant,True,False,,,,0,40,0,40,0,,0.03613721044096508,0.20410019014554773,,0.16836024960502982,0.03868571890052408,0.001075819949619472,0.0,0.03760989895090461,0.0,1310720,10485760,4.0,,,
PASS,False,1.0.0-local-freeze,16384,2134251794,anderson_residual,True,True,11,9,11,0,11,0,11,1,12,0.031393246644582554,0.17432543273368242,0.9882035255432129,0.06690814305329695,0.02866835199529305,0.0008294130093418062,0.0,0.027838938985951245,0.0,360448,2883584,16.0,10,,
PASS,False,1.0.0-local-freeze,16384,2134251794,commissioned_pi,True,True,26,21,26,2,24,0,26,1,27,0.03450804364892269,0.1184119557997103,0.987982988357544,0.16309759090654552,0.011287135945167392,0.0003544469946064055,0.00040107802487909794,0.010531610925681889,0.0,851968,6815744,3.0,23,,
FAIL_CONTRACT_TIMEOUT,False,1.0.0-local-freeze,16384,2134251794,spsa,True,False,,,,0,14,26,40,0,,0.18207400856030218,0.4499834269731834,,0.2143549126922153,0.002877450955566019,0.00048478698590770364,0.0,0.0,0.002392663969658315,1310720,10485760,2.0,,,
PASS,False,1.0.0-local-freeze,16384,2134251794,oracle,False,True,3,1,3,0,3,0,3,1,4,0.023453609371086696,0.0003558048384155847,0.9949617385864258,0.024242990009952337,0.00041076098568737507,0.00023659697035327554,0.0,0.00017416401533409953,0.0,98304,786432,1.0,2,,
FAIL_CONTRACT_TIMEOUT,False,1.0.0-local-freeze,16384,1411606814,do_nothing,True,False,,,,0,40,0,40,0,,0.18216196318398387,0.45000917647171385,,0.23355086892843246,0.006261909147724509,6.0955993831157684e-05,0.0,0.0062009531538933516,0.0,1310720,10485760,1.0,,,
PASS,False,1.0.0-local-freeze,16384,1411606814,retained_residual,True,True,11,9,11,0,11,0,11,1,12,0.031761715391984385,0.2083108566440099,0.987492561340332,0.05276682792464271,0.014653308026026934,0.0014916880172677338,0.0,0.0131616200087592,0.0,360448,2883584,6.0,10,,
FAIL_CONTRACT_TIMEOUT,False,1.0.0-local-freeze,16384,1411606814,diagonal_secant,True,False,,,,0,40,0,40,0,,0.036377294600007305,0.18648252517712596,,0.20434604486217722,0.051711618376430124,0.0009166320087388158,0.0,0.05079498636769131,0.0,1310720,10485760,4.0,,,
PASS,False,1.0.0-local-freeze,16384,1411606814,anderson_residual,True,True,11,9,11,0,11,0,11,1,12,0.03139113690326025,0.16149109345655388,0.9887446165084839,0.05760904704220593,0.03408660792047158,0.0008246100042015314,0.0,0.03326199791627005,0.0,360448,2883584,16.0,10,,
PASS,False,1.0.0-local-freeze,16384,1411606814,commissioned_pi,True,True,28,18,28,2,26,0,28,1,29,0.03475316487105594,0.11503843008420579,0.988224983215332,0.14148391998605803,0.013299116923008114,0.00038839096669107676,0.0003500500461086631,0.012560675910208374,0.0,917504,7340032,3.0,25,,
FAIL_CONTRACT_TIMEOUT,False,1.0.0-local-freeze,16384,1411606814,spsa,True,False,,,,0,14,26,40,0,,0.1820878288739542,0.45000781619920543,,0.20072181784780696,0.002638033009134233,0.00023410096764564514,0.0,0.0,0.002403932041488588,1310720,10485760,2.0,,,
PASS,False,1.0.0-local-freeze,16384,1411606814,oracle,False,True,3,1,3,0,3,0,3,1,4,0.023033887343150185,0.0008685743111015668,0.9949808120727539,0.019925016968045384,0.00028977892361581326,0.0001066459808498621,0.0,0.00018313294276595116,0.0,98304,786432,1.0,2,,
FAIL_CONTRACT_TIMEOUT,False,1.0.0-local-freeze,16384,2130388698,do_nothing,True,False,,,,0,40,0,40,0,,0.1827252076075171,0.44996540238533494,,0.20282124570803717,0.0031893988489173353,6.086699431762099e-05,0.0,0.0031285318545997143,0.0,1310720,10485760,1.0,,,
PASS,False,1.0.0-local-freeze,16384,2130388698,retained_residual,True,True,12,10,12,0,12,0,12,1,13,0.03091610843711738,0.20574253522656183,0.9880589246749878,0.05181751702912152,0.012593992054462433,0.0009721299866214395,0.0,0.011621862067840993,0.0,393216,3145728,6.0,11,,
FAIL_CONTRACT_TIMEOUT,False,1.0.0-local-freeze,16384,2130388698,diagonal_secant,True,False,,,,0,40,0,40,0,,0.0356326736178719,0.19159117051092586,,0.20314079511445016,0.04277880990412086,0.0006568370154127479,0.0,0.042121972888708115,0.0,1310720,10485760,4.0,,,
PASS,False,1.0.0-local-freeze,16384,2130388698,anderson_residual,True,True,11,9,11,0,11,0,11,1,12,0.031461694306328454,0.15471515191970853,0.988837480545044,0.06406384787987918,0.025526591984089464,0.0007654530345462263,0.0,0.024761138949543238,0.0,360448,2883584,16.0,10,,
PASS,False,1.0.0-local-freeze,16384,2130388698,commissioned_pi,True,True,22,18,22,2,20,0,22,1,23,0.03460185110986612,0.1068601739343801,0.9880472421646118,0.12231872702250257,0.016206078173127025,0.00033215200528502464,0.0002733300207182765,0.015600596147123724,0.0,720896,5767168,3.0,19,,
FAIL_CONTRACT_TIMEOUT,False,1.0.0-local-freeze,16384,2130388698,spsa,True,False,,,,0,14,26,40,0,,0.1826185983934666,0.44996243676152253,,0.2045988489408046,0.002184135955758393,0.0002917369711212814,0.0,0.0,0.0018923989846371114,1310720,10485760,2.0,,,
PASS,False,1.0.0-local-freeze,16384,2130388698,oracle,False,True,3,1,3,0,3,0,3,1,4,0.02340891945382549,0.001208530727949764,0.9950089454650879,0.01803937798831612,0.0002311569987796247,9.887799387797713e-05,0.0,0.00013227900490164757,0.0,98304,786432,1.0,2,,
FAIL_CONTRACT_TIMEOUT,False,1.0.0-local-freeze,16384,305030663,do_nothing,True,False,,,,0,40,0,40,0,,0.18225316646112047,0.45008435176876377,,0.19471785292262211,0.002726408012676984,5.02130133099854e-05,0.0,0.0026761949993669987,0.0,1310720,10485760,1.0,,,
PASS,False,1.0.0-local-freeze,16384,305030663,retained_residual,True,True,12,10,12,0,12,0,12,1,13,0.03054275469577122,0.2462009169148345,0.9866499900817871,0.05486744502559304,0.022043711040169,0.0012070270022377372,0.0,0.020836684037931263,0.0,393216,3145728,6.0,11,,
FAIL_CONTRACT_TIMEOUT,False,1.0.0-local-freeze,16384,305030663,diagonal_secant,True,False,,,,0,40,0,40,0,,0.03530985702776459,0.184622524714325,,0.19930237816879526,0.04076769115636125,0.0007061630021780729,0.0,0.04006152815418318,0.0,1310720,10485760,4.0,,,
PASS,False,1.0.0-local-freeze,16384,305030663,anderson_residual,True,True,11,9,11,0,11,0,11,1,12,0.03162730460294295,0.18998912291572514,0.987889289855957,0.06825426919385791,0.025117089913692325,0.0010981709929183125,0.0,0.024018918920774013,0.0,360448,2883584,16.0,10,,
PASS,False,1.0.0-local-freeze,16384,305030663,commissioned_pi,True,True,22,20,22,2,20,0,22,1,23,0.034494420168372175,0.12375364644494107,0.9880378246307373,0.12373954296344891,0.008678987040184438,0.00033190601971000433,0.00040773197542876005,0.007939349045045674,0.0,720896,5767168,3.0,19,,
FAIL_CONTRACT_TIMEOUT,False,1.0.0-local-freeze,16384,305030663,spsa,True,False,,,,0,14,26,40,0,,0.18193353095835155,0.4500782266963992,,0.1881940028979443,0.0021818348905071616,0.0003086209762841463,0.0,0.0,0.0018732139142230153,1310720,10485760,2.0,,,
PASS,False,1.0.0-local-freeze,16384,305030663,oracle,False,True,3,1,3,0,3,0,3,1,4,0.023311112085859575,0.0012729014062238047,0.9949910640716553,0.0174280310748145,0.0002626370405778289,0.00010128301801159978,0.0,0.0001613540225662291,0.0,98304,786432,1.0,2,,
FAIL_CONTRACT_TIMEOUT,False,1.0.0-local-freeze,16384,484958000,do_nothing,True,False,,,,0,40,0,40,0,,0.182269549110152,0.45015678530128056,,0.20241715479642153,0.0041441109497100115,6.223702803254128e-05,0.0,0.00408187392167747,0.0,1310720,10485760,1.0,,,
PASS,False,1.0.0-local-freeze,16384,484958000,retained_residual,True,True,11,9,11,0,11,0,11,1,12,0.03184375385417999,0.21406090568500352,0.9872944355010986,0.06070144212571904,0.015503199945669621,0.001189824950415641,0.0,0.01431337499525398,0.0,360448,2883584,6.0,10,,
FAIL_CONTRACT_TIMEOUT,False,1.0.0-local-freeze,16384,484958000,diagonal_secant,True,False,,,,0,40,0,40,0,,0.036328577992476005,0.18081643972894088,,0.19620666588889435,0.04620639013592154,0.0008733359863981605,0.0,0.04533305414952338,0.0,1310720,10485760,4.0,,,
PASS,False,1.0.0-local-freeze,16384,484958000,anderson_residual,True,True,11,9,11,0,11,0,11,1,12,0.03189548568529768,0.17179956711951233,0.9883384704589844,0.06132486404385418,0.02177971403580159,0.0008657380240038037,0.0,0.020913976011797786,0.0,360448,2883584,16.0,10,,
PASS,False,1.0.0-local-freeze,16384,484958000,commissioned_pi,True,True,22,20,22,2,20,0,22,1,23,0.034420293092146406,0.10699476114952566,0.988244891166687,0.11872449889779091,0.009253874188289046,0.0003768810420297086,0.0005663890042342246,0.008310604142025113,0.0,720896,5767168,3.0,19,,
FAIL_CONTRACT_TIMEOUT,False,1.0.0-local-freeze,16384,484958000,spsa,True,False,,,,0,14,26,40,0,,0.1823692635765514,0.45015388072655815,,0.1979614279116504,0.002830142038874328,0.0005870020249858499,0.0,0.0,0.0022431400138884783,1310720,10485760,2.0,,,
PASS,False,1.0.0-local-freeze,16384,484958000,oracle,False,True,3,1,3,0,3,0,3,1,4,0.02320637964893536,1.9412210054308085e-17,0.9950169324874878,0.029098957951646298,0.0002542310394346714,0.00010211800690740347,0.0,0.00015211303252726793,0.0,98304,786432,1.0,2,,
FAIL_CONTRACT_TIMEOUT,False,1.0.0-local-freeze,16384,668379286,do_nothing,True,False,,,,0,40,0,40,0,,0.18243740276144169,0.45005057386529207,,0.21375635208096355,0.002880230837035924,3.500597085803747e-05,0.0,0.0028452248661778867,0.0,1310720,10485760,1.0,,,
PASS,False,1.0.0-local-freeze,16384,668379286,retained_residual,True,True,12,10,12,0,12,0,12,1,13,0.030854373059949834,0.21760449068269308,0.9877272844314575,0.059196698071900755,0.0145613300264813,0.0009553020354360342,0.0,0.013606027991045266,0.0,393216,3145728,6.0,11,,
FAIL_CONTRACT_TIMEOUT,False,1.0.0-local-freeze,16384,668379286,diagonal_secant,True,False,,,,0,40,0,40,0,,0.03587392242188508,0.18746540003798806,,0.18792667292291299,0.042618655133992434,0.0012836800306104124,0.0,0.04133497510338202,0.0,1310720,10485760,4.0,,,
PASS,False,1.0.0-local-freeze,16384,668379286,anderson_residual,True,True,11,9,11,0,11,0,11,1,12,0.03162960907532903,0.155256553100201,0.988689661026001,0.08419534598942846,0.026126094919163734,0.0008495199726894498,0.0,0.025276574946474284,0.0,360448,2883584,16.0,10,,
PASS,False,1.0.0-local-freeze,16384,668379286,commissioned_pi,True,True,24,18,24,2,22,0,24,1,25,0.034653522789735026,0.1127637312123216,0.9879966974258423,0.1322456801426597,0.00974404817679897,0.00034747301833704114,0.00038673600647598505,0.009009839151985943,0.0,786432,6291456,3.0,21,,
FAIL_CONTRACT_TIMEOUT,False,1.0.0-local-freeze,16384,668379286,spsa,True,False,,,,0,14,26,40,0,,0.18240194267503257,0.4500403469313572,,0.21462575305486098,0.0024966958444565535,0.00041243096347898245,0.0,0.0,0.002084264880977571,1310720,10485760,2.0,,,
PASS,False,1.0.0-local-freeze,16384,668379286,oracle,False,True,3,1,3,0,3,0,3,1,4,0.0232577169008658,1.838022994173269e-17,0.995011568069458,0.019656234013382345,0.0010408039670437574,0.00013049098197370768,0.0,0.0009103129850700498,0.0,98304,786432,1.0,2,,
FAIL_CONTRACT_TIMEOUT,False,1.0.0-local-freeze,16384,2091457751,do_nothing,True,False,,,,0,40,0,40,0,,0.18247628796603868,0.449995721868629,,0.20762909611221403,0.002647302928380668,5.253404378890991e-05,0.0,0.0025947688845917583,0.0,1310720,10485760,1.0,,,
PASS,False,1.0.0-local-freeze,16384,2091457751,retained_residual,True,True,12,10,12,0,12,0,12,1,13,0.03038025740580728,0.22892229779496234,0.9874440431594849,0.06960446492303163,0.02446763397892937,0.0009268379653804004,0.0,0.02354079601354897,0.0,393216,3145728,6.0,11,,
FAIL_CONTRACT_TIMEOUT,False,1.0.0-local-freeze,16384,2091457751,diagonal_secant,True,False,,,,0,40,0,40,0,,0.037332653432723906,0.1838106031867067,,0.36759309779154137,0.05708364787278697,0.000558016006834805,0.0,0.056525631865952164,0.0,1310720,10485760,4.0,,,
PASS,False,1.0.0-local-freeze,16384,2091457751,anderson_residual,True,True,11,9,11,0,11,0,11,1,12,0.03134431961423339,0.17307987824845456,0.988425612449646,0.10042367887217551,0.05367581802420318,0.0010881919879466295,0.0,0.05258762603625655,0.0,360448,2883584,16.0,10,,
PASS,False,1.0.0-local-freeze,16384,2091457751,commissioned_pi,True,True,20,16,20,2,18,0,20,1,21,0.034706344444408455,0.11127460650805016,0.9881995916366577,0.14881884102942422,0.010609630029648542,0.0003587899846024811,0.0003547599771991372,0.009896080067846924,0.0,655360,5242880,3.0,17,,
FAIL_CONTRACT_TIMEOUT,False,1.0.0-local-freeze,16384,2091457751,spsa,True,False,,,,0,14,26,40,0,,0.18252145882501256,0.4499908847455635,,0.2699615760939196,0.0025170730077661574,0.0002930690534412861,0.0,0.0,0.0022240039543248713,1310720,10485760,2.0,,,
PASS,False,1.0.0-local-freeze,16384,2091457751,oracle,False,True,3,1,3,0,3,0,3,1,4,0.023090176634368558,0.0013896254708364534,0.99500572681427,0.02148019801825285,0.000505967007484287,0.00030782504472881556,0.0,0.00019814196275547147,0.0,98304,786432,1.0,2,,
FAIL_CONTRACT_TIMEOUT,False,1.0.0-local-freeze,16384,427837642,do_nothing,True,False,,,,0,40,0,40,0,,0.18237548527314676,0.4500433833656538,,0.2501292610540986,0.0034199306974187493,6.268499419093132e-05,0.0,0.003357245703227818,0.0,1310720,10485760,1.0,,,
PASS,False,1.0.0-local-freeze,16384,427837642,retained_residual,True,True,12,10,12,0,12,0,12,1,13,0.030821883135005737,0.22348758470128646,0.9873161315917969,0.0977644989034161,0.022916383983101696,0.0029690820374526083,0.0,0.019947301945649087,0.0,393216,3145728,6.0,11,,
FAIL_CONTRACT_TIMEOUT,False,1.0.0-local-freeze,16384,427837642,diagonal_secant,True,False,,,,0,40,0,40,0,,0.03619350977775316,0.20017576747824753,,0.23698603810044006,0.06816728407284245,0.0009491159580647945,0.0,0.06721816811477765,0.0,1310720,10485760,4.0,,,
PASS,False,1.0.0-local-freeze,16384,427837642,anderson_residual,True,True,11,9,11,0,11,0,11,1,12,0.03148275159504905,0.17691039487491386,0.9881561994552612,0.07477592409122735,0.03164881491102278,0.0013231309712864459,0.0,0.030325683939736336,0.0,360448,2883584,16.0,10,,
FAIL_CONTRACT_TIMEOUT,False,1.0.0-local-freeze,16384,427837642,commissioned_pi,True,False,,23,,2,38,0,40,0,,0.03507321357435453,0.10434966247383007,,0.24171287921490148,0.03126266394974664,0.0003344649448990822,0.00040799000998958945,0.030520208994857967,0.0,1310720,10485760,3.0,,,
FAIL_CONTRACT_TIMEOUT,False,1.0.0-local-freeze,16384,427837642,spsa,True,False,,,,0,14,26,40,0,,0.18219943362297628,0.45003902127036577,,0.26475566282169893,0.0028816378908231854,0.0003016399568878114,0.0,0.0,0.002579997933935374,1310720,10485760,2.0,,,
PASS,False,1.0.0-local-freeze,16384,427837642,oracle,False,True,3,1,3,0,3,0,3,1,4,0.023313772947182697,1.8822856433460457e-17,0.994982123374939,0.020213774929288775,0.00042645499343052506,0.0002774909953586757,0.0,0.00014896399807184935,0.0,98304,786432,1.0,2,,
FAIL_CONTRACT_TIMEOUT,False,1.0.0-local-freeze,16384,1523209647,do_nothing,True,False,,,,0,40,0,40,0,,0.18189679686466342,0.4501261305752184,,0.19416021805955097,0.003260765050072223,3.334099892526865e-05,0.0,0.0032274240511469543,0.0,1310720,10485760,1.0,,,
PASS,False,1.0.0-local-freeze,16384,1523209647,retained_residual,True,True,12,10,12,0,12,0,12,1,13,0.03070008623800945,0.22858287525002202,0.9872938394546509,0.08070788206532598,0.015573673998005688,0.0011826129630208015,0.0,0.014391061034984887,0.0,393216,3145728,6.0,11,,
FAIL_CONTRACT_TIMEOUT,False,1.0.0-local-freeze,16384,1523209647,diagonal_secant,True,False,,,,0,40,0,40,0,,0.036588733899537346,0.18746398346911364,,0.1945306818233803,0.04144132707733661,0.0019552710000425577,0.0,0.03948605607729405,0.0,1310720,10485760,4.0,,,
PASS,False,1.0.0-local-freeze,16384,1523209647,anderson_residual,True,True,11,9,11,0,11,0,11,1,12,0.031214050643601554,0.183381657401131,0.988093376159668,0.05544067296432331,0.021084298903588206,0.0013386689824983478,0.0,0.019745629921089858,0.0,360448,2883584,16.0,10,,
PASS,False,1.0.0-local-freeze,16384,1523209647,commissioned_pi,True,True,24,18,24,2,22,0,24,1,25,0.03433507431065344,0.11595814592031219,0.9881068468093872,0.135375497804489,0.012005568132735789,0.0004312480450607836,0.0002807540004141629,0.011293566087260842,0.0,786432,6291456,3.0,21,,
FAIL_CONTRACT_TIMEOUT,False,1.0.0-local-freeze,16384,1523209647,spsa,True,False,,,,0,14,26,40,0,,0.18203931631147627,0.45011796892511385,,0.2230043017771095,0.0034556048922240734,0.0004240170237608254,0.0,0.0,0.003031587868463248,1310720,10485760,2.0,,,
PASS,False,1.0.0-local-freeze,16384,1523209647,oracle,False,True,3,1,3,0,3,0,3,1,4,0.02339818119439464,0.0016177877114185528,0.9950035810470581,0.021790013008285314,0.0003375789965502918,0.00012984900968149304,0.0,0.00020772998686879873,0.0,98304,786432,1.0,2,,
FAIL_CONTRACT_TIMEOUT,False,1.0.0-local-freeze,16384,1177627976,do_nothing,True,False,,,,0,40,0,40,0,,0.18221031251595235,0.4498774409047761,,0.2107288872357458,0.0040512027917429805,3.611104330047965e-05,0.0,0.004015091748442501,0.0,1310720,10485760,1.0,,,
PASS,False,1.0.0-local-freeze,16384,1177627976,retained_residual,True,True,12,10,12,0,12,0,12,1,13,0.031247261093112925,0.2251508516392018,0.9873292446136475,0.08040979597717524,0.014706220070365816,0.0011080980184487998,0.0,0.013598122051917017,0.0,393216,3145728,6.0,11,,
FAIL_CONTRACT_TIMEOUT,False,1.0.0-local-freeze,16384,1177627976,diagonal_secant,True,False,,40,,0,40,0,40,0,,0.03493710207676552,0.18883837823183308,,0.19941106432816014,0.05285950569668785,0.0009478090214543045,0.0,0.05191169667523354,0.0,1310720,10485760,4.0,,,
PASS,False,1.0.0-local-freeze,16384,1177627976,anderson_residual,True,True,11,9,11,0,11,0,11,1,12,0.03136433351053393,0.16325611677952168,0.9885019063949585,0.07116624905029312,0.019982152967713773,0.0015105869970284402,0.0,0.018471565970685333,0.0,360448,2883584,16.0,10,,
PASS,False,1.0.0-local-freeze,16384,1177627976,commissioned_pi,True,True,24,22,24,2,22,0,24,1,25,0.03472658716283776,0.11978749767845615,0.9881323575973511,0.11770149698713794,0.012698503909632564,0.0003368849866092205,0.0006616489845328033,0.01169996993849054,0.0,786432,6291456,3.0,21,,
FAIL_CONTRACT_TIMEOUT,False,1.0.0-local-freeze,16384,1177627976,spsa,True,False,,,,0,14,26,40,0,,0.18219310228203267,0.449868636977541,,0.1896913357777521,0.002007151080761105,0.0003053629770874977,0.0,0.0,0.0017017881036736071,1310720,10485760,2.0,,,
PASS,False,1.0.0-local-freeze,16384,1177627976,oracle,False,True,3,1,3,0,3,0,3,1,4,0.023292178211446534,0.0014951359366664942,0.9950134754180908,0.020970634010154754,0.0003225510008633137,0.00013986299745738506,0.0,0.0001826880034059286,0.0,98304,786432,1.0,2,,
FAIL_CONTRACT_TIMEOUT,False,1.0.0-local-freeze,16384,822056531,do_nothing,True,False,,,,0,40,0,40,0,,0.18219090239632418,0.45007829486008516,,0.190991337003652,0.0030693889129906893,5.820300430059433e-05,0.0,0.003011185908690095,0.0,1310720,10485760,1.0,,,
PASS,False,1.0.0-local-freeze,16384,822056531,retained_residual,True,True,11,9,11,0,11,0,11,1,12,0.031406909074872855,0.23344165846220102,0.9869562387466431,0.059742438956163824,0.01217347802594304,0.0008318100008182228,0.0,0.011341668025124818,0.0,360448,2883584,6.0,10,,
FAIL_CONTRACT_TIMEOUT,False,1.0.0-local-freeze,16384,822056531,diagonal_secant,True,False,,,,0,40,0,40,0,,0.036050410011544326,0.20662241855555033,,0.1974882156937383,0.044689776841551065,0.0012164689833298326,0.0,0.04347330785822123,0.0,1310720,10485760,4.0,,,
PASS,False,1.0.0-local-freeze,16384,822056531,anderson_residual,True,True,11,9,11,0,11,0,11,1,12,0.031210173445356974,0.16543271636230197,0.9885249137878418,0.06619409995619208,0.02410907205194235,0.0015159760368987918,0.0,0.022593096015043557,0.0,360448,2883584,16.0,10,,
PASS,False,1.0.0-local-freeze,16384,822056531,commissioned_pi,True,True,22,20,22,2,20,0,22,1,23,0.03468370484494854,0.10547429979422504,0.9882321357727051,0.12936834496213123,0.008779393043369055,0.0003403269802220166,0.0002502400311641395,0.008188826031982899,0.0,720896,5767168,3.0,19,,
FAIL_CONTRACT_TIMEOUT,False,1.0.0-local-freeze,16384,822056531,spsa,True,False,,,,0,14,26,40,0,,0.18249170622500577,0.4500724138390683,,0.20450845581945032,0.003084998927079141,0.0005441799876280129,0.0,0.0,0.0025408189394511282,1310720,10485760,2.0,,,
PASS,False,1.0.0-local-freeze,16384,822056531,oracle,False,True,3,1,3,0,3,0,3,1,4,0.02305640998858376,0.001438654959488304,0.9949823617935181,0.030365039012394845,0.0002943130675703287,0.00011891202302649617,0.0,0.00017540104454383254,0.0,98304,786432,1.0,2,,
FAIL_CONTRACT_TIMEOUT,False,1.0.0-local-freeze,16384,445399178,do_nothing,True,False,,,,0,40,0,40,0,,0.18228019248349803,0.4500786764428525,,0.21433215908473358,0.0034591141156852245,4.968000575900078e-05,0.0,0.0034094341099262238,0.0,1310720,10485760,1.0,,,
PASS,False,1.0.0-local-freeze,16384,445399178,retained_residual,True,True,12,10,12,0,12,0,12,1,13,0.031383165077258204,0.22476533784874128,0.9873342514038086,0.09327886608662084,0.018428846960887313,0.001241682970430702,0.0,0.01718716399045661,0.0,393216,3145728,6.0,11,,
FAIL_CONTRACT_TIMEOUT,False,1.0.0-local-freeze,16384,445399178,diagonal_secant,True,False,,,,0,40,0,40,0,,0.035907808834868035,0.20563272500590216,,0.21925948606804013,0.05211956921266392,0.0009462730376981199,0.0,0.0511732961749658,0.0,1310720,10485760,4.0,,,
PASS,False,1.0.0-local-freeze,16384,445399178,anderson_residual,True,True,11,9,11,0,11,0,11,1,12,0.031270918478151756,0.17395407796908904,0.9884600639343262,0.0566161850001663,0.02444318402558565,0.0014535189839079976,0.0,0.022989665041677654,0.0,360448,2883584,16.0,10,,
PASS,False,1.0.0-local-freeze,16384,445399178,commissioned_pi,True,True,37,24,37,2,35,0,37,1,38,0.034982812722216386,0.11128062889597172,0.9881547689437866,0.19062974309781566,0.016146974987350404,0.00035758200101554394,0.00040441902820020914,0.015384973958134651,0.0,1212416,9699328,3.0,34,,
FAIL_CONTRACT_TIMEOUT,False,1.0.0-local-freeze,16384,445399178,spsa,True,False,,,,0,14,26,40,0,,0.18246443652644814,0.4500687364571819,,0.22577191272284836,0.002468290040269494,0.00034666003193706274,0.0,0.0,0.0021216300083324313,1310720,10485760,2.0,,,
PASS,False,1.0.0-local-freeze,16384,445399178,oracle,False,True,3,1,3,0,3,0,3,1,4,0.023169484602643155,7.537368553210688e-06,0.9950003623962402,0.025995148986112326,0.0002123959711752832,7.888098480179906e-05,0.0,0.00013351498637348413,0.0,98304,786432,1.0,2,,
FAIL_CONTRACT_TIMEOUT,False,1.0.0-local-freeze,16384,1242705187,do_nothing,True,False,,,,0,40,0,40,0,,0.1821197277623412,0.45000811879721114,,0.2214835841441527,0.0030215572332963347,3.894098335877061e-05,0.0,0.002982616249937564,0.0,1310720,10485760,1.0,,,
PASS,False,1.0.0-local-freeze,16384,1242705187,retained_residual,True,True,11,9,11,0,11,0,11,1,12,0.03160990683014476,0.20323330965740552,0.9875855445861816,0.07204537489451468,0.017099541903007776,0.003378344001248479,0.0,0.013721197901759297,0.0,360448,2883584,6.0,10,,
FAIL_CONTRACT_TIMEOUT,False,1.0.0-local-freeze,16384,1242705187,diagonal_secant,True,False,,,,0,40,0,40,0,,0.03666604968219492,0.18633207172739052,,0.1896720987278968,0.04322096559917554,0.0010773409740068018,0.0,0.04214362462516874,0.0,1310720,10485760,4.0,,,
PASS,False,1.0.0-local-freeze,16384,1242705187,anderson_residual,True,True,11,9,11,0,11,0,11,1,12,0.03166812641880328,0.15778177641846725,0.9885869026184082,0.06306121015222743,0.03049133508466184,0.003858886018861085,0.0,0.026632449065800756,0.0,360448,2883584,16.0,10,,
PASS,False,1.0.0-local-freeze,16384,1242705187,commissioned_pi,True,True,24,19,24,2,22,0,24,1,25,0.03497021129800126,0.11303274194597686,0.9879094362258911,0.1301782940281555,0.01214095501927659,0.0003242960083298385,0.0010219780378974974,0.010794680973049253,0.0,786432,6291456,3.0,21,,
FAIL_CONTRACT_TIMEOUT,False,1.0.0-local-freeze,16384,1242705187,spsa,True,False,,,,0,14,26,40,0,,0.18222007667972248,0.4499902230572036,,0.23947851895354688,0.00219971890328452,0.00021892995573580265,0.0,0.0,0.0019807889475487173,1310720,10485760,2.0,,,
PASS,False,1.0.0-local-freeze,16384,1242705187,oracle,False,True,3,1,3,0,3,0,3,1,4,0.023320407704248057,0.0006118811329902471,0.9949904680252075,0.022086052980739623,0.0006393700023181736,0.00013523298548534513,0.0,0.0005041370168328285,0.0,98304,786432,1.0,2,,
FAIL_CONTRACT_TIMEOUT,False,1.0.0-local-freeze,65536,1239900679,do_nothing,True,False,,,,0,40,0,40,0,,0.18222716312331264,0.45005152376361823,,0.7273751478642225,0.009470857854466885,0.00010780204320326447,0.0,0.00936305581126362,0.0,5242880,41943040,1.0,,,
PASS,False,1.0.0-local-freeze,65536,1239900679,retained_residual,True,True,11,9,11,0,11,0,11,1,12,0.031712509616199966,0.22534127331998138,0.9869301319122314,0.22969437221763656,0.06154114502714947,0.003626225981861353,0.0,0.057914919045288116,0.0,1441792,11534336,6.0,10,,
FAIL_CONTRACT_TIMEOUT,False,1.0.0-local-freeze,65536,1239900679,diagonal_secant,True,False,,,,0,40,0,40,0,,0.036168680079491485,0.19299219435561554,,0.8074984028353356,0.18522741319611669,0.0028539400082081556,0.0,0.18237347318790853,0.0,5242880,41943040,4.0,,,
PASS,False,1.0.0-local-freeze,65536,1239900679,anderson_residual,True,True,11,9,11,0,11,0,11,1,12,0.03136579352712067,0.17216778067039995,0.9883731603622437,0.2638607890694402,0.14032787905307487,0.002714510017540306,0.0,0.13761336903553456,0.0,1441792,11534336,16.0,10,,
PASS,False,1.0.0-local-freeze,65536,1239900679,commissioned_pi,True,True,24,18,24,2,22,0,24,1,25,0.03462967466294547,0.11950178574101653,0.9880736768245697,0.6133141288300976,0.11001466505695134,0.0010631409822963178,0.0010362350149080157,0.10791528905974701,0.0,3145728,25165824,3.0,21,,
FAIL_CONTRACT_TIMEOUT,False,1.0.0-local-freeze,65536,1239900679,spsa,True,False,,,,0,14,26,40,0,,0.18225034445724,0.45004904814051955,,0.9169608459924348,0.009144880983512849,0.0006738469819538295,0.0,0.0,0.008471034001559019,5242880,41943040,2.0,,,
PASS,False,1.0.0-local-freeze,65536,1239900679,oracle,False,True,3,1,3,0,3,0,3,1,4,0.023340328579027177,0.00031859575536852817,0.9949817955493927,0.1301439119852148,0.0009766299626789987,0.0005262019694782794,0.0,0.00045042799320071936,0.0,393216,3145728,1.0,2,,
FAIL_CONTRACT_TIMEOUT,False,1.0.0-local-freeze,65536,1573996,do_nothing,True,False,,,,0,40,0,40,0,,0.18210155185600735,0.45005035093231976,,0.757467458024621,0.008921365311834961,0.00013115099864080548,0.0,0.008790214313194156,0.0,5242880,41943040,1.0,,,
PASS,False,1.0.0-local-freeze,65536,1573996,retained_residual,True,True,12,10,12,0,12,0,12,1,13,0.031048266534999064,0.21577596451647468,0.9876738488674164,0.2366549310972914,0.06859758496284485,0.0050707110203802586,0.0,0.06352687394246459,0.0,1572864,12582912,6.0,11,,
FAIL_CONTRACT_TIMEOUT,False,1.0.0-local-freeze,65536,1573996,diagonal_secant,True,False,,,,0,40,0,40,0,,0.03626785925110333,0.19904612404283553,,0.8307138369418681,0.19029271783074364,0.004347118956502527,0.0,0.1859455988742411,0.0,5242880,41943040,4.0,,,
PASS,False,1.0.0-local-freeze,65536,1573996,anderson_residual,True,True,11,9,11,0,11,0,11,1,12,0.03147774276854474,0.16137997465189968,0.9885753095149994,0.3065063320682384,0.131121366051957,0.004111149988602847,0.0,0.12701021606335416,0.0,1441792,11534336,16.0,10,,
PASS,False,1.0.0-local-freeze,65536,1573996,commissioned_pi,True,True,23,21,23,2,21,0,23,1,24,0.03488058053700927,0.10941941764193852,0.9880594909191132,0.5970801501534879,0.04257339425384998,0.0009421409922651947,0.0011437630164436996,0.04048749024514109,0.0,3014656,24117248,3.0,20,,
FAIL_CONTRACT_TIMEOUT,False,1.0.0-local-freeze,65536,1573996,spsa,True,False,,,,0,14,26,40,0,,0.1821549511780747,0.45004866561084367,,1.0561715121148154,0.01412332890322432,0.0009937509894371033,0.0,0.0,0.013129577913787216,5242880,41943040,2.0,,,
PASS,False,1.0.0-local-freeze,65536,1573996,oracle,False,True,3,1,3,0,3,0,3,1,4,0.02327269956317059,0.0004342235132210676,0.995008647441864,0.07582639099564403,0.0007660069968551397,0.00035962898982688785,0.0,0.0004063780070282519,0.0,393216,3145728,1.0,2,,
FAIL_CONTRACT_TIMEOUT,False,1.0.0-local-freeze,65536,1558604323,do_nothing,True,False,,,,0,40,0,40,0,,0.18217464556085775,0.4500541012939568,,0.8962898101308383,0.007694199855905026,0.000321337953209877,0.0,0.007372861902695149,0.0,5242880,41943040,1.0,,,
PASS,False,1.0.0-local-freeze,65536,1558604323,retained_residual,True,True,11,9,11,0,11,0,11,1,12,0.031937530181699966,0.21312868840065038,0.9872630834579468,0.20850897196214646,0.05584175098920241,0.002393155009485781,0.0,0.05344859597971663,0.0,1441792,11534336,6.0,10,,
FAIL_CONTRACT_TIMEOUT,False,1.0.0-local-freeze,65536,1558604323,diagonal_secant,True,False,,,,0,40,0,40,0,,0.03616501087747275,0.19382501927348614,,0.8334809635998681,0.20466925122309476,0.0030067049665376544,0.0,0.2016625462565571,0.0,5242880,41943040,4.0,,,
PASS,False,1.0.0-local-freeze,65536,1558604323,anderson_residual,True,True,11,9,11,0,11,0,11,1,12,0.03146757767637292,0.16895628384773875,0.9884140193462372,0.2644041640451178,0.11789452593075112,0.003818912955466658,0.0,0.11407561297528446,0.0,1441792,11534336,16.0,10,,
PASS,False,1.0.0-local-freeze,65536,1558604323,commissioned_pi,True,True,22,18,22,2,20,0,22,1,23,0.03477455622568219,0.11579326150328872,0.988027423620224,0.4488104138872586,0.0410011078347452,0.0010268689948134124,0.0016870979452505708,0.038287140894681215,0.0,2883584,23068672,3.0,19,,
FAIL_CONTRACT_TIMEOUT,False,1.0.0-local-freeze,65536,1558604323,spsa,True,False,,,,0,14,26,40,0,,0.18216027130005147,0.4500528730776807,,0.7335733040818013,0.008759332878980786,0.0007893700385466218,0.0,0.0,0.007969962840434164,5242880,41943040,2.0,,,
PASS,False,1.0.0-local-freeze,65536,1558604323,oracle,False,True,3,1,3,0,3,0,3,1,4,0.02327504742357037,0.0017025668058242196,0.994974672794342,0.07397864200174809,0.0008903760462999344,0.00036308099515736103,0.0,0.0005272950511425734,0.0,393216,3145728,1.0,2,,
FAIL_CONTRACT_TIMEOUT,False,1.0.0-local-freeze,65536,1280968996,do_nothing,True,False,,,,0,40,0,40,0,,0.18244504924040025,0.4501020527233181,,0.7774818630423397,0.011596562864724547,0.00015078496653586626,0.0,0.01144577789818868,0.0,5242880,41943040,1.0,,,
PASS,False,1.0.0-local-freeze,65536,1280968996,retained_residual,True,True,12,10,12,0,12,0,12,1,13,0.030726630422382346,0.22005044509691896,0.987652063369751,0.2526881250087172,0.06359330302802846,0.008277092012576759,0.0,0.0553162110154517,0.0,1572864,12582912,6.0,11,,
FAIL_CONTRACT_TIMEOUT,False,1.0.0-local-freeze,65536,1280968996,diagonal_secant,True,False,,,,0,40,0,40,0,,0.035832748163208555,0.19337991986337963,,0.8105353490682319,0.1961385871982202,0.00234371202532202,0.0,0.19379487517289817,0.0,5242880,41943040,4.0,,,
PASS,False,1.0.0-local-freeze,65536,1280968996,anderson_residual,True,True,11,9,11,0,11,0,11,1,12,0.031378650050666736,0.16021068185296045,0.9886748492717743,0.23481584707042202,0.12577386491466314,0.0026131439954042435,0.0,0.12316072091925889,0.0,1441792,11534336,16.0,10,,
PASS,False,1.0.0-local-freeze,65536,1280968996,commissioned_pi,True,True,28,20,28,2,26,0,28,1,29,0.03485906014350913,0.11235686515545275,0.9881545603275299,0.5945980998221785,0.04603532701730728,0.0010603200062178075,0.0019486150122247636,0.04302639199886471,0.0,3670016,29360128,3.0,25,,
FAIL_CONTRACT_TIMEOUT,False,1.0.0-local-freeze,65536,1280968996,spsa,True,False,,,,0,14,26,40,0,,0.18240727512612656,0.45010081507571414,,0.7318316320888698,0.009363158023916185,0.0007291380316019058,0.0,0.0,0.008634019992314279,5242880,41943040,2.0,,,
PASS,False,1.0.0-local-freeze,65536,1280968996,oracle,False,True,3,1,3,0,3,0,3,1,4,0.023164040494580394,0.0010739613057861874,0.9949885010719299,0.07749908993719146,0.0006622030050493777,0.00034401501761749387,0.0,0.0003181879874318838,0.0,393216,3145728,1.0,2,,
FAIL_CONTRACT_TIMEOUT,False,1.0.0-local-freeze,65536,946144272,do_nothing,True,False,,,,0,40,0,40,0,,0.1823757800431596,0.4500343001526885,,0.8000249132746831,0.009002545906696469,8.196296403184533e-05,0.0,0.008920582942664623,0.0,5242880,41943040,1.0,,,
PASS,False,1.0.0-local-freeze,65536,946144272,retained_residual,True,True,12,10,12,0,12,0,12,1,13,0.03098200595099415,0.21277926986203655,0.9877274930477142,0.2901737149222754,0.06791142415022478,0.006018695014063269,0.0,0.061892729136161506,0.0,1572864,12582912,6.0,11,,
FAIL_CONTRACT_TIMEOUT,False,1.0.0-local-freeze,65536,946144272,diagonal_secant,True,False,,,,0,40,0,40,0,,0.03615470288631114,0.18835179741770905,,0.8093085791915655,0.19691753876395524,0.0032603690051473677,0.0,0.19365716975880787,0.0,5242880,41943040,4.0,,,
PASS,False,1.0.0-local-freeze,65536,946144272,anderson_residual,True,True,11,9,11,0,11,0,11,1,12,0.031449302604855026,0.16304306241959252,0.9886130392551422,0.25209172297036275,0.12431514303898439,0.0034912789706140757,0.0,0.12082386406837031,0.0,1441792,11534336,16.0,10,,
PASS,False,1.0.0-local-freeze,65536,946144272,commissioned_pi,True,True,22,18,22,2,20,0,22,1,23,0.034689745899381,0.11282426698848033,0.9880795180797577,0.48186633305158466,0.03998206806136295,0.0009784299763850868,0.0014039140078239143,0.03759972407715395,0.0,2883584,23068672,3.0,19,,
FAIL_CONTRACT_TIMEOUT,False,1.0.0-local-freeze,65536,946144272,spsa,True,False,,,,0,14,26,40,0,,0.18231533333791103,0.4500326628864267,,0.7751341150142252,0.013716725981794298,0.002343154978007078,0.0,0.0,0.01137357100378722,5242880,41943040,2.0,,,
PASS,False,1.0.0-local-freeze,65536,946144272,oracle,False,True,3,1,3,0,3,0,3,1,4,0.023215938485984387,0.002097386520127772,0.9949981868267059,0.07076061802217737,0.0021386269945651293,0.00040267297299578786,0.0,0.0017359540215693414,0.0,393216,3145728,1.0,2,,
FAIL_CONTRACT_TIMEOUT,False,1.0.0-local-freeze,65536,1536741766,do_nothing,True,False,,,,0,40,0,40,0,,0.18208245959031075,0.4500097647846071,,0.7975670038722456,0.008501448028255254,8.635001722723246e-05,0.0,0.008415098011028022,0.0,5242880,41943040,1.0,,,
PASS,False,1.0.0-local-freeze,65536,1536741766,retained_residual,True,True,12,10,12,0,12,0,12,1,13,0.03128508296075665,0.22618799880357524,0.9873638153076172,0.2586688280571252,0.0739900158951059,0.006468485982622951,0.0,0.06752152991248295,0.0,1572864,12582912,6.0,11,,
FAIL_CONTRACT_TIMEOUT,False,1.0.0-local-freeze,65536,1536741766,diagonal_secant,True,False,,,,0,40,0,40,0,,0.035459329143841964,0.18373987881913234,,1.0501715409336612,0.23172263632295653,0.002387060027103871,0.0,0.22933557629585266,0.0,5242880,41943040,4.0,,,
PASS,False,1.0.0-local-freeze,65536,1536741766,anderson_residual,True,True,11,9,11,0,11,0,11,1,12,0.03148730492845117,0.16993193772850362,0.9884494841098785,0.3475505619426258,0.2034552218974568,0.0029581989510916173,0.0,0.20049702294636518,0.0,1441792,11534336,16.0,10,,
PASS,False,1.0.0-local-freeze,65536,1536741766,commissioned_pi,True,True,29,20,29,2,27,0,29,1,30,0.03468447630338044,0.11723943369285647,0.9881691336631775,0.6428063819184899,0.05724734294926748,0.0007112399907782674,0.0009186150273308158,0.055617487931158394,0.0,3801088,30408704,3.0,26,,
FAIL_CONTRACT_TIMEOUT,False,1.0.0-local-freeze,65536,1536741766,spsa,True,False,,,,0,14,26,40,0,,0.18213172493463647,0.45000857379781023,,0.7738896306836978,0.011289609014056623,0.0007322459714487195,0.0,0.0,0.010557363042607903,5242880,41943040,2.0,,,
PASS,False,1.0.0-local-freeze,65536,1536741766,oracle,False,True,3,1,3,0,3,0,3,1,4,0.023215594346744507,0.0008309108367662356,0.9950205385684967,0.0706406650133431,0.0006160089978948236,0.000368234992492944,0.0,0.00024777400540187955,0.0,393216,3145728,1.0,2,,
FAIL_CONTRACT_TIMEOUT,False,1.0.0-local-freeze,65536,2015248058,do_nothing,True,False,,,,0,40,0,40,0,,0.18215402374850667,0.4500680754619241,,0.7690202717203647,0.008927878050599247,7.116200868040323e-05,0.0,0.008856716041918844,0.0,5242880,41943040,1.0,,,
PASS,False,1.0.0-local-freeze,65536,2015248058,retained_residual,True,True,12,10,12,0,12,0,12,1,13,0.031104408682396844,0.22742087612606304,0.9874086678028107,0.26881409710040316,0.07166600495111197,0.003651255974546075,0.0,0.0680147489765659,0.0,1572864,12582912,6.0,11,,
FAIL_CONTRACT_TIMEOUT,False,1.0.0-local-freeze,65536,2015248058,diagonal_secant,True,False,,,,0,40,0,40,0,,0.03637414093466371,0.19385513718565361,,0.8143366649746895,0.2035166568821296,0.0026416819891892374,0.0,0.20087497489294037,0.0,5242880,41943040,4.0,,,
PASS,False,1.0.0-local-freeze,65536,2015248058,anderson_residual,True,True,11,9,11,0,11,0,11,1,12,0.0314334651054947,0.1680886333872894,0.9884923696517944,0.25389646214898676,0.1370459829340689,0.003255449002608657,0.0,0.13379053393146023,0.0,1441792,11534336,16.0,10,,
PASS,False,1.0.0-local-freeze,65536,2015248058,commissioned_pi,True,True,26,22,26,2,24,0,26,1,27,0.034669641142012965,0.11421079146053348,0.9881154298782349,0.5479707240592688,0.048055145889520645,0.0014267429942265153,0.0014403349487110972,0.04518806794658303,0.0,3407872,27262976,3.0,23,,
FAIL_CONTRACT_TIMEOUT,False,1.0.0-local-freeze,65536,2015248058,spsa,True,False,,,,0,14,26,40,0,,0.18217013100756715,0.45006671909639684,,0.7456428941804916,0.010796476155519485,0.001353300001937896,0.0,0.0,0.00944317615358159,5242880,41943040,2.0,,,
PASS,False,1.0.0-local-freeze,65536,2015248058,oracle,False,True,3,1,3,0,3,0,3,1,4,0.02332282064273557,0.0005529144584086251,0.9950064420700073,0.0669700859580189,0.0009554729331284761,0.00026947795413434505,0.0,0.0006859949789941311,0.0,393216,3145728,1.0,2,,
FAIL_CONTRACT_TIMEOUT,False,1.0.0-local-freeze,65536,1062974352,do_nothing,True,False,,,,0,40,0,40,0,,0.18231764449764962,0.45007775897602126,,0.7877160691423342,0.0076593789854086936,8.342601358890533e-05,0.0,0.007575952971819788,0.0,5242880,41943040,1.0,,,
PASS,False,1.0.0-local-freeze,65536,1062974352,retained_residual,True,True,11,9,11,0,11,0,11,1,12,0.031988049568358747,0.21937566348268947,0.9870708584785461,0.23781480104662478,0.06886393000604585,0.0039925650344230235,0.0,0.06487136497162282,0.0,1441792,11534336,6.0,10,,
FAIL_CONTRACT_TIMEOUT,False,1.0.0-local-freeze,65536,1062974352,diagonal_secant,True,False,,,,0,40,0,40,0,,0.036264980166668535,0.19335518011520547,,0.7549651121953502,0.18936876172665507,0.00270928000099957,0.0,0.1866594817256555,0.0,5242880,41943040,4.0,,,
PASS,False,1.0.0-local-freeze,65536,1062974352,anderson_residual,True,True,11,9,11,0,11,0,11,1,12,0.03152278413526738,0.16894284391189465,0.9884108006954193,0.23586301202885807,0.1585924419341609,0.0025866999640129507,0.0,0.15600574197014794,0.0,1441792,11534336,16.0,10,,
PASS,False,1.0.0-local-freeze,65536,1062974352,commissioned_pi,True,True,22,20,22,2,20,0,22,1,23,0.03482870547303149,0.11881487757846787,0.988097757101059,0.4344725211849436,0.032809746044222265,0.0008485070429742336,0.0012391359778121114,0.03072210302343592,0.0,2883584,23068672,3.0,19,,
FAIL_CONTRACT_TIMEOUT,False,1.0.0-local-freeze,65536,1062974352,spsa,True,False,,,,0,14,26,40,0,,0.18226692425670307,0.4500736045177353,,0.6713460143073462,0.009251768060494214,0.000960553006734699,0.0,0.0,0.008291215053759515,5242880,41943040,2.0,,,
PASS,False,1.0.0-local-freeze,65536,1062974352,oracle,False,True,3,1,3,0,3,0,3,1,4,0.02323793264040622,0.0011203824993824122,0.9949893355369568,0.06955230800667778,0.0006205940153449774,0.00027790601598098874,0.0,0.00034268799936398864,0.0,393216,3145728,1.0,2,,
FAIL_CONTRACT_TIMEOUT,False,1.0.0-local-freeze,65536,317314755,do_nothing,True,False,,,,0,40,0,40,0,,0.18205223240773552,0.4500695395566292,,0.7208222189219669,0.007701759808696806,8.723995415493846e-05,0.0,0.007614519854541868,0.0,5242880,41943040,1.0,,,
PASS,False,1.0.0-local-freeze,65536,317314755,retained_residual,True,True,11,9,11,0,11,0,11,1,12,0.031658105626640426,0.2162893385087875,0.9872731864452362,0.20891497092088684,0.06221667292993516,0.006337348953820765,0.0,0.05587932397611439,0.0,1441792,11534336,6.0,10,,
FAIL_CONTRACT_TIMEOUT,False,1.0.0-local-freeze,65536,317314755,diagonal_secant,True,False,,,,0,40,0,40,0,,0.03614862270959168,0.2003370473357451,,0.7054858017363586,0.16831487324088812,0.0027088610222563148,0.0,0.1656060122186318,0.0,5242880,41943040,4.0,,,
PASS,False,1.0.0-local-freeze,65536,317314755,anderson_residual,True,True,11,9,11,0,11,0,11,1,12,0.0315254790545657,0.16544288657883574,0.9885515868663788,0.24141000385861844,0.11777985998196527,0.003937583998776972,0.0,0.1138422759831883,0.0,1441792,11534336,16.0,10,,
PASS,False,1.0.0-local-freeze,65536,317314755,commissioned_pi,True,True,30,22,30,2,28,0,30,1,31,0.03483813824942373,0.11521944611316465,0.9880942702293396,0.5571193160722032,0.039520915132015944,0.0009422610164619982,0.0013866160297766328,0.03719203808577731,0.0,3932160,31457280,3.0,27,,
FAIL_CONTRACT_TIMEOUT,False,1.0.0-local-freeze,65536,317314755,spsa,True,False,,,,0,14,26,40,0,,0.18198350830124618,0.4500674773322344,,0.7014201810234226,0.008418117999099195,0.0006748029845766723,0.0,0.0,0.007743315014522523,5242880,41943040,2.0,,,
PASS,False,1.0.0-local-freeze,65536,317314755,oracle,False,True,3,1,3,0,3,0,3,1,4,0.023269854548631685,0.0016506717601204965,0.9949983954429626,0.06721674592699856,0.0006819969858042896,0.0003538409946486354,0.0,0.0003281559911556542,0.0,393216,3145728,1.0,2,,
FAIL_CONTRACT_TIMEOUT,False,1.0.0-local-freeze,65536,1833476299,do_nothing,True,False,,,,0,40,0,40,0,,0.18239459874982455,0.4500579136414119,,0.7574004761991091,0.008848771860357374,7.685698801651597e-05,0.0,0.008771914872340858,0.0,5242880,41943040,1.0,,,
PASS,False,1.0.0-local-freeze,65536,1833476299,retained_residual,True,True,11,9,11,0,11,0,11,1,12,0.03172799872876888,0.20895664353636376,0.9874609112739563,0.21959663304733112,0.06361471797572449,0.004473595006857067,0.0,0.05914112296886742,0.0,1441792,11534336,6.0,10,,
FAIL_CONTRACT_TIMEOUT,False,1.0.0-local-freeze,65536,1833476299,diagonal_secant,True,False,,,,0,40,0,40,0,,0.03567200149336543,0.1896574992444956,,0.7030549218179658,0.16358810476958752,0.0031627219868823886,0.0,0.16042538278270513,0.0,5242880,41943040,4.0,,,
PASS,False,1.0.0-local-freeze,65536,1833476299,anderson_residual,True,True,11,9,11,0,11,0,11,1,12,0.03146354236948565,0.1584917733964651,0.9887387752532959,0.27384096512105316,0.11627484206110239,0.0026558670215308666,0.0,0.11361897503957152,0.0,1441792,11534336,16.0,10,,
PASS,False,1.0.0-local-freeze,65536,1833476299,commissioned_pi,True,True,22,18,22,2,20,0,22,1,23,0.034734148406454134,0.11352144416034096,0.9879716038703918,0.37499163020402193,0.03453867381904274,0.0009953609551303089,0.001520466001238674,0.03202284686267376,0.0,2883584,23068672,3.0,19,,
FAIL_CONTRACT_TIMEOUT,False,1.0.0-local-freeze,65536,1833476299,spsa,True,False,,,,0,14,26,40,0,,0.18245451637119786,0.45005622303617493,,0.6788678989978507,0.00975032284623012,0.0008341970387846231,0.0,0.0,0.008916125807445496,5242880,41943040,2.0,,,
PASS,False,1.0.0-local-freeze,65536,1833476299,oracle,False,True,3,1,3,0,3,0,3,1,4,0.023127004206987448,0.000987615289357954,0.9949897229671478,0.04996715905144811,0.0006151279667392373,0.0002415559720247984,0.0,0.0003735719947144389,0.0,393216,3145728,1.0,2,,
FAIL_CONTRACT_TIMEOUT,False,1.0.0-local-freeze,65536,1883236474,do_nothing,True,False,,,,0,40,0,40,0,,0.18230236454553653,0.4500821666790361,,0.6972013491904363,0.007547189015895128,8.368201088160276e-05,0.0,0.0074635070050135255,0.0,5242880,41943040,1.0,,,
PASS,False,1.0.0-local-freeze,65536,1883236474,retained_residual,True,True,12,10,12,0,12,0,12,1,13,0.030999719811394332,0.22062044617703566,0.9875309467315674,0.21313451998867095,0.059940738952718675,0.00230814196402207,0.0,0.057632596988696605,0.0,1572864,12582912,6.0,11,,
FAIL_CONTRACT_TIMEOUT,False,1.0.0-local-freeze,65536,1883236474,diagonal_secant,True,False,,,,0,40,0,40,0,,0.03585985024986778,0.19800501489215336,,0.6874863010598347,0.17350850719958544,0.0028985250391997397,0.0,0.1706099821603857,0.0,5242880,41943040,4.0,,,
PASS,False,1.0.0-local-freeze,65536,1883236474,anderson_residual,True,True,11,9,11,0,11,0,11,1,12,0.03140697119063858,0.17199136911041896,0.9884055852890015,0.2405202731024474,0.10437544999876991,0.003991809033323079,0.0,0.10038364096544683,0.0,1441792,11534336,16.0,10,,
PASS,False,1.0.0-local-freeze,65536,1883236474,commissioned_pi,True,True,26,20,26,2,24,0,26,1,27,0.034616609297003754,0.11303618357329813,0.988046407699585,0.48258754407288507,0.04218007705640048,0.000829059979878366,0.0013700120034627616,0.03998100507305935,0.0,3407872,27262976,3.0,23,,
FAIL_CONTRACT_TIMEOUT,False,1.0.0-local-freeze,65536,1883236474,spsa,True,False,,,,0,14,26,40,0,,0.18222823936064056,0.45008033733959335,,0.7886391239007935,0.009931989945471287,0.0008494300418533385,0.0,0.0,0.009082559903617948,5242880,41943040,2.0,,,
PASS,False,1.0.0-local-freeze,65536,1883236474,oracle,False,True,3,1,3,0,3,0,3,1,4,0.023380117832831452,0.00045643938520751345,0.9950026869773865,0.06802517600590363,0.0007500629290007055,0.00035661394940689206,0.0,0.0003934489795938134,0.0,393216,3145728,1.0,2,,
FAIL_CONTRACT_TIMEOUT,False,1.0.0-local-freeze,65536,812473704,do_nothing,True,False,,,,0,40,0,40,0,,0.18245482608746424,0.4500870972918692,,0.9657971711712889,0.00801975978538394,6.429298082366586e-05,0.0,0.007955466804560274,0.0,5242880,41943040,1.0,,,
PASS,False,1.0.0-local-freeze,65536,812473704,retained_residual,True,True,12,10,12,0,12,0,12,1,13,0.030781144839106375,0.2265281326451547,0.987454742193222,0.3633294209721498,0.11970349994953722,0.0034323689760640264,0.0,0.11627113097347319,0.0,1572864,12582912,6.0,11,,
FAIL_CONTRACT_TIMEOUT,False,1.0.0-local-freeze,65536,812473704,diagonal_secant,True,False,,,,0,40,0,40,0,,0.03579634060047623,0.18367575902089742,,0.9676566409179941,0.21570421708747745,0.002761006006039679,0.0,0.21294321108143777,0.0,5242880,41943040,4.0,,,
PASS,False,1.0.0-local-freeze,65536,812473704,anderson_residual,True,True,11,9,11,0,11,0,11,1,12,0.03155412148486611,0.17148707649061348,0.9884170293807983,0.41128865198697895,0.1282913888571784,0.003443527966737747,0.0,0.12484786089044064,0.0,1441792,11534336,16.0,10,,
PASS,False,1.0.0-local-freeze,65536,812473704,commissioned_pi,True,True,24,20,24,2,22,0,24,1,25,0.034654752613063625,0.11101273492835603,0.9881847202777863,0.4249132629483938,0.034301480918657035,0.00077397795394063,0.0010608480079099536,0.03246665495680645,0.0,3145728,25165824,3.0,21,,
FAIL_CONTRACT_TIMEOUT,False,1.0.0-local-freeze,65536,812473704,spsa,True,False,,,,0,14,26,40,0,,0.18240012498986727,0.4500842281748615,,0.770389326964505,0.009191758988890797,0.0008523190044797957,0.0,0.0,0.008339439984411001,5242880,41943040,2.0,,,
PASS,False,1.0.0-local-freeze,65536,812473704,oracle,False,True,3,1,3,0,3,0,3,1,4,0.023284252054744697,0.0005969921766288841,0.9950059652328491,0.08182666287757456,0.0007373819826170802,0.0003531819675117731,0.0,0.0003842000151053071,0.0,393216,3145728,1.0,2,,
FAIL_CONTRACT_TIMEOUT,False,1.0.0-local-freeze,65536,1612189033,do_nothing,True,False,,,,0,40,0,40,0,,0.18205448576730007,0.4500784788180008,,0.7843641174258664,0.010657582897692919,9.112298721447587e-05,0.0,0.010566459910478443,0.0,5242880,41943040,1.0,,,
PASS,False,1.0.0-local-freeze,65536,1612189033,retained_residual,True,True,11,9,11,0,11,0,11,1,12,0.031615795859765906,0.23214111095987042,0.9867876470088959,0.2378458499442786,0.055484187963884324,0.004742692981380969,0.0,0.050741494982503355,0.0,1441792,11534336,6.0,10,,
FAIL_CONTRACT_TIMEOUT,False,1.0.0-local-freeze,65536,1612189033,diagonal_secant,True,False,,,,0,40,0,40,0,,0.036391173128981075,0.20069877087815519,,0.8631142899394035,0.19916460005333647,0.003418798034545034,0.0,0.19574580201879144,0.0,5242880,41943040,4.0,,,
PASS,False,1.0.0-local-freeze,65536,1612189033,anderson_residual,True,True,11,9,11,0,11,0,11,1,12,0.031378003863414335,0.18310369782563302,0.9880986511707306,0.24716700398130342,0.12779652391327545,0.003607810998801142,0.0,0.12418871291447431,0.0,1441792,11534336,16.0,10,,
PASS,False,1.0.0-local-freeze,65536,1612189033,commissioned_pi,True,True,24,22,24,2,22,0,24,1,25,0.03471805197334745,0.11298197400955107,0.9880936443805695,0.45391012891195714,0.04578527685953304,0.0007923389784991741,0.007970925013069063,0.037022012867964804,0.0,3145728,25165824,3.0,21,,
FAIL_CONTRACT_TIMEOUT,False,1.0.0-local-freeze,65536,1612189033,spsa,True,False,,,,0,14,26,40,0,,0.18204702451454083,0.4500745184726117,,1.0360252390964888,0.009387335041537881,0.0007542870007455349,0.0,0.0,0.008633048040792346,5242880,41943040,2.0,,,
PASS,False,1.0.0-local-freeze,65536,1612189033,oracle,False,True,3,1,3,0,3,0,3,1,4,0.023286528604662463,0.0017564974439587897,0.9950038492679596,0.1401153460610658,0.0036097780102863908,0.00034871697425842285,0.0,0.003261061036027968,0.0,393216,3145728,1.0,2,,
FAIL_CONTRACT_TIMEOUT,False,1.0.0-local-freeze,65536,1990616316,do_nothing,True,False,,,,0,40,0,40,0,,0.18227861658468572,0.45010513623479975,,0.9298324561095797,0.008002123911865056,0.00010488001862540841,0.0,0.007897243893239647,0.0,5242880,41943040,1.0,,,
PASS,False,1.0.0-local-freeze,65536,1990616316,retained_residual,True,True,12,10,12,0,12,0,12,1,13,0.03088674780253363,0.22084812309425492,0.9876658320426941,0.37436877394793555,0.08213599410373718,0.002805614029057324,0.0,0.07933038007467985,0.0,1572864,12582912,6.0,11,,
FAIL_CONTRACT_TIMEOUT,False,1.0.0-local-freeze,65536,1990616316,diagonal_secant,True,False,,,,0,40,0,40,0,,0.03607482065778026,0.1923808252547979,,0.9057204069104046,0.20646918192505836,0.003155949991196394,0.0,0.20331323193386197,0.0,5242880,41943040,4.0,,,
PASS,False,1.0.0-local-freeze,65536,1990616316,anderson_residual,True,True,11,9,11,0,11,0,11,1,12,0.03145230049193099,0.16544843940507578,0.9886201322078705,0.22510208998573944,0.11161362810526043,0.0029739459860138595,0.0,0.10863968211924657,0.0,1441792,11534336,16.0,10,,
PASS,False,1.0.0-local-freeze,65536,1990616316,commissioned_pi,True,True,28,22,28,2,26,0,28,1,29,0.03469960613821669,0.11364840834661318,0.9880237877368927,0.6243852409534156,0.0527954941499047,0.00167075201170519,0.0012676750193350017,0.049857067118864506,0.0,3670016,29360128,3.0,25,,
FAIL_CONTRACT_TIMEOUT,False,1.0.0-local-freeze,65536,1990616316,spsa,True,False,,,,0,14,26,40,0,,0.18219822701726188,0.45010240199505575,,0.770140329899732,0.010265787015669048,0.0007962309755384922,0.0,0.0,0.009469556040130556,5242880,41943040,2.0,,,
PASS,False,1.0.0-local-freeze,65536,1990616316,oracle,False,True,3,1,3,0,3,0,3,1,4,0.0233662704989902,0.0015825856092829453,0.9949927628040314,0.07169134198920801,0.0006502829492092133,0.0002678749733604491,0.0,0.0003824079758487642,0.0,393216,3145728,1.0,2,,
FAIL_CONTRACT_TIMEOUT,False,1.0.0-local-freeze,65536,195957893,do_nothing,True,False,,,,0,40,0,40,0,,0.18235746386101953,0.44999205249798435,,0.7866696674609557,0.007513323915190995,8.263898780569434e-05,0.0,0.0074306849273853,0.0,5242880,41943040,1.0,,,
PASS,False,1.0.0-local-freeze,65536,195957893,retained_residual,True,True,12,10,12,0,12,0,12,1,13,0.030876199242364073,0.21531774751628419,0.9876837134361267,0.25032668007770553,0.08652411185903475,0.0031358019914478064,0.0,0.08338830986758694,0.0,1572864,12582912,6.0,11,,
FAIL_CONTRACT_TIMEOUT,False,1.0.0-local-freeze,65536,195957893,diagonal_secant,True,False,,,,0,40,0,40,0,,0.03664503406518877,0.1968846861235663,,0.8947196051594801,0.2072171921026893,0.0030312019516713917,0.0,0.2041859901510179,0.0,5242880,41943040,4.0,,,
PASS,False,1.0.0-local-freeze,65536,195957893,anderson_residual,True,True,11,9,11,0,11,0,11,1,12,0.03149593655357411,0.17138288692928347,0.9883559048175812,0.2722400830243714,0.158621633076109,0.0039482470019720495,0.0,0.15467338607413694,0.0,1441792,11534336,16.0,10,,
PASS,False,1.0.0-local-freeze,65536,195957893,commissioned_pi,True,True,28,20,28,2,26,0,28,1,29,0.03465045439895383,0.1207127580054231,0.9879203140735626,0.7816554948803969,0.06102522404398769,0.0011583640007302165,0.0026792220305651426,0.05718763801269233,0.0,3670016,29360128,3.0,25,,
FAIL_CONTRACT_TIMEOUT,False,1.0.0-local-freeze,65536,195957893,spsa,True,False,,,,0,14,26,40,0,,0.1822936830950049,0.44998964295137484,,0.8165599761414342,0.010856206994503736,0.0006975470460020006,0.0,0.0,0.010158659948501736,5242880,41943040,2.0,,,
PASS,False,1.0.0-local-freeze,65536,195957893,oracle,False,True,3,1,3,0,3,0,3,1,4,0.02326155910656238,0.001194162714866652,0.9949969351291656,0.06467599491588771,0.0006713500479236245,0.00036968401400372386,0.0,0.00030166603391990066,0.0,393216,3145728,1.0,2,,
FAIL_CONTRACT_TIMEOUT,False,1.0.0-local-freeze,65536,561759483,do_nothing,True,False,,,,0,40,0,40,0,,0.18223578634396942,0.45003596264499907,,0.8069066081661731,0.008783405006397516,8.941697888076305e-05,0.0,0.008693988027516752,0.0,5242880,41943040,1.0,,,
PASS,False,1.0.0-local-freeze,65536,561759483,retained_residual,True,True,11,9,11,0,11,0,11,1,12,0.03169065474597727,0.2120334718180532,0.9873439967632294,0.21895238501019776,0.06597947800764814,0.002456769987475127,0.0,0.06352270802017301,0.0,1441792,11534336,6.0,10,,
FAIL_CONTRACT_TIMEOUT,False,1.0.0-local-freeze,65536,561759483,diagonal_secant,True,False,,,,0,40,0,40,0,,0.036107928947622346,0.18508871415506584,,0.7775776348426007,0.1807477209949866,0.0019489499973133206,0.0,0.17879877099767327,0.0,5242880,41943040,4.0,,,
PASS,False,1.0.0-local-freeze,65536,561759483,anderson_residual,True,True,11,9,11,0,11,0,11,1,12,0.031507116155935426,0.16700797408519075,0.9884830415248871,0.25024358299560845,0.13371970393927768,0.004373233008664101,0.0,0.12934647093061358,0.0,1441792,11534336,16.0,10,,
PASS,False,1.0.0-local-freeze,65536,561759483,commissioned_pi,True,True,28,24,28,2,26,0,28,1,29,0.0346975616705754,0.12133188569521552,0.9880339801311493,0.5421433540177532,0.047101799049414694,0.001156007987447083,0.0012263310491107404,0.04471946001285687,0.0,3670016,29360128,3.0,25,,
FAIL_CONTRACT_TIMEOUT,False,1.0.0-local-freeze,65536,561759483,spsa,True,False,,,,0,14,26,40,0,,0.18220339672034908,0.4500340232579529,,0.7465808978886344,0.01013137714471668,0.0008532860083505511,0.0,0.0,0.009278091136366129,5242880,41943040,2.0,,,
PASS,False,1.0.0-local-freeze,65536,561759483,oracle,False,True,3,1,3,0,3,0,3,1,4,0.02325651812353147,0.0008737907236930572,0.994987279176712,0.07188599300570786,0.001047175086569041,0.0006620230269618332,0.0,0.0003851520596072078,0.0,393216,3145728,1.0,2,,
FAIL_CONTRACT_TIMEOUT,False,1.0.0-local-freeze,65536,295370387,do_nothing,True,False,,,,0,40,0,40,0,,0.18205282958349614,0.4500807897367569,,0.8610255871317349,0.00948040495859459,9.6180010586977e-05,0.0,0.009384224948007613,0.0,5242880,41943040,1.0,,,
PASS,False,1.0.0-local-freeze,65536,295370387,retained_residual,True,True,12,10,12,0,12,0,12,1,13,0.0309560869914378,0.21847108390431616,0.9875745177268982,0.3200848900596611,0.09780039294855669,0.006333610974252224,0.0,0.09146678197430447,0.0,1572864,12582912,6.0,11,,
FAIL_CONTRACT_TIMEOUT,False,1.0.0-local-freeze,65536,295370387,diagonal_secant,True,False,,,,0,40,0,40,0,,0.036376206971703115,0.19189478038973246,,0.972605899150949,0.23420480289496481,0.0020976599771529436,0.0,0.23210714291781187,0.0,5242880,41943040,4.0,,,
PASS,False,1.0.0-local-freeze,65536,295370387,anderson_residual,True,True,11,9,11,0,11,0,11,1,12,0.03139431039933841,0.1628847649275446,0.9885480403900146,0.26519419997930527,0.10873991815606132,0.002833381004165858,0.0,0.10590653715189546,0.0,1441792,11534336,16.0,10,,
PASS,False,1.0.0-local-freeze,65536,295370387,commissioned_pi,True,True,24,20,24,2,22,0,24,1,25,0.03482211804096661,0.12201604664952835,0.9879860281944275,0.5559052607277408,0.070309356902726,0.001020672032609582,0.0015023970045149326,0.06778628786560148,0.0,3145728,25165824,3.0,21,,
FAIL_CONTRACT_TIMEOUT,False,1.0.0-local-freeze,65536,295370387,spsa,True,False,,,,0,14,26,40,0,,0.1821242240916624,0.4500771104517194,,0.7203565410454758,0.01291349995881319,0.00294880400178954,0.0,0.0,0.00996469595702365,5242880,41943040,2.0,,,
PASS,False,1.0.0-local-freeze,65536,295370387,oracle,False,True,3,1,3,0,3,0,3,1,4,0.02331127932520192,0.0008918761237608112,0.9949960112571716,0.0635267699835822,0.0005962330033071339,0.00024191499687731266,0.0,0.00035431800642982125,0.0,393216,3145728,1.0,2,,
FAIL_CONTRACT_TIMEOUT,False,1.0.0-local-freeze,65536,2134251794,do_nothing,True,False,,,,0,40,0,40,0,,0.1818262716842172,0.4500390912589952,,0.7888721940107644,0.008061488100793213,0.00010622700210660696,0.0,0.007955261098686606,0.0,5242880,41943040,1.0,,,
PASS,False,1.0.0-local-freeze,65536,2134251794,retained_residual,True,True,12,10,12,0,12,0,12,1,13,0.03102702905941336,0.22065115565016305,0.9875184595584869,0.2519962090300396,0.0856063668616116,0.002956169017124921,0.0,0.08265019784448668,0.0,1572864,12582912,6.0,11,,
FAIL_CONTRACT_TIMEOUT,False,1.0.0-local-freeze,65536,2134251794,diagonal_secant,True,False,,,,0,40,0,40,0,,0.03671803687789362,0.19868756687711686,,0.815938993007876,0.18841537286061794,0.003269747016020119,0.0,0.18514562584459782,0.0,5242880,41943040,4.0,,,
PASS,False,1.0.0-local-freeze,65536,2134251794,anderson_residual,True,True,11,9,11,0,11,0,11,1,12,0.031435370956763874,0.17001029244212873,0.9884303510189056,0.24736568296793848,0.10758045199327171,0.0035072549944743514,0.0,0.10407319699879736,0.0,1441792,11534336,16.0,10,,
PASS,False,1.0.0-local-freeze,65536,2134251794,commissioned_pi,True,True,26,22,26,2,24,0,26,1,27,0.03433755083084497,0.12244538555513522,0.9880499541759491,0.5450027178740129,0.04143462498905137,0.0009800090338103473,0.001151113014202565,0.03930350294103846,0.0,3407872,27262976,3.0,23,,
FAIL_CONTRACT_TIMEOUT,False,1.0.0-local-freeze,65536,2134251794,spsa,True,False,,,,0,14,26,40,0,,0.18191682788028365,0.4500368791502524,,0.8216442330158316,0.007955267908982933,0.0010482369689270854,0.0,0.0,0.006907030940055847,5242880,41943040,2.0,,,
PASS,False,1.0.0-local-freeze,65536,2134251794,oracle,False,True,3,1,3,0,3,0,3,1,4,0.023313337677357947,0.00046293615112650725,0.9949836134910583,0.08142105996375903,0.0009271290036849678,0.0005096759996376932,0.0,0.0004174530040472746,0.0,393216,3145728,1.0,2,,
FAIL_CONTRACT_TIMEOUT,False,1.0.0-local-freeze,65536,1411606814,do_nothing,True,False,,,,0,40,0,40,0,,0.18195158824822505,0.45005941992652815,,1.0503335758694448,0.008599500870332122,8.808297570794821e-05,0.0,0.008511417894624174,0.0,5242880,41943040,1.0,,,
PASS,False,1.0.0-local-freeze,65536,1411606814,retained_residual,True,True,12,10,12,0,12,0,12,1,13,0.030813849043322142,0.22698739201580598,0.987331748008728,0.3111120189423673,0.09670306195039302,0.00630782003281638,0.0,0.09039524191757664,0.0,1572864,12582912,6.0,11,,
FAIL_CONTRACT_TIMEOUT,False,1.0.0-local-freeze,65536,1411606814,diagonal_secant,True,False,,,,0,40,0,40,0,,0.036308289425892586,0.1981463567444207,,0.8804852970060892,0.18167922511929646,0.0018356289947405457,0.0,0.17984359612455592,0.0,5242880,41943040,4.0,,,
PASS,False,1.0.0-local-freeze,65536,1411606814,anderson_residual,True,True,11,9,11,0,11,0,11,1,12,0.03142122309125409,0.17560775955007013,0.9882316291332245,0.3855811950052157,0.19490755896549672,0.003591874963603914,0.0,0.1913156840018928,0.0,1441792,11534336,16.0,10,,
PASS,False,1.0.0-local-freeze,65536,1411606814,commissioned_pi,True,True,26,24,26,2,24,0,26,1,27,0.034888421257403344,0.12044271405823527,0.9878979325294495,0.5184331040363759,0.045465040020644665,0.0011172789963893592,0.0011580020072869956,0.04318975901696831,0.0,3407872,27262976,3.0,23,,
FAIL_CONTRACT_TIMEOUT,False,1.0.0-local-freeze,65536,1411606814,spsa,True,False,,,,0,14,26,40,0,,0.18206477527251488,0.45005633024518965,,0.7439715377404355,0.01045150903519243,0.0005689330282621086,0.0,0.0,0.009882576006930321,5242880,41943040,2.0,,,
PASS,False,1.0.0-local-freeze,65536,1411606814,oracle,False,True,3,1,3,0,3,0,3,1,4,0.02323099779408626,0.0009334147898905827,0.9950032830238342,0.08142870897427201,0.0008896609651856124,0.0003438129788264632,0.0,0.0005458479863591492,0.0,393216,3145728,1.0,2,,
FAIL_CONTRACT_TIMEOUT,False,1.0.0-local-freeze,65536,2130388698,do_nothing,True,False,,,,0,40,0,40,0,,0.18224498947102402,0.4500427394477989,,0.8160339559544809,0.009427134122233838,8.945201989263296e-05,0.0,0.009337682102341205,0.0,5242880,41943040,1.0,,,
PASS,False,1.0.0-local-freeze,65536,2130388698,retained_residual,True,True,12,10,12,0,12,0,12,1,13,0.030809186909755832,0.20871161201596178,0.9878503978252411,0.26448017597431317,0.06995343399466947,0.006182899989653379,0.0,0.06377053400501609,0.0,1572864,12582912,6.0,11,,
FAIL_CONTRACT_TIMEOUT,False,1.0.0-local-freeze,65536,2130388698,diagonal_secant,True,False,,,,0,40,0,40,0,,0.036389041758558706,0.19584120018074233,,0.8249928439618088,0.1767102408921346,0.002528104989323765,0.0,0.17418213590281084,0.0,5242880,41943040,4.0,,,
PASS,False,1.0.0-local-freeze,65536,2130388698,anderson_residual,True,True,11,9,11,0,11,0,11,1,12,0.031639354038798355,0.15490521882529826,0.9887731671333313,0.22913583798799664,0.1113742750021629,0.003563841979485005,0.0,0.1078104330226779,0.0,1441792,11534336,16.0,10,,
PASS,False,1.0.0-local-freeze,65536,2130388698,commissioned_pi,True,True,24,20,24,2,22,0,24,1,25,0.03458862991713265,0.10894128362190077,0.9882310032844543,0.4994579170597717,0.04172609903616831,0.001089385012164712,0.0013611629838123918,0.0392755510401912,0.0,3145728,25165824,3.0,21,,
FAIL_CONTRACT_TIMEOUT,False,1.0.0-local-freeze,65536,2130388698,spsa,True,False,,,,0,14,26,40,0,,0.1822586584731844,0.4500406361599463,,0.8162709741736762,0.012106694863177836,0.000859663006849587,0.0,0.0,0.011247031856328249,5242880,41943040,2.0,,,
PASS,False,1.0.0-local-freeze,65536,2130388698,oracle,False,True,3,1,3,0,3,0,3,1,4,0.023264720425157932,0.0008569578506822652,0.9950105845928192,0.09738322289194912,0.011902016995009035,0.00033653900027275085,0.0,0.011565477994736284,0.0,393216,3145728,1.0,2,,
FAIL_CONTRACT_TIMEOUT,False,1.0.0-local-freeze,65536,305030663,do_nothing,True,False,,,,0,40,0,40,0,,0.1819606147341819,0.4500743684122488,,1.032898209115956,0.014431696909014136,8.48279451020062e-05,0.0,0.01434686896391213,0.0,5242880,41943040,1.0,,,
PASS,False,1.0.0-local-freeze,65536,305030663,retained_residual,True,True,12,10,12,0,12,0,12,1,13,0.03082921491845469,0.22708001329813843,0.9873212575912476,0.30577876698225737,0.06651024398161098,0.0030084860045462847,0.0,0.0635017579770647,0.0,1572864,12582912,6.0,11,,
FAIL_CONTRACT_TIMEOUT,False,1.0.0-local-freeze,65536,305030663,diagonal_secant,True,False,,,,0,40,0,40,0,,0.03589515791895365,0.20420810542799608,,0.87503557279706,0.2339764919015579,0.0028498980100266635,0.0,0.23112659389153123,0.0,5242880,41943040,4.0,,,
PASS,False,1.0.0-local-freeze,65536,305030663,anderson_residual,True,True,11,9,11,0,11,0,11,1,12,0.03140603152090281,0.17700846167435966,0.9883008003234863,0.26950239803409204,0.11830803286284208,0.004231977974995971,0.0,0.11407605488784611,0.0,1441792,11534336,16.0,10,,
PASS,False,1.0.0-local-freeze,65536,305030663,commissioned_pi,True,True,22,20,22,2,20,0,22,1,23,0.0346109148525198,0.1258379908620387,0.9880262315273285,0.441316323063802,0.04089866206049919,0.000846467970404774,0.0023532629711553454,0.03769893111893907,0.0,2883584,23068672,3.0,19,,
FAIL_CONTRACT_TIMEOUT,False,1.0.0-local-freeze,65536,305030663,spsa,True,False,,,,0,14,26,40,0,,0.181976767660192,0.45007335361146333,,0.7398826641147025,0.01036946609383449,0.0011071419576182961,0.0,0.0,0.009262324136216193,5242880,41943040,2.0,,,
PASS,False,1.0.0-local-freeze,65536,305030663,oracle,False,True,3,1,3,0,3,0,3,1,4,0.023224422806986868,0.0006613069907219863,0.9949917197227478,0.08367158094188198,0.0009774530190043151,0.00025957199977710843,0.0,0.0007178810192272067,0.0,393216,3145728,1.0,2,,
FAIL_CONTRACT_TIMEOUT,False,1.0.0-local-freeze,65536,484958000,do_nothing,True,False,,,,0,40,0,40,0,,0.1821854368942722,0.450021737477278,,0.8258286372292787,0.009375590016134083,9.871699148789048e-05,0.0,0.009276873024646193,0.0,5242880,41943040,1.0,,,
PASS,False,1.0.0-local-freeze,65536,484958000,retained_residual,True,True,12,10,12,0,12,0,12,1,13,0.030973632520461293,0.21515774453786846,0.9877154231071472,0.22898200689814985,0.06835506111383438,0.004539310990367085,0.0,0.0638157501234673,0.0,1572864,12582912,6.0,11,,
FAIL_CONTRACT_TIMEOUT,False,1.0.0-local-freeze,65536,484958000,diagonal_secant,True,False,,,,0,40,0,40,0,,0.03571056763711488,0.19819321412989369,,0.806085177056957,0.19581887341337278,0.002220942988060415,0.0,0.19359793042531237,0.0,5242880,41943040,4.0,,,
PASS,False,1.0.0-local-freeze,65536,484958000,anderson_residual,True,True,11,9,11,0,11,0,11,1,12,0.031610748111221554,0.1598024486977459,0.9886518716812134,0.22969332098728046,0.12736143986694515,0.003236772958189249,0.0,0.1241246669087559,0.0,1441792,11534336,16.0,10,,
PASS,False,1.0.0-local-freeze,65536,484958000,commissioned_pi,True,True,25,23,25,2,23,0,25,1,26,0.034911002177720675,0.1126702136855905,0.9880793988704681,0.4941383191617206,0.05062341596931219,0.001473015989176929,0.0009697520290501416,0.04818064795108512,0.0,3276800,26214400,3.0,22,,
FAIL_CONTRACT_TIMEOUT,False,1.0.0-local-freeze,65536,484958000,spsa,True,False,,,,0,14,26,40,0,,0.18218979274152236,0.4500181359802476,,0.7381799581344239,0.009005817119032145,0.0006794339860789478,0.0,0.0,0.008326383132953197,5242880,41943040,2.0,,,
PASS,False,1.0.0-local-freeze,65536,484958000,oracle,False,True,3,1,3,0,3,0,3,1,4,0.023134047007982335,0.0010895101209937312,0.9950013160705566,0.07144361094105989,0.0007654840010218322,0.00035118800587952137,0.0,0.00041429599514231086,0.0,393216,3145728,1.0,2,,
FAIL_CONTRACT_TIMEOUT,False,1.0.0-local-freeze,65536,668379286,do_nothing,True,False,,,,0,40,0,40,0,,0.1821756859185069,0.45001237982312714,,0.7639263870078139,0.008274564170278609,9.016599506139755e-05,0.0,0.008184398175217211,0.0,5242880,41943040,1.0,,,
PASS,False,1.0.0-local-freeze,65536,668379286,retained_residual,True,True,12,10,12,0,12,0,12,1,13,0.030995288455107767,0.22168662023407584,0.9875723421573639,0.2603759990306571,0.0672716828994453,0.0032501399982720613,0.0,0.06402154290117323,0.0,1572864,12582912,6.0,11,,
FAIL_CONTRACT_TIMEOUT,False,1.0.0-local-freeze,65536,668379286,diagonal_secant,True,False,,,,0,40,0,40,0,,0.03673523670543123,0.19236835778903943,,0.995401187101379,0.2084145049448125,0.003457412007264793,0.0,0.2049570929375477,0.0,5242880,41943040,4.0,,,
PASS,False,1.0.0-local-freeze,65536,668379286,anderson_residual,True,True,11,9,11,0,11,0,11,1,12,0.03145486685427622,0.17205687249556764,0.9884225130081177,0.30976177094271407,0.1364466660306789,0.004360658000223339,0.0,0.13208600803045556,0.0,1441792,11534336,16.0,10,,
PASS,False,1.0.0-local-freeze,65536,668379286,commissioned_pi,True,True,30,24,30,2,28,0,30,1,31,0.03461797805954808,0.12080784253245351,0.9880297183990479,0.7203497709706426,0.0632703090668656,0.0009242770029231906,0.0017923280247487128,0.06055370403919369,0.0,3932160,31457280,3.0,27,,
FAIL_CONTRACT_TIMEOUT,False,1.0.0-local-freeze,65536,668379286,spsa,True,False,,,,0,14,26,40,0,,0.18221404159933283,0.45000942775897806,,0.9484322150819935,0.011883282044436783,0.0012840430135838687,0.0,0.0,0.010599239030852914,5242880,41943040,2.0,,,
PASS,False,1.0.0-local-freeze,65536,668379286,oracle,False,True,3,1,3,0,3,0,3,1,4,0.023199736077755818,0.0006946536121580156,0.9950142502784729,0.06269897398306057,0.001142029999755323,0.00034463999327272177,0.0,0.0007973900064826012,0.0,393216,3145728,1.0,2,,
FAIL_CONTRACT_TIMEOUT,False,1.0.0-local-freeze,65536,2091457751,do_nothing,True,False,,,,0,40,0,40,0,,0.18207176870475536,0.450082165258743,,0.7735246168449521,0.008920568972826004,6.852700607851148e-05,0.0,0.008852041966747493,0.0,5242880,41943040,1.0,,,
PASS,False,1.0.0-local-freeze,65536,2091457751,retained_residual,True,True,11,9,11,0,11,0,11,1,12,0.03175365914788058,0.22109832553323513,0.9870943129062653,0.44863410107791424,0.07995353103615344,0.004396100004669279,0.0,0.07555743103148416,0.0,1441792,11534336,6.0,10,,
FAIL_CONTRACT_TIMEOUT,False,1.0.0-local-freeze,65536,2091457751,diagonal_secant,True,False,,,,0,40,0,40,0,,0.035594019882022564,0.20022590520278988,,0.9490064167766832,0.19336444087093696,0.002960231970064342,0.0,0.19040420890087262,0.0,5242880,41943040,4.0,,,
PASS,False,1.0.0-local-freeze,65536,2091457751,anderson_residual,True,True,11,9,11,0,11,0,11,1,12,0.03151171442826489,0.16881055867515107,0.988441526889801,0.2532814820879139,0.12446362298214808,0.003012346976902336,0.0,0.12145127600524575,0.0,1441792,11534336,16.0,10,,
PASS,False,1.0.0-local-freeze,65536,2091457751,commissioned_pi,True,True,26,22,26,2,24,0,26,1,27,0.03462970113649216,0.1120993981976752,0.9880538582801819,0.5828990921145305,0.051112860965076834,0.0011193289537914097,0.003827966982498765,0.04616556502878666,0.0,3407872,27262976,3.0,23,,
FAIL_CONTRACT_TIMEOUT,False,1.0.0-local-freeze,65536,2091457751,spsa,True,False,,,,0,14,26,40,0,,0.18211356415175364,0.45008015600291806,,0.747469060937874,0.00972726900363341,0.0010718519915826619,0.0,0.0,0.008655417012050748,5242880,41943040,2.0,,,
PASS,False,1.0.0-local-freeze,65536,2091457751,oracle,False,True,3,1,3,0,3,0,3,1,4,0.023267894056918252,0.0012874954576217721,0.9949951767921448,0.06185943790478632,0.0012829509796574712,0.0009500430314801633,0.0,0.00033290794817730784,0.0,393216,3145728,1.0,2,,
FAIL_CONTRACT_TIMEOUT,False,1.0.0-local-freeze,65536,427837642,do_nothing,True,False,,,,0,40,0,40,0,,0.18207344380797003,0.4500971463158569,,0.7269051692564972,0.011793675948865712,6.791000487282872e-05,0.0,0.011725765943992883,0.0,5242880,41943040,1.0,,,
PASS,False,1.0.0-local-freeze,65536,427837642,retained_residual,True,True,12,10,12,0,12,0,12,1,13,0.031032198456576062,0.22389817870796214,0.9874266684055328,0.27545029687462375,0.06010026793228462,0.0026424209936521947,0.0,0.05745784693863243,0.0,1572864,12582912,6.0,11,,
FAIL_CONTRACT_TIMEOUT,False,1.0.0-local-freeze,65536,427837642,diagonal_secant,True,False,,,,0,40,0,40,0,,0.0366437655791393,0.19857767389309083,,0.9835317102260888,0.21473012084607035,0.002232130034826696,0.0,0.21249799081124365,0.0,5242880,41943040,4.0,,,
PASS,False,1.0.0-local-freeze,65536,427837642,anderson_residual,True,True,11,9,11,0,11,0,11,1,12,0.031513451316863374,0.17749498548413545,0.9882470965385437,0.2713142558350228,0.13221529201837257,0.0037261920515447855,0.0,0.12848909996682778,0.0,1441792,11534336,16.0,10,,
PASS,False,1.0.0-local-freeze,65536,427837642,commissioned_pi,True,True,26,22,26,2,24,0,26,1,27,0.03469148055485686,0.11447517155564237,0.9880470335483551,0.5379623241024092,0.042995136871468276,0.0009369680192321539,0.0013447650126181543,0.04071340383961797,0.0,3407872,27262976,3.0,23,,
FAIL_CONTRACT_TIMEOUT,False,1.0.0-local-freeze,65536,427837642,spsa,True,False,,,,0,14,26,40,0,,0.18200643167184588,0.450095930877807,,0.7668065600446425,0.012808718893211335,0.0031171849695965648,0.0,0.0,0.00969153392361477,5242880,41943040,2.0,,,
PASS,False,1.0.0-local-freeze,65536,427837642,oracle,False,True,3,1,3,0,3,0,3,1,4,0.023387644616473406,0.0016352916452423644,0.9949942529201508,0.06595483497949317,0.002947236062027514,0.00039140600711107254,0.0,0.0025558300549164414,0.0,393216,3145728,1.0,2,,
FAIL_CONTRACT_TIMEOUT,False,1.0.0-local-freeze,65536,1523209647,do_nothing,True,False,,,,0,40,0,40,0,,0.18225431503328934,0.4500738053662033,,0.7548823308316059,0.008892923826351762,9.502802276983857e-05,0.0,0.008797895803581923,0.0,5242880,41943040,1.0,,,
PASS,False,1.0.0-local-freeze,65536,1523209647,retained_residual,True,True,12,10,12,0,12,0,12,1,13,0.030817498349767627,0.22285641022910604,0.9874528646469116,0.25543718796689063,0.06621329812332988,0.0029229490319266915,0.0,0.06329034909140319,0.0,1572864,12582912,6.0,11,,
FAIL_CONTRACT_TIMEOUT,False,1.0.0-local-freeze,65536,1523209647,diagonal_secant,True,False,,,,0,40,0,40,0,,0.03577727145282563,0.20464113470330172,,0.851952602097299,0.1974129439331591,0.0030184980132617056,0.0,0.1943944459198974,0.0,5242880,41943040,4.0,,,
PASS,False,1.0.0-local-freeze,65536,1523209647,anderson_residual,True,True,11,9,11,0,11,0,11,1,12,0.03133051274393288,0.1678952159316433,0.9885406792163849,0.28139681002357975,0.1135365319205448,0.004480251984205097,0.0,0.1090562799363397,0.0,1441792,11534336,16.0,10,,
PASS,False,1.0.0-local-freeze,65536,1523209647,commissioned_pi,True,True,26,24,26,2,24,0,26,1,27,0.03488347929140976,0.11758946781696429,0.9879955947399139,0.4943273541284725,0.05360854015452787,0.0010670970077626407,0.0009824710432440042,0.05155897210352123,0.0,3407872,27262976,3.0,23,,
FAIL_CONTRACT_TIMEOUT,False,1.0.0-local-freeze,65536,1523209647,spsa,True,False,,,,0,14,26,40,0,,0.18216292398464468,0.4500716678847059,,0.7807939230115153,0.008924105204641819,0.0008828489808365703,0.0,0.0,0.008041256223805249,5242880,41943040,2.0,,,
PASS,False,1.0.0-local-freeze,65536,1523209647,oracle,False,True,3,1,3,0,3,0,3,1,4,0.02331085561605717,0.001727030013792587,0.9950021803379059,0.06960259593324736,0.0009443459566682577,0.00032427796395495534,0.0,0.0006200679927133024,0.0,393216,3145728,1.0,2,,
FAIL_CONTRACT_TIMEOUT,False,1.0.0-local-freeze,65536,1177627976,do_nothing,True,False,,,,0,40,0,40,0,,0.18213589521992257,0.45003849364294746,,0.8000525030074641,0.00937904993770644,7.31439795345068e-05,0.0,0.009305905958171934,0.0,5242880,41943040,1.0,,,
PASS,False,1.0.0-local-freeze,65536,1177627976,retained_residual,True,True,12,10,12,0,12,0,12,1,13,0.03092404037664127,0.22625190339750834,0.9874086380004883,0.26776804809924215,0.06943104200763628,0.005087880999781191,0.0,0.06434316100785509,0.0,1572864,12582912,6.0,11,,
FAIL_CONTRACT_TIMEOUT,False,1.0.0-local-freeze,65536,1177627976,diagonal_secant,True,False,,,,0,40,0,40,0,,0.03643029667314739,0.1932853241828805,,0.8843810049002059,0.1897364102769643,0.002882493019569665,0.0,0.18685391725739464,0.0,5242880,41943040,4.0,,,
PASS,False,1.0.0-local-freeze,65536,1177627976,anderson_residual,True,True,11,9,11,0,11,0,11,1,12,0.03137897754490223,0.16988173880014626,0.9885125458240509,0.2671787709114142,0.11474770487984642,0.003456151986028999,0.0,0.11129155289381742,0.0,1441792,11534336,16.0,10,,
PASS,False,1.0.0-local-freeze,65536,1177627976,commissioned_pi,True,True,26,20,26,2,24,0,26,1,27,0.03468847518288594,0.11376666312378494,0.9881629049777985,0.5495785388629884,0.04305241606198251,0.0012646730174310505,0.00095158297335729,0.04083616007119417,0.0,3407872,27262976,3.0,23,,
FAIL_CONTRACT_TIMEOUT,False,1.0.0-local-freeze,65536,1177627976,spsa,True,False,,,,0,14,26,40,0,,0.18218731636683408,0.4500348578265083,,0.7296082151588053,0.008962071035057306,0.0007220759871415794,0.0,0.0,0.008239995047915727,5242880,41943040,2.0,,,
PASS,False,1.0.0-local-freeze,65536,1177627976,oracle,False,True,3,1,3,0,3,0,3,1,4,0.02324957951059445,0.0009592270870838982,0.9950118660926819,0.06497707800008357,0.0010218199458904564,0.0005980439600534737,0.0,0.0004237759858369827,0.0,393216,3145728,1.0,2,,
FAIL_CONTRACT_TIMEOUT,False,1.0.0-local-freeze,65536,822056531,do_nothing,True,False,,,,0,40,0,40,0,,0.18236017497425086,0.4500007760644548,,0.8008955138502643,0.008364795008674264,0.00010473694419488311,0.0,0.00826005806447938,0.0,5242880,41943040,1.0,,,
PASS,False,1.0.0-local-freeze,65536,822056531,retained_residual,True,True,12,10,12,0,12,0,12,1,13,0.030972046071926967,0.21913878283063898,0.9876061081886292,0.2711128211230971,0.07936974993208423,0.004530299978796393,0.0,0.07483944995328784,0.0,1572864,12582912,6.0,11,,
FAIL_CONTRACT_TIMEOUT,False,1.0.0-local-freeze,65536,822056531,diagonal_secant,True,False,,,,0,40,0,40,0,,0.035815039570537464,0.1924006475046558,,0.7784745242097415,0.18679094704566523,0.003553404996637255,0.0,0.18323754204902798,0.0,5242880,41943040,4.0,,,
PASS,False,1.0.0-local-freeze,65536,822056531,anderson_residual,True,True,11,9,11,0,11,0,11,1,12,0.03144779536233822,0.16485823224165136,0.9885551333427429,0.24382791307289153,0.10306335001951084,0.004192933032754809,0.0,0.09887041698675603,0.0,1441792,11534336,16.0,10,,
PASS,False,1.0.0-local-freeze,65536,822056531,commissioned_pi,True,True,26,20,26,2,24,0,26,1,27,0.034769004629421216,0.11356849049510276,0.9881145358085632,0.4430184268858284,0.04038244090043008,0.0011079919640906155,0.0016525659593753517,0.037621882976964116,0.0,3407872,27262976,3.0,23,,
FAIL_CONTRACT_TIMEOUT,False,1.0.0-local-freeze,65536,822056531,spsa,True,False,,,,0,14,26,40,0,,0.18234549839702907,0.4499977129280985,,0.7678609669092111,0.008941656968090683,0.000881258980371058,0.0,0.0,0.008060397987719625,5242880,41943040,2.0,,,
PASS,False,1.0.0-local-freeze,65536,822056531,oracle,False,True,3,1,3,0,3,0,3,1,4,0.023176137944377572,0.001809329891302324,0.9950172305107117,0.07847783796023577,0.0006917600403539836,0.0003437580307945609,0.0,0.00034800200955942273,0.0,393216,3145728,1.0,2,,
FAIL_CONTRACT_TIMEOUT,False,1.0.0-local-freeze,65536,445399178,do_nothing,True,False,,,,0,40,0,40,0,,0.1823435513266248,0.4500971984188933,,1.119841436157003,0.007655249966774136,7.62459821999073e-05,0.0,0.0075790039845742285,0.0,5242880,41943040,1.0,,,
PASS,False,1.0.0-local-freeze,65536,445399178,retained_residual,True,True,12,10,12,0,12,0,12,1,13,0.03084863957279886,0.22792378006069283,0.9874138832092285,0.3760438988683745,0.11839769908692688,0.008638904022518545,0.0,0.10975879506440833,0.0,1572864,12582912,6.0,11,,
FAIL_CONTRACT_TIMEOUT,False,1.0.0-local-freeze,65536,445399178,diagonal_secant,True,False,,,,0,40,0,40,0,,0.03592051584720619,0.19834913516443994,,0.8137324871495366,0.18671783892204985,0.00270369800273329,0.0,0.18401414091931656,0.0,5242880,41943040,4.0,,,
PASS,False,1.0.0-local-freeze,65536,445399178,anderson_residual,True,True,11,9,11,0,11,0,11,1,12,0.03134286160066844,0.16689402331320236,0.9885596334934235,0.25063207594212145,0.12356643506791443,0.0031871230457909405,0.0,0.12037931202212349,0.0,1441792,11534336,16.0,10,,
PASS,False,1.0.0-local-freeze,65536,445399178,commissioned_pi,True,True,22,18,22,2,20,0,22,1,23,0.03452126664558561,0.11725462688394919,0.9880594909191132,0.4609406069503166,0.03898130904417485,0.0016471780254505575,0.0015412879874929786,0.035792843031231314,0.0,2883584,23068672,3.0,19,,
FAIL_CONTRACT_TIMEOUT,False,1.0.0-local-freeze,65536,445399178,spsa,True,False,,,,0,14,26,40,0,,0.18244152422926352,0.4500958824647374,,0.9681507340283133,0.011231670039705932,0.0008694449788890779,0.0,0.0,0.010362225060816854,5242880,41943040,2.0,,,
PASS,False,1.0.0-local-freeze,65536,445399178,oracle,False,True,3,1,3,0,3,0,3,1,4,0.02317314117649921,0.0008388129339780961,0.9950162470340729,0.06452258297940716,0.0006398209952749312,0.000276697042863816,0.0,0.00036312395241111517,0.0,393216,3145728,1.0,2,,
FAIL_CONTRACT_TIMEOUT,False,1.0.0-local-freeze,65536,1242705187,do_nothing,True,False,,,,0,40,0,40,0,,0.18221912945205404,0.4500237711038993,,0.7460726043209434,0.010405873123090714,7.495202589780092e-05,0.0,0.010330921097192913,0.0,5242880,41943040,1.0,,,
PASS,False,1.0.0-local-freeze,65536,1242705187,retained_residual,True,True,12,10,12,0,12,0,12,1,13,0.030852673914020055,0.22011447735811926,0.9875536859035492,0.23754309793002903,0.06756306497845799,0.002913189004175365,0.0,0.06464987597428262,0.0,1572864,12582912,6.0,11,,
FAIL_CONTRACT_TIMEOUT,False,1.0.0-local-freeze,65536,1242705187,diagonal_secant,True,False,,,,0,40,0,40,0,,0.03621460564254913,0.19909896623387677,,0.8134389472543262,0.22174262773478404,0.0024637540336698294,0.0,0.2192788737011142,0.0,5242880,41943040,4.0,,,
PASS,False,1.0.0-local-freeze,65536,1242705187,anderson_residual,True,True,11,9,11,0,11,0,11,1,12,0.03151658534172237,0.16382821614101722,0.9885134100914001,0.25020951201440766,0.11193624616134912,0.0025047730305232108,0.0,0.10943147313082591,0.0,1441792,11534336,16.0,10,,
PASS,False,1.0.0-local-freeze,65536,1242705187,commissioned_pi,True,True,28,23,28,2,26,0,28,1,29,0.034785447332654026,0.11423069075198512,0.9880737364292145,0.5581248399685137,0.052341703965794295,0.0013687449973076582,0.0015101429889909923,0.049462815979495645,0.0,3670016,29360128,3.0,25,,
FAIL_CONTRACT_TIMEOUT,False,1.0.0-local-freeze,65536,1242705187,spsa,True,False,,,,0,14,26,40,0,,0.18218760676870963,0.45002166623825346,,0.7107136159320362,0.012487056024838239,0.0006400819984264672,0.0,0.0,0.011846974026411772,5242880,41943040,2.0,,,
PASS,False,1.0.0-local-freeze,65536,1242705187,oracle,False,True,3,1,3,0,3,0,3,1,4,0.023332769147238065,0.0006304168497304371,0.9949887692928314,0.06881566200172529,0.0008950919145718217,0.00038607395254075527,0.0,0.0005090179620310664,0.0,393216,3145728,1.0,2,,
