status,development_run,protocol_version,width,seed,controller,ranked,contract_success,acquisitions_to_contract,first_monitor_pass_acquisition,confirmed_monitor_entry_acquisition,commissioning_acquisitions,ordinary_monitor_acquisitions,probe_acquisitions,total_monitor_acquisitions,payload_validation_acquisitions,total_quantum_executions_to_usable,final_measured_monitor_rmse,final_evaluator_only_phase_rmse,payload_bitwise_zero_probability_at_entry,simulator_runtime_seconds,host_update_seconds,host_controller_initialization_seconds,host_commissioning_seconds,host_ordinary_update_seconds,host_probe_update_seconds,traffic_scalars,traffic_bytes_float64,controller_mutable_float_words_per_channel,controller_updates_to_contract,error_type,error_message
PASS,False,1.0.0-local-freeze,4,1239900679,retained_residual,True,True,13,6,13,0,13,0,13,1,14,0.024473499426659575,0.04857098011324515,0.9921875,0.007645576901268214,0.0015703450771979988,0.00014547904720529914,0.0,0.0014248660299926996,0.0,104,832,6.0,12,,
PASS,False,1.0.0-local-freeze,4,1239900679,anderson_residual,True,True,13,6,13,0,13,0,13,1,14,0.023529824567076772,0.05302707525925832,0.9912109375,0.009716276836115867,0.005300537042785436,0.0002884979476220906,0.0,0.005012039095163345,0.0,104,832,16.0,12,,
PASS,False,1.0.0-local-freeze,4,1239900679,full_broyden,True,True,6,4,6,0,6,0,6,1,7,0.022688993273476347,0.039391910849161986,0.99169921875,0.004031451186165214,0.0020666890195570886,0.00024879799457266927,0.0,0.0018178910249844193,0.0,48,384,7.0,5,,
PASS,False,1.0.0-local-freeze,4,1239900679,dense_fd,True,True,39,18,39,5,34,0,39,1,40,0.023151882629796956,0.053332694473924386,0.9892578125,0.024992797058075666,0.0069882930256426334,9.283103281632066e-05,3.6090961657464504e-05,0.006859371031168848,0.0,312,2496,5.0,33,,
PASS,False,1.0.0-local-freeze,4,1239900679,oracle,False,True,3,1,3,0,3,0,3,1,4,0.022976149320859684,1.3877787807814457e-17,0.9951171875,0.0010965749388560653,6.458093412220478e-05,3.424898022785783e-05,0.0,3.0331953894346952e-05,0.0,24,192,1.0,2,,
PASS,False,1.0.0-local-freeze,4,1573996,retained_residual,True,True,26,6,26,0,26,0,26,1,27,0.0289471414376901,0.054893787089542616,0.994140625,0.02052586484933272,0.004592626180965453,0.00014164502499625087,0.0,0.0044509811559692025,0.0,208,1664,6.0,25,,
PASS,False,1.0.0-local-freeze,4,1573996,anderson_residual,True,True,118,28,118,0,118,0,118,1,119,0.029449320580331347,0.11734628643046455,0.98193359375,0.06748885655542836,0.05296499282121658,0.00012621597852557898,0.0,0.052838776842691004,0.0,944,7552,16.0,117,,
PASS,False,1.0.0-local-freeze,4,1573996,full_broyden,True,True,13,6,13,0,13,0,13,1,14,0.0323209824339343,0.0480344275195386,0.99462890625,0.014055164938326925,0.0032205850002355874,0.0002591949887573719,0.0,0.0029613900114782155,0.0,104,832,7.0,12,,
PASS,False,1.0.0-local-freeze,4,1573996,dense_fd,True,True,20,12,20,5,15,0,20,1,21,0.022293461581782244,0.04786634726846816,0.9951171875,0.010141044680494815,0.005116864922456443,5.933298962190747e-05,2.1821993868798018e-05,0.005035709938965738,0.0,160,1280,5.0,14,,
PASS,False,1.0.0-local-freeze,4,1573996,oracle,False,True,3,1,3,0,3,0,3,1,4,0.02992714977334483,0.0,0.99755859375,0.0064301760867238045,0.0002006489667110145,7.665297016501427e-05,0.0,0.00012399599654600024,0.0,24,192,1.0,2,,
PASS,False,1.0.0-local-freeze,4,1558604323,retained_residual,True,True,13,8,13,0,13,0,13,1,14,0.023593068397225893,0.02450120677200739,0.9921875,0.005860647885128856,0.00160491798305884,0.00022012495901435614,0.0,0.001384793024044484,0.0,104,832,6.0,12,,
PASS,False,1.0.0-local-freeze,4,1558604323,anderson_residual,True,True,9,7,9,0,9,0,9,1,10,0.021427078138272614,0.023645687683765463,0.9931640625,0.004300234082620591,0.0019257828244008124,0.00019866396905854344,0.0,0.001727118855342269,0.0,72,576,16.0,8,,
PASS,False,1.0.0-local-freeze,4,1558604323,full_broyden,True,True,14,9,14,0,14,0,14,1,15,0.012645329603105614,0.0580288890863537,0.98583984375,0.007779860985465348,0.003631258849054575,0.00021221197675913572,0.0,0.0034190468722954392,0.0,112,896,7.0,13,,
PASS,False,1.0.0-local-freeze,4,1558604323,dense_fd,True,True,11,9,11,5,6,0,11,1,12,0.02268636609230981,0.039782747541144706,0.990234375,0.0068334119860082865,0.0018887929618358612,9.684101678431034e-05,1.978897489607334e-05,0.0017721629701554775,0.0,88,704,5.0,5,,
PASS,False,1.0.0-local-freeze,4,1558604323,oracle,False,True,3,1,3,0,3,0,3,1,4,0.01362547493903049,0.0,0.99365234375,0.002751633001025766,0.00010756799019873142,4.178797826170921e-05,0.0,6.578001193702221e-05,0.0,24,192,1.0,2,,
PASS,False,1.0.0-local-freeze,4,1280968996,retained_residual,True,True,12,7,12,0,12,0,12,1,13,0.026600126656252263,0.011407163476760223,0.994140625,0.009835892939008772,0.0026263620238751173,0.000211414007935673,0.0,0.0024149480159394443,0.0,96,768,6.0,11,,
PASS,False,1.0.0-local-freeze,4,1280968996,anderson_residual,True,True,12,7,12,0,12,0,12,1,13,0.027481820426401425,0.03287454815735254,0.9921875,0.009376618079841137,0.005951913946773857,0.00020847102859988809,0.0,0.005743442918173969,0.0,96,768,16.0,11,,
PASS,False,1.0.0-local-freeze,4,1280968996,full_broyden,True,True,8,4,8,0,8,0,8,1,9,0.021714795527891007,0.04386770491188772,0.99072265625,0.0052270100568421185,0.0019974149763584137,0.00021480798022821546,0.0,0.0017826069961301982,0.0,64,512,7.0,7,,
PASS,False,1.0.0-local-freeze,4,1280968996,dense_fd,True,True,14,10,14,5,9,0,14,1,15,0.03084202532212272,0.03927372801852323,0.9912109375,0.012364599970169365,0.002851380966603756,8.341495413333178e-05,3.84559971280396e-05,0.0027295100153423846,0.0,112,896,5.0,8,,
PASS,False,1.0.0-local-freeze,4,1280968996,oracle,False,True,3,1,3,0,3,0,3,1,4,0.011406881236546549,0.0,0.99462890625,0.0024002030841074884,8.815800538286567e-05,3.6026991438120604e-05,0.0,5.2131013944745064e-05,0.0,24,192,1.0,2,,
PASS,False,1.0.0-local-freeze,4,946144272,retained_residual,True,True,18,6,18,0,18,0,18,1,19,0.01807836188554319,0.041077774669197736,0.99267578125,0.011604120896663517,0.0030921338475309312,0.00023393199080601335,0.0,0.002858201856724918,0.0,144,1152,6.0,17,,
PASS,False,1.0.0-local-freeze,4,946144272,anderson_residual,True,True,11,6,11,0,11,0,11,1,12,0.02759032112150396,0.09135672356877779,0.98193359375,0.015624346968252212,0.003733063058461994,0.00020472804317250848,0.0,0.0035283350152894855,0.0,88,704,16.0,10,,
PASS,False,1.0.0-local-freeze,4,946144272,full_broyden,True,True,9,7,9,0,9,0,9,1,10,0.030625054884880865,0.03811740358440096,0.9921875,0.010764949955046177,0.0032268649083562195,0.00023149099433794618,0.0,0.0029953739140182734,0.0,72,576,7.0,8,,
PASS,False,1.0.0-local-freeze,4,946144272,dense_fd,True,True,15,13,15,5,10,0,15,1,16,0.03264119983274667,0.04651906319385685,0.9912109375,0.01698531402507797,0.002740942931268364,9.715295163914561e-05,4.125497071072459e-05,0.002602535008918494,0.0,120,960,5.0,9,,
PASS,False,1.0.0-local-freeze,4,946144272,oracle,False,True,4,2,4,0,4,0,4,1,5,0.022969014172754047,0.0,0.9951171875,0.0021639479673467577,0.00013034493895247579,4.155997885391116e-05,0.0,8.878496009856462e-05,0.0,32,256,1.0,3,,
PASS,False,1.0.0-local-freeze,4,1536741766,retained_residual,True,True,8,6,8,0,8,0,8,1,9,0.02221344304184003,0.04635512878230563,0.99365234375,0.00990526401437819,0.0054461529944092035,0.00020477600628510118,0.0,0.005241376988124102,0.0,64,512,6.0,7,,
PASS,False,1.0.0-local-freeze,4,1536741766,anderson_residual,True,True,15,8,15,0,15,0,15,1,16,0.030058559643265658,0.05456498173008206,0.99169921875,0.00936828990234062,0.016431936877779663,0.00017016800120472908,0.0,0.016261768876574934,0.0,120,960,16.0,14,,
PASS,False,1.0.0-local-freeze,4,1536741766,full_broyden,True,True,8,6,8,0,8,0,8,1,9,0.01614007744686638,0.0511694438845991,0.99267578125,0.004040399915538728,0.0021100399899296463,0.0002466220175847411,0.0,0.0018634179723449051,0.0,64,512,7.0,7,,
FAIL_CONTRACT_TIMEOUT,False,1.0.0-local-freeze,4,1536741766,dense_fd,True,False,,,,5,175,0,180,0,,0.31170844919112217,1.8910704368550437,,0.12085851334268227,0.035397946659941226,7.542403182014823e-05,3.841996658593416e-05,0.035284102661535144,0.0,1440,11520,5.0,,,
PASS,False,1.0.0-local-freeze,4,1536741766,oracle,False,True,3,1,3,0,3,0,3,1,4,0.01907814884418619,0.0,0.99609375,0.0026992789935320616,0.00010657304665073752,3.905600169673562e-05,0.0,6.75170449540019e-05,0.0,24,192,1.0,2,,
PASS,False,1.0.0-local-freeze,4,2015248058,retained_residual,True,True,9,7,9,0,9,0,9,1,10,0.030166683862656668,0.03666334610297005,0.99462890625,0.006275916937738657,0.006904754030983895,0.00018918304704129696,0.0,0.006715570983942598,0.0,72,576,6.0,8,,
PASS,False,1.0.0-local-freeze,4,2015248058,anderson_residual,True,True,16,10,16,0,16,0,16,1,17,0.029676646206065437,0.02411068512496938,0.99462890625,0.009049172047525644,0.00485536694759503,0.0005956359673291445,0.0,0.004259730980265886,0.0,128,1024,16.0,15,,
PASS,False,1.0.0-local-freeze,4,2015248058,full_broyden,True,True,6,4,6,0,6,0,6,1,7,0.03190662049798565,0.04091960782213914,0.9931640625,0.004278775071725249,0.005425265000667423,0.00012597802560776472,0.0,0.005299286975059658,0.0,48,384,7.0,5,,
PASS,False,1.0.0-local-freeze,4,2015248058,dense_fd,True,True,13,11,13,5,8,0,13,1,14,0.030186435830766408,0.051955477384588784,0.99169921875,0.008403603860642761,0.001716642000246793,8.026399882510304e-05,3.2517011277377605e-05,0.0016038609901443124,0.0,104,832,5.0,7,,
PASS,False,1.0.0-local-freeze,4,2015248058,oracle,False,True,5,1,5,0,5,0,5,1,6,0.017489314904424097,1.3877787807814457e-17,0.99560546875,0.0018868100014515221,8.737097959965467e-05,3.0149996746331453e-05,0.0,5.722098285332322e-05,0.0,40,320,1.0,4,,
PASS,False,1.0.0-local-freeze,4,1062974352,retained_residual,True,True,8,6,8,0,8,0,8,1,9,0.03495945421194383,0.07948590726195495,0.97998046875,0.0031093029538169503,0.0008531250059604645,0.00016563700046390295,0.0,0.0006874880054965615,0.0,64,512,6.0,7,,
PASS,False,1.0.0-local-freeze,4,1062974352,anderson_residual,True,True,8,6,8,0,8,0,8,1,9,0.03133048184250476,0.07166621806503738,0.98291015625,0.004446301027201116,0.0014344400260597467,0.000139258976560086,0.0,0.0012951810494996607,0.0,64,512,16.0,7,,
PASS,False,1.0.0-local-freeze,4,1062974352,full_broyden,True,True,13,11,13,0,13,0,13,1,14,0.032075005395878424,0.04509372342243036,0.990234375,0.01798331900499761,0.0035604260046966374,0.0003400949644856155,0.0,0.003220331040211022,0.0,104,832,7.0,12,,
PASS,False,1.0.0-local-freeze,4,1062974352,dense_fd,True,True,14,12,14,5,9,0,14,1,15,0.019882852070887073,0.05620951061948367,0.98828125,0.009903131111059338,0.0025946759851649404,0.00010293995728716254,3.5683042369782925e-05,0.002456052985507995,0.0,112,896,5.0,8,,
PASS,False,1.0.0-local-freeze,4,1062974352,oracle,False,True,3,1,3,0,3,0,3,1,4,0.029309587899274826,0.0,0.99365234375,0.0020197000121697783,9.994301944971085e-05,4.1481980588287115e-05,0.0,5.846103886142373e-05,0.0,24,192,1.0,2,,
PASS,False,1.0.0-local-freeze,4,317314755,retained_residual,True,True,9,7,9,0,9,0,9,1,10,0.019759560359511957,0.03058905345931253,0.994140625,0.003934521053452045,0.0014233209658414125,0.00015845400048419833,0.0,0.0012648669653572142,0.0,72,576,6.0,8,,
PASS,False,1.0.0-local-freeze,4,317314755,anderson_residual,True,True,10,8,10,0,10,0,10,1,11,0.025186155562572362,0.02189940580720599,0.99560546875,0.00908069300930947,0.0036386800347827375,0.0002762849908322096,0.0,0.003362395043950528,0.0,80,640,16.0,9,,
PASS,False,1.0.0-local-freeze,4,317314755,full_broyden,True,True,9,5,9,0,9,0,9,1,10,0.020094568072762446,0.03005334768473212,0.99462890625,0.008569723984692246,0.005029800988268107,0.0002793360035866499,0.0,0.004750464984681457,0.0,72,576,7.0,8,,
PASS,False,1.0.0-local-freeze,4,317314755,dense_fd,True,True,19,10,19,5,14,0,19,1,20,0.025337162953917015,0.043747725471833754,0.9931640625,0.006917579972650856,0.002244811912532896,5.599798168987036e-05,1.846597297117114e-05,0.0021703479578718543,0.0,152,1216,5.0,13,,
PASS,False,1.0.0-local-freeze,4,317314755,oracle,False,True,3,1,3,0,3,0,3,1,4,0.021387749912712542,0.0,0.99609375,0.001736297970637679,4.9949041567742825e-05,2.1919026039540768e-05,0.0,2.8030015528202057e-05,0.0,24,192,1.0,2,,
PASS,False,1.0.0-local-freeze,4,1833476299,retained_residual,True,True,9,7,9,0,9,0,9,1,10,0.034030041759890196,0.02353817496408826,0.998046875,0.005037061928305775,0.0014860440278425813,0.00020669400691986084,0.0,0.0012793500209227204,0.0,72,576,6.0,8,,
PASS,False,1.0.0-local-freeze,4,1833476299,anderson_residual,True,True,16,7,16,0,16,0,16,1,17,0.02297096034203488,0.053610610335255666,0.9951171875,0.010370340023655444,0.008648443035781384,0.00011805602116510272,0.0,0.00853038701461628,0.0,128,1024,16.0,15,,
PASS,False,1.0.0-local-freeze,4,1833476299,full_broyden,True,True,15,10,15,0,15,0,15,1,16,0.02368132600870265,0.02801676281223236,0.9970703125,0.00654355704318732,0.0022574958857148886,0.0002356619806960225,0.0,0.002021833905018866,0.0,120,960,7.0,14,,
PASS,False,1.0.0-local-freeze,4,1833476299,dense_fd,True,True,24,22,24,5,19,0,24,1,25,0.03091320702422581,0.06175980725254805,0.9931640625,0.022223424981348217,0.0037274269852787256,7.286103209480643e-05,4.290998913347721e-05,0.003611655964050442,0.0,192,1536,5.0,18,,
PASS,False,1.0.0-local-freeze,4,1833476299,oracle,False,True,4,2,4,0,4,0,4,1,5,0.018568736329229323,0.0,0.998046875,0.0019731110660359263,0.00010641204426065087,4.4347019866108894e-05,0.0,6.206502439454198e-05,0.0,32,256,1.0,3,,
PASS,False,1.0.0-local-freeze,4,1883236474,retained_residual,True,True,15,8,15,0,15,0,15,1,16,0.008262095341317244,0.06477464983424251,0.98974609375,0.008860419155098498,0.009725899901241064,0.0002319280174560845,0.0,0.00949397188378498,0.0,120,960,6.0,14,,
PASS,False,1.0.0-local-freeze,4,1883236474,anderson_residual,True,True,15,8,15,0,15,0,15,1,16,0.02688347483237249,0.09008006072301726,0.98046875,0.013251051947008818,0.005633956985548139,0.00013463699724525213,0.0,0.0054993199883028865,0.0,120,960,16.0,14,,
PASS,False,1.0.0-local-freeze,4,1883236474,full_broyden,True,True,15,7,15,0,15,0,15,1,16,0.020128280395988227,0.03969768429269959,0.99365234375,0.01302778406534344,0.005869359243661165,0.000240077031776309,0.0,0.005629282211884856,0.0,120,960,7.0,14,,
PASS,False,1.0.0-local-freeze,4,1883236474,dense_fd,True,True,16,9,16,5,11,0,16,1,17,0.019751640468987013,0.06398845134333718,0.9892578125,0.0071283087600022554,0.001278615032788366,7.329997606575489e-05,1.8438964616507292e-05,0.001186876092106104,0.0,128,1024,5.0,10,,
PASS,False,1.0.0-local-freeze,4,1883236474,oracle,False,True,3,1,3,0,3,0,3,1,4,0.034075988408710595,6.938893903907228e-18,0.99609375,0.0011763820075429976,5.478202365338802e-05,2.351903822273016e-05,0.0,3.1262985430657864e-05,0.0,24,192,1.0,2,,
PASS,False,1.0.0-local-freeze,4,812473704,retained_residual,True,True,9,7,9,0,9,0,9,1,10,0.02956698198598329,0.07664061511957898,0.9833984375,0.0048182569444179535,0.0013944300590083003,0.00022675900254398584,0.0,0.0011676710564643145,0.0,72,576,6.0,8,,
PASS,False,1.0.0-local-freeze,4,812473704,anderson_residual,True,True,13,8,13,0,13,0,13,1,14,0.013458217352651809,0.0403750119301759,0.99267578125,0.00601088791154325,0.0028305439627729356,0.0002399589866399765,0.0,0.002590584976132959,0.0,104,832,16.0,12,,
PASS,False,1.0.0-local-freeze,4,812473704,full_broyden,True,True,9,7,9,0,9,0,9,1,10,0.018604012229879327,0.03722515392282496,0.99267578125,0.005853812966961414,0.0020390310673974454,0.00014639500295743346,0.0,0.001892636064440012,0.0,72,576,7.0,8,,
PASS,False,1.0.0-local-freeze,4,812473704,dense_fd,True,True,20,13,20,5,15,0,20,1,21,0.03074112460129955,0.045364438345556694,0.99169921875,0.012865020951721817,0.0032743120682425797,4.6316010411828756e-05,3.676500637084246e-05,0.0031912310514599085,0.0,160,1280,5.0,14,,
PASS,False,1.0.0-local-freeze,4,812473704,oracle,False,True,3,1,3,0,3,0,3,1,4,0.009130826735820675,0.0,0.99560546875,0.001093727070838213,5.1819952204823494e-05,2.3656990379095078e-05,0.0,2.8162961825728416e-05,0.0,24,192,1.0,2,,
PASS,False,1.0.0-local-freeze,4,1612189033,retained_residual,True,True,7,5,7,0,7,0,7,1,8,0.022401814807876647,0.03762005687322932,0.99365234375,0.003911980893462896,0.0009237139020115137,0.00010974303586408496,0.0,0.0008139708661474288,0.0,56,448,6.0,6,,
PASS,False,1.0.0-local-freeze,4,1612189033,anderson_residual,True,True,7,5,7,0,7,0,7,1,8,0.021912216135940226,0.051050760443343286,0.99169921875,0.0021897379774600267,0.0008242429466918111,0.00012042204616591334,0.0,0.0007038209005258977,0.0,56,448,16.0,6,,
PASS,False,1.0.0-local-freeze,4,1612189033,full_broyden,True,True,8,6,8,0,8,0,8,1,9,0.01989933309348099,0.05733123748031751,0.9912109375,0.0046768090687692165,0.0018642249633558095,0.00020053901243954897,0.0,0.0016636859509162605,0.0,64,512,7.0,7,,
PASS,False,1.0.0-local-freeze,4,1612189033,dense_fd,True,True,12,10,12,5,7,0,12,1,13,0.0290840044754837,0.054016864659844545,0.99169921875,0.008516552916262299,0.0014190911315381527,0.00013510097051039338,1.986901042982936e-05,0.00126412115059793,0.0,96,768,5.0,6,,
PASS,False,1.0.0-local-freeze,4,1612189033,oracle,False,True,3,1,3,0,3,0,3,1,4,0.015182916836656362,1.3877787807814457e-17,0.99609375,0.0012765960418619215,7.593707414343953e-05,4.110299050807953e-05,0.0,3.483408363536e-05,0.0,24,192,1.0,2,,
PASS,False,1.0.0-local-freeze,4,1990616316,retained_residual,True,True,7,5,7,0,7,0,7,1,8,0.010899860466930178,0.05165422222092855,0.99169921875,0.003835408017039299,0.0010491791181266308,0.0001995519851334393,0.0,0.0008496271329931915,0.0,56,448,6.0,6,,
PASS,False,1.0.0-local-freeze,4,1990616316,anderson_residual,True,True,7,5,7,0,7,0,7,1,8,0.010888918202440765,0.04992575219726519,0.99169921875,0.003082724870182574,0.0010493359295651317,0.00019540201174095273,0.0,0.0008539339178241789,0.0,56,448,16.0,6,,
PASS,False,1.0.0-local-freeze,4,1990616316,full_broyden,True,True,6,4,6,0,6,0,6,1,7,0.028991377979305795,0.042633618285691594,0.99267578125,0.004967741901054978,0.00175830302760005,0.00026941701071336865,0.0,0.0014888860168866813,0.0,48,384,7.0,5,,
PASS,False,1.0.0-local-freeze,4,1990616316,dense_fd,True,True,12,10,12,5,7,0,12,1,13,0.031660483450966725,0.049854814446499314,0.99267578125,0.0057610030635260046,0.0008378690690733492,5.358702037483454e-05,2.9748014640063047e-05,0.0007545340340584517,0.0,96,768,5.0,6,,
PASS,False,1.0.0-local-freeze,4,1990616316,oracle,False,True,3,1,3,0,3,0,3,1,4,0.02041057969525606,0.0,0.99560546875,0.002250900026410818,0.0001103690592572093,4.0538026951253414e-05,0.0,6.983103230595589e-05,0.0,24,192,1.0,2,,
PASS,False,1.0.0-local-freeze,4,195957893,retained_residual,True,True,10,8,10,0,10,0,10,1,11,0.033282465666297126,0.06345456323442843,0.98828125,0.005134055914822966,0.0013863479834981263,0.0002558960113674402,0.0,0.001130451972130686,0.0,80,640,6.0,9,,
PASS,False,1.0.0-local-freeze,4,195957893,anderson_residual,True,True,29,12,29,0,29,0,29,1,30,0.021744283034415876,0.06009395407816091,0.9892578125,0.018531075038481504,0.01273163506994024,0.0002019680105149746,0.0,0.012529667059425265,0.0,232,1856,16.0,28,,
PASS,False,1.0.0-local-freeze,4,195957893,full_broyden,True,True,9,5,9,0,9,0,9,1,10,0.021512793039457256,0.037696338198283455,0.99267578125,0.0023522208794020116,0.0010143988765776157,0.00012052198871970177,0.0,0.000893876887857914,0.0,72,576,7.0,8,,
PASS,False,1.0.0-local-freeze,4,195957893,dense_fd,True,True,12,10,12,5,7,0,12,1,13,0.016054914709557843,0.036942733088956785,0.99365234375,0.004467490944080055,0.0011535369558259845,5.056004738435149e-05,1.7483951523900032e-05,0.001085492956917733,0.0,96,768,5.0,6,,
PASS,False,1.0.0-local-freeze,4,195957893,oracle,False,True,3,1,3,0,3,0,3,1,4,0.030159520579658566,0.0,0.99560546875,0.002858077932614833,9.783299174159765e-05,2.699298784136772e-05,0.0,7.084000390022993e-05,0.0,24,192,1.0,2,,
PASS,False,1.0.0-local-freeze,4,561759483,retained_residual,True,True,13,6,13,0,13,0,13,1,14,0.022856504769870327,0.04196998891493186,0.99169921875,0.008993154915515333,0.005540220066905022,0.00021312804892659187,0.0,0.00532709201797843,0.0,104,832,6.0,12,,
PASS,False,1.0.0-local-freeze,4,561759483,anderson_residual,True,True,10,6,10,0,10,0,10,1,11,0.03026629948295273,0.04597338439382292,0.9912109375,0.006690570968203247,0.003865367150865495,0.00021210801787674427,0.0,0.003653259132988751,0.0,80,640,16.0,9,,
PASS,False,1.0.0-local-freeze,4,561759483,full_broyden,True,True,6,4,6,0,6,0,6,1,7,0.02466756812802529,0.04345792259046274,0.99169921875,0.0024365849094465375,0.0011339920456521213,0.0001393860438838601,0.0,0.0009946060017682612,0.0,48,384,7.0,5,,
FAIL_CONTRACT_TIMEOUT,False,1.0.0-local-freeze,4,561759483,dense_fd,True,False,,,,5,175,0,180,0,,0.22021223857548197,1.5183366857087832,,0.07248138019349426,0.02811992954229936,5.467497976496816e-05,2.9585964512079954e-05,0.028035668598022312,0.0,1440,11520,5.0,,,
PASS,False,1.0.0-local-freeze,4,561759483,oracle,False,True,3,1,3,0,3,0,3,1,4,0.020871881743200257,0.0,0.9951171875,0.001584032957907766,8.908595191314816e-05,3.850000211969018e-05,0.0,5.0585949793457985e-05,0.0,24,192,1.0,2,,
PASS,False,1.0.0-local-freeze,4,295370387,retained_residual,True,True,11,9,11,0,11,0,11,1,12,0.015284646060578033,0.047386219017779736,0.99169921875,0.004246760974638164,0.001084629853721708,0.00011292000999674201,0.0,0.000971709843724966,0.0,88,704,6.0,10,,
PASS,False,1.0.0-local-freeze,4,295370387,anderson_residual,True,True,33,11,33,0,33,0,33,1,34,0.026974500942474933,0.054081484691153925,0.99072265625,0.019084175117313862,0.013507210940588266,0.0005512540228664875,0.0,0.012955956917721778,0.0,264,2112,16.0,32,,
PASS,False,1.0.0-local-freeze,4,295370387,full_broyden,True,True,11,9,11,0,11,0,11,1,12,0.02314512356672185,0.07747424416709468,0.984375,0.005850704037584364,0.002539101056754589,0.00012868799967691302,0.0,0.002410413057077676,0.0,88,704,7.0,10,,
PASS,False,1.0.0-local-freeze,4,295370387,dense_fd,True,True,13,11,13,5,8,0,13,1,14,0.030559053846911436,0.05451259495597702,0.99072265625,0.009463765018153936,0.0027822618721984327,0.00012616999447345734,3.069703234359622e-05,0.002625394845381379,0.0,104,832,5.0,7,,
PASS,False,1.0.0-local-freeze,4,295370387,oracle,False,True,3,1,3,0,3,0,3,1,4,0.014417739027121236,0.0,0.99560546875,0.0018043320160359144,8.429103763774037e-05,3.1489995308220387e-05,0.0,5.280104232951999e-05,0.0,24,192,1.0,2,,
PASS,False,1.0.0-local-freeze,4,2134251794,retained_residual,True,True,13,8,13,0,13,0,13,1,14,0.02148818935866299,0.041450116860455556,0.99072265625,0.009682058822363615,0.0024636390153318644,0.0002125040045939386,0.0,0.0022511350107379258,0.0,104,832,6.0,12,,
PASS,False,1.0.0-local-freeze,4,2134251794,anderson_residual,True,True,10,8,10,0,10,0,10,1,11,0.03326656787802859,0.04893893600573857,0.990234375,0.00647345301695168,0.004028843133710325,0.00030097097624093294,0.0,0.003727872157469392,0.0,80,640,16.0,9,,
PASS,False,1.0.0-local-freeze,4,2134251794,full_broyden,True,True,8,6,8,0,8,0,8,1,9,0.0076066555670485335,0.05090235513992512,0.990234375,0.005020851967856288,0.0021045480389147997,0.0005246439832262695,0.0,0.0015799040556885302,0.0,64,512,7.0,7,,
PASS,False,1.0.0-local-freeze,4,2134251794,dense_fd,True,True,12,10,12,5,7,0,12,1,13,0.027663136718565493,0.042355562713310556,0.9912109375,0.008056338934693485,0.0015311749884858727,6.918900180608034e-05,3.2935000490397215e-05,0.0014290509861893952,0.0,96,768,5.0,6,,
PASS,False,1.0.0-local-freeze,4,2134251794,oracle,False,True,6,1,6,0,6,0,6,1,7,0.02728128109435312,0.0,0.994140625,0.00349287100834772,0.0001723329769447446,3.602996002882719e-05,0.0,0.0001363030169159174,0.0,48,384,1.0,5,,
PASS,False,1.0.0-local-freeze,4,1411606814,retained_residual,True,True,12,7,12,0,12,0,12,1,13,0.02993536423489132,0.0498284312188803,0.99072265625,0.0077956089517101645,0.005300011078361422,0.00020057603251188993,0.0,0.005099435045849532,0.0,96,768,6.0,11,,
PASS,False,1.0.0-local-freeze,4,1411606814,anderson_residual,True,True,12,8,12,0,12,0,12,1,13,0.029578823139800058,0.044454192890746896,0.9912109375,0.008569502970203757,0.01243900996632874,0.0003107950324192643,0.0,0.012128214933909476,0.0,96,768,16.0,11,,
PASS,False,1.0.0-local-freeze,4,1411606814,full_broyden,True,True,13,11,13,0,13,0,13,1,14,0.014903580400544467,0.0056838181406356075,0.99560546875,0.007243355910759419,0.003550846013240516,0.00024145201314240694,0.0,0.0033093940000981092,0.0,104,832,7.0,12,,
PASS,False,1.0.0-local-freeze,4,1411606814,dense_fd,True,True,12,10,12,5,7,0,12,1,13,0.022895262577161523,0.028301959106827188,0.994140625,0.0064780841348692775,0.001302605087403208,8.916598744690418e-05,4.0556013118475676e-05,0.0011728830868378282,0.0,96,768,5.0,6,,
PASS,False,1.0.0-local-freeze,4,1411606814,oracle,False,True,3,1,3,0,3,0,3,1,4,0.026229498895707984,0.0,0.99560546875,0.0012769850436598063,6.355199730023742e-05,2.795399632304907e-05,0.0,3.559800097718835e-05,0.0,24,192,1.0,2,,
PASS,False,1.0.0-local-freeze,4,2130388698,retained_residual,True,True,8,6,8,0,8,0,8,1,9,0.030324093676024993,0.02460288908480234,0.9931640625,0.003646426019258797,0.0009124339558184147,0.00016760302241891623,0.0,0.0007448309333994985,0.0,64,512,6.0,7,,
PASS,False,1.0.0-local-freeze,4,2130388698,anderson_residual,True,True,11,6,11,0,11,0,11,1,12,0.03295762801028513,0.016971676436048574,0.99365234375,0.003528870060108602,0.0015765571733936667,0.00012879498535767198,0.0,0.0014477621880359948,0.0,88,704,16.0,10,,
PASS,False,1.0.0-local-freeze,4,2130388698,full_broyden,True,True,8,6,8,0,8,0,8,1,9,0.03285982261711996,0.0183757588437612,0.99365234375,0.00532423600088805,0.004609219206031412,0.00022740004351362586,0.0,0.004381819162517786,0.0,64,512,7.0,7,,
PASS,False,1.0.0-local-freeze,4,2130388698,dense_fd,True,True,12,10,12,5,7,0,12,1,13,0.025549173514180266,0.0507386923913638,0.98974609375,0.011251475021708757,0.0031939350301399827,5.239399615675211e-05,3.2672949600964785e-05,0.003108868084382266,0.0,96,768,5.0,6,,
PASS,False,1.0.0-local-freeze,4,2130388698,oracle,False,True,3,1,3,0,3,0,3,1,4,0.020349527502549692,2.7755575615628914e-17,0.99365234375,0.0013124390388838947,6.349897012114525e-05,3.045896301046014e-05,0.0,3.304000711068511e-05,0.0,24,192,1.0,2,,
PASS,False,1.0.0-local-freeze,4,305030663,retained_residual,True,True,10,8,10,0,10,0,10,1,11,0.026123332084453565,0.03822537434139852,0.9951171875,0.006620217929594219,0.002795686013996601,0.00010492996079847217,0.0,0.002690756053198129,0.0,80,640,6.0,9,,
PASS,False,1.0.0-local-freeze,4,305030663,anderson_residual,True,True,11,9,11,0,11,0,11,1,12,0.02724028494656456,0.05137799969450236,0.99365234375,0.0037895390414632857,0.00191472505684942,0.00013742403825744987,0.0,0.0017773010185919702,0.0,88,704,16.0,10,,
PASS,False,1.0.0-local-freeze,4,305030663,full_broyden,True,True,7,5,7,0,7,0,7,1,8,0.034960093567960863,0.04272287266159909,0.99365234375,0.005681910959538072,0.00167804496595636,0.00024910399224609137,0.0,0.0014289409737102687,0.0,56,448,7.0,6,,
PASS,False,1.0.0-local-freeze,4,305030663,dense_fd,True,True,13,11,13,5,8,0,13,1,14,0.01859519952845989,0.033590391504410184,0.9951171875,0.008265254960861057,0.0018268120475113392,7.651501800864935e-05,3.826996544376016e-05,0.0017120270640589297,0.0,104,832,5.0,7,,
PASS,False,1.0.0-local-freeze,4,305030663,oracle,False,True,3,1,3,0,3,0,3,1,4,0.008116528422792622,0.0,0.9970703125,0.002412301953881979,9.858701378107071e-05,4.005100345239043e-05,0.0,5.853601032868028e-05,0.0,24,192,1.0,2,,
PASS,False,1.0.0-local-freeze,4,484958000,retained_residual,True,True,8,6,8,0,8,0,8,1,9,0.023534257167247143,0.043761722477813986,0.9921875,0.005213081953115761,0.0016580469673499465,0.00019122700905427337,0.0,0.0014668199582956731,0.0,64,512,6.0,7,,
PASS,False,1.0.0-local-freeze,4,484958000,anderson_residual,True,True,7,5,7,0,7,0,7,1,8,0.03291849545738376,0.039877535618294706,0.99365234375,0.0031341249705292284,0.0012180589837953448,0.00022148300195112824,0.0,0.0009965759818442166,0.0,56,448,16.0,6,,
PASS,False,1.0.0-local-freeze,4,484958000,full_broyden,True,True,13,8,13,0,13,0,13,1,14,0.03292935770577829,0.02946061820053264,0.99462890625,0.00494761107256636,0.0022896218579262495,0.00015705195255577564,0.0,0.002132569905370474,0.0,104,832,7.0,12,,
PASS,False,1.0.0-local-freeze,4,484958000,dense_fd,True,True,17,15,17,5,12,0,17,1,18,0.029556396515632938,0.015980502527210474,0.99560546875,0.010367763927206397,0.004578125022817403,5.0707021728158e-05,1.7071026377379894e-05,0.004510346974711865,0.0,136,1088,5.0,11,,
PASS,False,1.0.0-local-freeze,4,484958000,oracle,False,True,5,3,5,0,5,0,5,1,6,0.025578027332378104,0.0,0.99560546875,0.002645001979544759,0.00012150796828791499,2.5218992959707975e-05,0.0,9.628897532820702e-05,0.0,40,320,1.0,4,,
PASS,False,1.0.0-local-freeze,4,668379286,retained_residual,True,True,8,6,8,0,8,0,8,1,9,0.025958819532254904,0.040380784922523866,0.99072265625,0.00350068201078102,0.002201892959419638,0.00016596599016338587,0.0,0.002035926969256252,0.0,64,512,6.0,7,,
PASS,False,1.0.0-local-freeze,4,668379286,anderson_residual,True,True,8,6,8,0,8,0,8,1,9,0.01810183788052224,0.018487794486343186,0.9931640625,0.003912264946848154,0.0014258248847909272,0.00011480099055916071,0.0,0.0013110238942317665,0.0,64,512,16.0,7,,
PASS,False,1.0.0-local-freeze,4,668379286,full_broyden,True,True,16,7,16,0,16,0,16,1,17,0.014188540718794228,0.029250432840153558,0.9921875,0.0063158790580928326,0.002815798216033727,0.00021636398741975427,0.0,0.0025994342286139727,0.0,128,1024,7.0,15,,
PASS,False,1.0.0-local-freeze,4,668379286,dense_fd,True,True,11,9,11,5,6,0,11,1,12,0.03398512916166616,0.0719455103293482,0.98388671875,0.01083585195010528,0.0015504080220125616,8.31920187920332e-05,3.301899414509535e-05,0.001434197009075433,0.0,88,704,5.0,5,,
PASS,False,1.0.0-local-freeze,4,668379286,oracle,False,True,3,1,3,0,3,0,3,1,4,0.005723002036001485,0.0,0.99365234375,0.006870778917800635,0.00011337199248373508,4.016398452222347e-05,0.0,7.320800796151161e-05,0.0,24,192,1.0,2,,
PASS,False,1.0.0-local-freeze,4,2091457751,retained_residual,True,True,28,9,28,0,28,0,28,1,29,0.030671972724498467,0.05017193003540925,0.9931640625,0.012119475984945893,0.0037121769855730236,0.00019633903866633773,0.0,0.003515837946906686,0.0,224,1792,6.0,27,,
PASS,False,1.0.0-local-freeze,4,2091457751,anderson_residual,True,True,14,9,14,0,14,0,14,1,15,0.029397917390876115,0.05980168028598443,0.99169921875,0.0096575339557603,0.011662316974252462,0.0002484680153429508,0.0,0.011413848958909512,0.0,112,896,16.0,13,,
PASS,False,1.0.0-local-freeze,4,2091457751,full_broyden,True,True,6,4,6,0,6,0,6,1,7,0.030229598266829503,0.07423041016495839,0.98828125,0.009169401018880308,0.0024223889922723174,0.0003942320472560823,0.0,0.002028156945016235,0.0,48,384,7.0,5,,
PASS,False,1.0.0-local-freeze,4,2091457751,dense_fd,True,True,11,9,11,5,6,0,11,1,12,0.029587889754738337,0.038127748179447925,0.994140625,0.007092787942383438,0.0013919239863753319,6.024696631357074e-05,1.955899642780423e-05,0.001312118023633957,0.0,88,704,5.0,5,,
PASS,False,1.0.0-local-freeze,4,2091457751,oracle,False,True,3,1,3,0,3,0,3,1,4,0.020507085878124384,0.0,0.99658203125,0.0032025640248320997,0.00025651900796219707,2.416200004518032e-05,0.0,0.00023235700791701674,0.0,24,192,1.0,2,,
PASS,False,1.0.0-local-freeze,4,427837642,retained_residual,True,True,16,12,16,0,16,0,16,1,17,0.027059439364910835,0.04792475117586135,0.9921875,0.006407161941751838,0.0033346801064908504,9.922002209350467e-05,0.0,0.0032354600843973458,0.0,128,1024,6.0,15,,
PASS,False,1.0.0-local-freeze,4,427837642,anderson_residual,True,True,36,7,36,0,36,0,36,1,37,0.020321682541716225,0.05116444195550291,0.9912109375,0.02177696384023875,0.014024529082234949,0.0002647030050866306,0.0,0.013759826077148318,0.0,288,2304,16.0,35,,
PASS,False,1.0.0-local-freeze,4,427837642,full_broyden,True,True,15,11,15,0,15,0,15,1,16,0.01834225769731448,0.046116394340773824,0.99072265625,0.009066884114872664,0.005419539927970618,0.00012306805001571774,0.0,0.0052964718779549,0.0,120,960,7.0,14,,
PASS,False,1.0.0-local-freeze,4,427837642,dense_fd,True,True,18,12,18,5,13,0,18,1,19,0.03255457550681368,0.02723327979974047,0.99365234375,0.015409777173772454,0.002910624141804874,9.383104043081403e-05,3.417499829083681e-05,0.002782618103083223,0.0,144,1152,5.0,12,,
PASS,False,1.0.0-local-freeze,4,427837642,oracle,False,True,5,1,5,0,5,0,5,1,6,0.03323587037072937,0.0,0.99462890625,0.002393436967395246,9.65149374678731e-05,2.562196459621191e-05,0.0,7.089297287166119e-05,0.0,40,320,1.0,4,,
PASS,False,1.0.0-local-freeze,4,1523209647,retained_residual,True,True,8,6,8,0,8,0,8,1,9,0.019645736842425845,0.01915353035786771,0.99560546875,0.003937533881980926,0.0008476459770463407,0.00014737399760633707,0.0,0.0007002719794400036,0.0,64,512,6.0,7,,
PASS,False,1.0.0-local-freeze,4,1523209647,anderson_residual,True,True,8,6,8,0,8,0,8,1,9,0.022854548854176534,0.022049699982593207,0.9951171875,0.004261616093572229,0.00221386703196913,0.00021180202020332217,0.0,0.002002065011765808,0.0,64,512,16.0,7,,
PASS,False,1.0.0-local-freeze,4,1523209647,full_broyden,True,True,6,4,6,0,6,0,6,1,7,0.018789710273600085,0.03992937626745828,0.99365234375,0.004230843915138394,0.0034718280658125877,0.0001972150057554245,0.0,0.0032746130600571632,0.0,48,384,7.0,5,,
PASS,False,1.0.0-local-freeze,4,1523209647,dense_fd,True,True,11,9,11,5,6,0,11,1,12,0.033637625851603056,0.05851506783622818,0.99072265625,0.007298188924323767,0.00401821598643437,7.618998643010855e-05,3.108999226242304e-05,0.003910936007741839,0.0,88,704,5.0,5,,
PASS,False,1.0.0-local-freeze,4,1523209647,oracle,False,True,3,1,3,0,3,0,3,1,4,0.013008938760657144,0.0,0.99560546875,0.002879346953704953,0.00011930603068321943,5.198101280257106e-05,0.0,6.732501788064837e-05,0.0,24,192,1.0,2,,
PASS,False,1.0.0-local-freeze,4,1177627976,retained_residual,True,True,9,7,9,0,9,0,9,1,10,0.020048910773506887,0.04976053605876969,0.99267578125,0.004728475003503263,0.0014525381266139448,0.0001745520276017487,0.0,0.001277986099012196,0.0,72,576,6.0,8,,
PASS,False,1.0.0-local-freeze,4,1177627976,anderson_residual,True,True,9,7,9,0,9,0,9,1,10,0.019481978256031745,0.04778452040050123,0.9931640625,0.004782486008480191,0.0031217248761095107,0.00018290197476744652,0.0,0.002938822901342064,0.0,72,576,16.0,8,,
PASS,False,1.0.0-local-freeze,4,1177627976,full_broyden,True,True,9,5,9,0,9,0,9,1,10,0.015486580946580107,0.03867255156211665,0.99365234375,0.004923649015836418,0.0022142399102449417,0.00019160599913448095,0.0,0.0020226339111104608,0.0,72,576,7.0,8,,
PASS,False,1.0.0-local-freeze,4,1177627976,dense_fd,True,True,14,10,14,5,9,0,14,1,15,0.025230194312370606,0.050437925409760005,0.990234375,0.007360343006439507,0.0016756430268287659,7.727200863882899e-05,2.9781018383800983e-05,0.001568589999806136,0.0,112,896,5.0,8,,
PASS,False,1.0.0-local-freeze,4,1177627976,oracle,False,True,5,1,5,0,5,0,5,1,6,0.03264165634344693,0.0,0.99560546875,0.0029726820066571236,0.00014087808085605502,4.0124054066836834e-05,0.0,0.00010075402678921819,0.0,40,320,1.0,4,,
PASS,False,1.0.0-local-freeze,4,822056531,retained_residual,True,True,8,6,8,0,8,0,8,1,9,0.026116771479016747,0.038177734075569916,0.99169921875,0.003227655019145459,0.0006463750032708049,0.00010549899889156222,0.0,0.0005408760043792427,0.0,64,512,6.0,7,,
PASS,False,1.0.0-local-freeze,4,822056531,anderson_residual,True,True,8,6,8,0,8,0,8,1,9,0.02823125054995148,0.0404384077826769,0.9921875,0.00453882192960009,0.0013658219831995666,0.00012936798157170415,0.0,0.0012364540016278625,0.0,64,512,16.0,7,,
PASS,False,1.0.0-local-freeze,4,822056531,full_broyden,True,True,9,7,9,0,9,0,9,1,10,0.02123251588386706,0.018100537389479233,0.9951171875,0.0054746479145251215,0.002006601949688047,0.00022653699852526188,0.0,0.0017800649511627853,0.0,72,576,7.0,8,,
PASS,False,1.0.0-local-freeze,4,822056531,dense_fd,True,True,11,9,11,5,6,0,11,1,12,0.023674718100652976,0.01618696418090579,0.9951171875,0.007258021098095924,0.0017748689861036837,0.00011144299060106277,3.4931988921016455e-05,0.0016284940065816045,0.0,88,704,5.0,5,,
PASS,False,1.0.0-local-freeze,4,822056531,oracle,False,True,3,1,3,0,3,0,3,1,4,0.0338709373994038,1.3877787807814457e-17,0.9951171875,0.0028687770245596766,0.00010729196947067976,4.1289953514933586e-05,0.0,6.600201595574617e-05,0.0,24,192,1.0,2,,
PASS,False,1.0.0-local-freeze,4,445399178,retained_residual,True,True,10,6,10,0,10,0,10,1,11,0.02769489971332123,0.01744837669479233,0.994140625,0.005836410040501505,0.001604665128979832,0.00024040602147579193,0.0,0.00136425910750404,0.0,80,640,6.0,9,,
PASS,False,1.0.0-local-freeze,4,445399178,anderson_residual,True,True,10,6,10,0,10,0,10,1,11,0.03151613399035966,0.04872527645057478,0.990234375,0.006846364063676447,0.004193550965283066,0.00027577701257541776,0.0,0.003917773952707648,0.0,80,640,16.0,9,,
PASS,False,1.0.0-local-freeze,4,445399178,full_broyden,True,True,12,8,12,0,12,0,12,1,13,0.03280604162689621,0.0330357439108768,0.99267578125,0.009175092040095478,0.004045778943691403,0.00022030901163816452,0.0,0.003825469932053238,0.0,96,768,7.0,11,,
PASS,False,1.0.0-local-freeze,4,445399178,dense_fd,True,True,19,11,19,5,14,0,19,1,20,0.02917071836576313,0.044943279811083724,0.99072265625,0.010277646069880575,0.002660175785422325,7.955695036798716e-05,3.0140974558889866e-05,0.002550477860495448,0.0,152,1216,5.0,13,,
PASS,False,1.0.0-local-freeze,4,445399178,oracle,False,True,3,1,3,0,3,0,3,1,4,0.024878696358709193,1.3877787807814457e-17,0.994140625,0.001865154947154224,0.00010615005157887936,4.024599911645055e-05,0.0,6.590405246242881e-05,0.0,24,192,1.0,2,,
PASS,False,1.0.0-local-freeze,4,1242705187,retained_residual,True,True,10,8,10,0,10,0,10,1,11,0.009017518319073528,0.023612554991016648,0.99609375,0.006400941056199372,0.0016550120199099183,0.00017330999253317714,0.0,0.0014817020273767412,0.0,80,640,6.0,9,,
PASS,False,1.0.0-local-freeze,4,1242705187,anderson_residual,True,True,17,15,17,0,17,0,17,1,18,0.023115166815919703,0.03394877003203449,0.99658203125,0.008911302080377936,0.004420924058649689,0.00024396198568865657,0.0,0.004176962072961032,0.0,136,1088,16.0,16,,
PASS,False,1.0.0-local-freeze,4,1242705187,full_broyden,True,True,21,5,21,0,21,0,21,1,22,0.032722358409905464,0.03765216684895535,0.99462890625,0.012348208983894438,0.005416333850007504,0.00026503298431634903,0.0,0.005151300865691155,0.0,168,1344,7.0,20,,
PASS,False,1.0.0-local-freeze,4,1242705187,dense_fd,True,True,11,9,11,5,6,0,11,1,12,0.02988130652927588,0.03610183681170408,0.9951171875,0.00824041705345735,0.0018949180375784636,8.359202183783054e-05,3.578199539333582e-05,0.0017755440203472972,0.0,88,704,5.0,5,,
PASS,False,1.0.0-local-freeze,4,1242705187,oracle,False,True,5,3,5,0,5,0,5,1,6,0.02625419991818092,0.0,0.99755859375,0.00413095997646451,0.00017263495828956366,3.766699228435755e-05,0.0,0.0001349679660052061,0.0,40,320,1.0,4,,
PASS,False,1.0.0-local-freeze,8,1239900679,retained_residual,True,True,12,10,12,0,12,0,12,1,13,0.024918644375812836,0.05059616717953755,0.99072265625,0.007412414124701172,0.001891828898806125,0.0002635680139064789,0.0,0.001628260884899646,0.0,192,1536,6.0,11,,
PASS,False,1.0.0-local-freeze,8,1239900679,anderson_residual,True,True,15,13,15,0,15,0,15,1,16,0.02102109618033644,0.048970530909657695,0.991943359375,0.019060932041611522,0.00839573604753241,0.0005546740139834583,0.0,0.007841062033548951,0.0,240,1920,16.0,14,,
PASS,False,1.0.0-local-freeze,8,1239900679,full_broyden,True,True,11,9,11,0,11,0,11,1,12,0.028548407327150506,0.03541881355036522,0.9931640625,0.009422579139936715,0.0026559820398688316,0.00029897299828007817,0.0,0.0023570090415887535,0.0,176,1408,11.0,10,,
PASS,False,1.0.0-local-freeze,8,1239900679,dense_fd,True,True,24,18,24,9,15,0,24,1,25,0.02344210897268654,0.047200481547073084,0.991943359375,0.014686903858091682,0.00320218299748376,7.012998685240746e-05,6.461999146267772e-05,0.003067433019168675,0.0,384,3072,9.0,14,,
PASS,False,1.0.0-local-freeze,8,1239900679,oracle,False,True,3,1,3,0,3,0,3,1,4,0.023790404684353703,3.925231146709438e-17,0.99560546875,0.004321429005358368,9.138998575508595e-05,3.915000706911087e-05,0.0,5.2239978685975075e-05,0.0,48,384,1.0,2,,
PASS,False,1.0.0-local-freeze,8,1573996,retained_residual,True,True,16,8,16,0,16,0,16,1,17,0.02663609463382482,0.03757815690571148,0.994384765625,0.00948199414415285,0.00256472296314314,0.0001730509684421122,0.0,0.002391671994701028,0.0,256,2048,6.0,15,,
PASS,False,1.0.0-local-freeze,8,1573996,anderson_residual,True,True,17,15,17,0,17,0,17,1,18,0.03054893408662384,0.05897703335526734,0.991943359375,0.010615457082167268,0.008590535027906299,0.00023799901828169823,0.0,0.0083525360096246,0.0,272,2176,16.0,16,,
PASS,False,1.0.0-local-freeze,8,1573996,full_broyden,True,True,16,9,16,0,16,0,16,1,17,0.027852502622427052,0.05241432965924944,0.99365234375,0.013897384749725461,0.0054890079773031175,0.00021329300943762064,0.0,0.005275714967865497,0.0,256,2048,11.0,15,,
PASS,False,1.0.0-local-freeze,8,1573996,dense_fd,True,True,21,17,21,9,12,0,21,1,22,0.03239914890425366,0.06701625061711307,0.9921875,0.010440570011269301,0.0017870331066660583,7.167499279603362e-05,4.826701479032636e-05,0.0016670910990796983,0.0,336,2688,9.0,11,,
PASS,False,1.0.0-local-freeze,8,1573996,oracle,False,True,3,1,3,0,3,0,3,1,4,0.027809669479180982,1.962615573354719e-17,0.996826171875,0.003537369950208813,9.140401380136609e-05,3.758695675060153e-05,0.0,5.381705705076456e-05,0.0,48,384,1.0,2,,
PASS,False,1.0.0-local-freeze,8,1558604323,retained_residual,True,True,9,7,9,0,9,0,9,1,10,0.028638174015606883,0.07291394074432556,0.98583984375,0.006375974917318672,0.0014600209542550147,0.0002117870026268065,0.0,0.0012482339516282082,0.0,144,1152,6.0,8,,
PASS,False,1.0.0-local-freeze,8,1558604323,anderson_residual,True,True,11,7,11,0,11,0,11,1,12,0.028903352746881824,0.035812143299288175,0.991455078125,0.008213138964492828,0.004937676072586328,0.00024856504751369357,0.0,0.004689111025072634,0.0,176,1408,16.0,10,,
PASS,False,1.0.0-local-freeze,8,1558604323,full_broyden,True,True,9,5,9,0,9,0,9,1,10,0.011959776181005381,0.03594590086417401,0.99169921875,0.005663367861416191,0.0025887819938361645,0.0004890799755230546,0.0,0.00209970201831311,0.0,144,1152,11.0,8,,
FAIL_CONTRACT_TIMEOUT,False,1.0.0-local-freeze,8,1558604323,dense_fd,True,False,,,,9,171,0,180,0,,0.09157185672694346,1.82252642882838,,0.1049782001064159,0.03186305391136557,5.432701436802745e-05,2.7959002181887627e-05,0.031780767894815654,0.0,2880,23040,9.0,,,
PASS,False,1.0.0-local-freeze,8,1558604323,oracle,False,True,3,1,3,0,3,0,3,1,4,0.016658461060765035,1.962615573354719e-17,0.993896484375,0.0024678760091774166,0.0003676829510368407,3.421498695388436e-05,0.0,0.0003334679640829563,0.0,48,384,1.0,2,,
FAIL_CONTRACT_TIMEOUT,False,1.0.0-local-freeze,8,1280968996,retained_residual,True,False,,7,,0,180,0,180,45,,0.02765397789883863,0.9447549924230405,,0.1263181998510845,0.033552577369846404,0.00022613396868109703,0.0,0.03332644340116531,0.0,2880,23040,6.0,,,
FAIL_CONTRACT_TIMEOUT,False,1.0.0-local-freeze,8,1280968996,anderson_residual,True,False,,7,,0,180,0,180,33,,0.026650775754276806,0.9520826283537238,,0.10971971217077225,0.07238915213383734,0.00023768399842083454,0.0,0.07215146813541651,0.0,2880,23040,16.0,,,
FAIL_CONTRACT_TIMEOUT,False,1.0.0-local-freeze,8,1280968996,full_broyden,True,False,,9,,0,180,0,180,17,,0.02861995684246592,0.9333462065161068,,0.11019582231529057,0.04366815427783877,0.00021176098380237818,0.0,0.04345639329403639,0.0,2880,23040,11.0,,,
PASS,False,1.0.0-local-freeze,8,1280968996,dense_fd,True,True,21,17,21,9,12,0,21,1,22,0.023990776375773373,0.02725052750180334,0.991943359375,0.014476548880338669,0.0034767460310831666,5.076295929029584e-05,2.653902629390359e-05,0.003399444045498967,0.0,336,2688,9.0,11,,
PASS,False,1.0.0-local-freeze,8,1280968996,oracle,False,True,3,1,3,0,3,0,3,1,4,0.017750635296910042,0.0,0.993896484375,0.0024417280219495296,9.747903095558286e-05,3.837398253381252e-05,0.0,5.9105048421770334e-05,0.0,48,384,1.0,2,,
PASS,False,1.0.0-local-freeze,8,946144272,retained_residual,True,True,13,9,13,0,13,0,13,1,14,0.028532744194088126,0.06035652597802264,0.9912109375,0.006146358093246818,0.0017079859972000122,0.00024900102289393544,0.0,0.0014589849743060768,0.0,208,1664,6.0,12,,
PASS,False,1.0.0-local-freeze,8,946144272,anderson_residual,True,True,11,7,11,0,11,0,11,1,12,0.029737716166354806,0.06065230577446612,0.9912109375,0.008034503844100982,0.005404123105108738,0.0002276499872095883,0.0,0.00517647311789915,0.0,176,1408,16.0,10,,
PASS,False,1.0.0-local-freeze,8,946144272,full_broyden,True,True,6,4,6,0,6,0,6,1,7,0.025209957863871955,0.033244842976058786,0.994140625,0.006125249958131462,0.0013910169363953173,0.00024616497103124857,0.0,0.0011448519653640687,0.0,96,768,11.0,5,,
FAIL_CONTRACT_TIMEOUT,False,1.0.0-local-freeze,8,946144272,dense_fd,True,False,,117,,9,171,0,180,0,,0.08316084275434237,1.3178045319004916,,0.2237787166959606,0.08818041568156332,7.633899804204702e-05,5.463103298097849e-05,0.08804944565054029,0.0,2880,23040,9.0,,,
PASS,False,1.0.0-local-freeze,8,946144272,oracle,False,True,3,1,3,0,3,0,3,1,4,0.02434637222564111,0.0,0.995849609375,0.0025293249636888504,9.699998190626502e-05,4.1669991333037615e-05,0.0,5.5329990573227406e-05,0.0,48,384,1.0,2,,
PASS,False,1.0.0-local-freeze,8,1536741766,retained_residual,True,True,12,7,12,0,12,0,12,1,13,0.028141774367477584,0.043542732580441085,0.993408203125,0.005609847896266729,0.0015719499788247049,0.0002480500261299312,0.0,0.0013238999526947737,0.0,192,1536,6.0,11,,
PASS,False,1.0.0-local-freeze,8,1536741766,anderson_residual,True,True,9,7,9,0,9,0,9,1,10,0.017292456513102406,0.03781655940805293,0.994140625,0.003815973992459476,0.002091395086608827,0.0001461189822293818,0.0,0.0019452761043794453,0.0,144,1152,16.0,8,,
PASS,False,1.0.0-local-freeze,8,1536741766,full_broyden,True,True,8,6,8,0,8,0,8,1,9,0.01959352103164957,0.04405544113134839,0.993408203125,0.0034072439302690327,0.0012513200636021793,0.00015041203005239367,0.0,0.0011009080335497856,0.0,128,1024,11.0,7,,
PASS,False,1.0.0-local-freeze,8,1536741766,dense_fd,True,True,21,16,21,9,12,0,21,1,22,0.030785808516147328,0.061376277506582,0.989501953125,0.010082255816087127,0.0026515891076996922,4.8318004701286554e-05,2.5675049982964993e-05,0.0025775960530154407,0.0,336,2688,9.0,11,,
PASS,False,1.0.0-local-freeze,8,1536741766,oracle,False,True,3,1,3,0,3,0,3,1,4,0.01780532659008831,0.0,0.996337890625,0.001788073976058513,9.794003563001752e-05,3.086304059252143e-05,0.0,6.707699503749609e-05,0.0,48,384,1.0,2,,
PASS,False,1.0.0-local-freeze,8,2015248058,retained_residual,True,True,10,6,10,0,10,0,10,1,11,0.020311964468132004,0.03301479888802618,0.9951171875,0.0032308449153788388,0.0008142131264321506,0.0001261050347238779,0.0,0.0006881080917082727,0.0,160,1280,6.0,9,,
PASS,False,1.0.0-local-freeze,8,2015248058,anderson_residual,True,True,12,6,12,0,12,0,12,1,13,0.024875851170914908,0.048722919530069526,0.993408203125,0.004387492022942752,0.002512992068659514,0.00014275801368057728,0.0,0.002370234054978937,0.0,192,1536,16.0,11,,
PASS,False,1.0.0-local-freeze,8,2015248058,full_broyden,True,True,7,5,7,0,7,0,7,1,8,0.026695049772457315,0.019435087865959395,0.995361328125,0.003027352038770914,0.0013257340178824961,0.00023793999571353197,0.0,0.0010877940221689641,0.0,112,896,11.0,6,,
PASS,False,1.0.0-local-freeze,8,2015248058,dense_fd,True,True,20,18,20,9,11,0,20,1,21,0.022075328425710836,0.052028550384303984,0.991455078125,0.025031577970366925,0.0033088760101236403,8.469197200611234e-05,0.000556665996555239,0.002667518041562289,0.0,320,2560,9.0,10,,
PASS,False,1.0.0-local-freeze,8,2015248058,oracle,False,True,3,1,3,0,3,0,3,1,4,0.02099591632147052,0.0,0.99609375,0.0014401240041479468,5.30509278178215e-05,2.3645989131182432e-05,0.0,2.940493868663907e-05,0.0,48,384,1.0,2,,
PASS,False,1.0.0-local-freeze,8,1062974352,retained_residual,True,True,8,6,8,0,8,0,8,1,9,0.020425358271637484,0.032566154341476264,0.9912109375,0.0025174139882437885,0.0005743590299971402,0.00010348600335419178,0.0,0.0004708730266429484,0.0,128,1024,6.0,7,,
PASS,False,1.0.0-local-freeze,8,1062974352,anderson_residual,True,True,9,7,9,0,9,0,9,1,10,0.02933283823762294,0.023303624508708147,0.9921875,0.0054713801946491,0.0028580439975485206,0.0002087460015900433,0.0,0.0026492979959584773,0.0,144,1152,16.0,8,,
PASS,False,1.0.0-local-freeze,8,1062974352,full_broyden,True,True,9,7,9,0,9,0,9,1,10,0.031913741821022655,0.053431943954100225,0.988525390625,0.00468916300451383,0.0021427939645946026,0.000365997024346143,0.0,0.0017767969402484596,0.0,144,1152,11.0,8,,
PASS,False,1.0.0-local-freeze,8,1062974352,dense_fd,True,True,21,19,21,9,12,0,21,1,22,0.013204769506121958,0.04291011794200657,0.989990234375,0.009373606008011848,0.002002938068471849,7.157301297411323e-05,5.283899372443557e-05,0.0018785260617733002,0.0,336,2688,9.0,11,,
PASS,False,1.0.0-local-freeze,8,1062974352,oracle,False,True,5,1,5,0,5,0,5,1,6,0.02759261639384448,0.0,0.9931640625,0.0014468530425801873,7.525598630309105e-05,2.3666012566536665e-05,0.0,5.1589973736554384e-05,0.0,80,640,1.0,4,,
PASS,False,1.0.0-local-freeze,8,317314755,retained_residual,True,True,8,6,8,0,8,0,8,1,9,0.029152706188457087,0.03559989800126871,0.992919921875,0.0042737359763123095,0.0007577249780297279,0.00013260100968182087,0.0,0.0006251239683479071,0.0,128,1024,6.0,7,,
PASS,False,1.0.0-local-freeze,8,317314755,anderson_residual,True,True,8,6,8,0,8,0,8,1,9,0.029455771289402192,0.03635632063676022,0.992919921875,0.005570303997956216,0.0013716809335164726,0.00015045201871544123,0.0,0.0012212289148010314,0.0,128,1024,16.0,7,,
PASS,False,1.0.0-local-freeze,8,317314755,full_broyden,True,True,9,7,9,0,9,0,9,1,10,0.02352713293810493,0.0375770726510944,0.9921875,0.00653579318895936,0.002506443182937801,0.00020311097614467144,0.0,0.0023033322067931294,0.0,144,1152,11.0,8,,
FAIL_CONTRACT_TIMEOUT,False,1.0.0-local-freeze,8,317314755,dense_fd,True,False,,,,9,171,0,180,0,,0.27211426313523784,1.55120114624822,,0.08055329462513328,0.031336315092630684,5.048298044130206e-05,2.847897121682763e-05,0.031257353140972555,0.0,2880,23040,9.0,,,
PASS,False,1.0.0-local-freeze,8,317314755,oracle,False,True,3,1,3,0,3,0,3,1,4,0.018244714010604984,1.2266347333466993e-18,0.9951171875,0.0032853629672899842,0.00010754703544080257,3.736600046977401e-05,0.0,7.018103497102857e-05,0.0,48,384,1.0,2,,
PASS,False,1.0.0-local-freeze,8,1833476299,retained_residual,True,True,16,7,16,0,16,0,16,1,17,0.0185175071435716,0.027780971509867334,0.99609375,0.010422519175335765,0.009887410968076438,0.00019887095550075173,0.0,0.009688540012575686,0.0,256,2048,6.0,15,,
PASS,False,1.0.0-local-freeze,8,1833476299,anderson_residual,True,True,13,8,13,0,13,0,13,1,14,0.017049469258278487,0.02895232708443295,0.996337890625,0.005902332835830748,0.0037775030941702425,0.00013271300122141838,0.0,0.003644790092948824,0.0,208,1664,16.0,12,,
PASS,False,1.0.0-local-freeze,8,1833476299,full_broyden,True,True,14,9,14,0,14,0,14,1,15,0.028461891654662327,0.06425440118638,0.9921875,0.015801961941178888,0.0053622169070877135,0.00028125999961048365,0.0,0.00508095690747723,0.0,224,1792,11.0,13,,
PASS,False,1.0.0-local-freeze,8,1833476299,dense_fd,True,True,17,15,17,9,8,0,17,1,18,0.015302914713933188,0.0415383383457847,0.995361328125,0.011288216977845877,0.002287054026965052,5.1059003453701735e-05,8.928898023441434e-05,0.002146706043276936,0.0,272,2176,9.0,7,,
PASS,False,1.0.0-local-freeze,8,1833476299,oracle,False,True,4,2,4,0,4,0,4,1,5,0.02220589506518955,0.0,0.99755859375,0.001505143940448761,6.818905239924788e-05,2.487999154254794e-05,0.0,4.3309060856699944e-05,0.0,64,512,1.0,3,,
PASS,False,1.0.0-local-freeze,8,1883236474,retained_residual,True,True,13,7,13,0,13,0,13,1,14,0.021691279705825028,0.0458412535910851,0.992919921875,0.004209404170978814,0.0012355790822766721,0.00028570799622684717,0.0,0.000949871086049825,0.0,208,1664,6.0,12,,
PASS,False,1.0.0-local-freeze,8,1883236474,anderson_residual,True,True,18,11,18,0,18,0,18,1,19,0.034715968469535764,0.08214581367685658,0.986572265625,0.014896486012730747,0.011378398921806365,0.0001621090341359377,0.0,0.011216289887670428,0.0,288,2304,16.0,17,,
PASS,False,1.0.0-local-freeze,8,1883236474,full_broyden,True,True,13,4,13,0,13,0,13,1,14,0.02714671945967565,0.05406754639192798,0.9912109375,0.008245656033977866,0.0027914879610762,0.00020747300004586577,0.0,0.0025840149610303342,0.0,208,1664,11.0,12,,
PASS,False,1.0.0-local-freeze,8,1883236474,dense_fd,True,True,18,16,18,9,9,0,18,1,19,0.025062048919880224,0.06296900845498257,0.98974609375,0.007380868890322745,0.001946727861650288,5.35349827259779e-05,5.157297709956765e-05,0.0018416199018247426,0.0,288,2304,9.0,8,,
PASS,False,1.0.0-local-freeze,8,1883236474,oracle,False,True,3,1,3,0,3,0,3,1,4,0.030649008973856876,0.0,0.995849609375,0.002537899010349065,0.00010916998144239187,3.9965962059795856e-05,0.0,6.920401938259602e-05,0.0,48,384,1.0,2,,
PASS,False,1.0.0-local-freeze,8,812473704,retained_residual,True,True,10,8,10,0,10,0,10,1,11,0.02199875023933383,0.03498291559076041,0.9912109375,0.005479333980474621,0.005650333012454212,0.0004881590139120817,0.0,0.00516217399854213,0.0,160,1280,6.0,9,,
PASS,False,1.0.0-local-freeze,8,812473704,anderson_residual,True,True,9,7,9,0,9,0,9,1,10,0.03135781762209885,0.06179844079159789,0.986328125,0.0060584169696085155,0.0023780909832566977,0.00014182296581566334,0.0,0.0022362680174410343,0.0,144,1152,16.0,8,,
PASS,False,1.0.0-local-freeze,8,812473704,full_broyden,True,True,15,13,15,0,15,0,15,1,16,0.03341539632771975,0.037437187217389555,0.990966796875,0.005870863096788526,0.0026558790705166757,0.00013108598068356514,0.0,0.0025247930898331106,0.0,240,1920,11.0,14,,
PASS,False,1.0.0-local-freeze,8,812473704,dense_fd,True,True,35,26,35,9,26,0,35,1,36,0.028818161232401895,0.043139985774400764,0.990234375,0.010765621962491423,0.0040576119208708405,4.8985995817929506e-05,2.5856017600744963e-05,0.003982769907452166,0.0,560,4480,9.0,25,,
PASS,False,1.0.0-local-freeze,8,812473704,oracle,False,True,3,1,3,0,3,0,3,1,4,0.01634694233455511,0.0,0.993408203125,0.0021326999412849545,0.00010225997539237142,3.943097544834018e-05,0.0,6.282899994403124e-05,0.0,48,384,1.0,2,,
PASS,False,1.0.0-local-freeze,8,1612189033,retained_residual,True,True,8,6,8,0,8,0,8,1,9,0.020186126508727746,0.056832670255713216,0.9892578125,0.007572938979137689,0.004031835938803852,0.0002391779562458396,0.0,0.003792657982558012,0.0,128,1024,6.0,7,,
PASS,False,1.0.0-local-freeze,8,1612189033,anderson_residual,True,True,8,6,8,0,8,0,8,1,9,0.024691266846893177,0.04902433390789852,0.99072265625,0.003164488007314503,0.0015352810150943696,0.00013658899115398526,0.0,0.0013986920239403844,0.0,128,1024,16.0,7,,
PASS,False,1.0.0-local-freeze,8,1612189033,full_broyden,True,True,8,6,8,0,8,0,8,1,9,0.02560612122659517,0.057823479668358706,0.987548828125,0.003747974114958197,0.002122613077517599,0.00023838900960981846,0.0,0.0018842240679077804,0.0,128,1024,11.0,7,,
PASS,False,1.0.0-local-freeze,8,1612189033,dense_fd,True,True,21,17,21,9,12,0,21,1,22,0.023585014241796338,0.054375505571099665,0.989501953125,0.008023321977816522,0.002436931012198329,7.9440011177212e-05,2.6209978386759758e-05,0.002331281022634357,0.0,336,2688,9.0,11,,
PASS,False,1.0.0-local-freeze,8,1612189033,oracle,False,True,3,1,3,0,3,0,3,1,4,0.012310051127466276,0.0,0.994384765625,0.0021543459151871502,9.067298378795385e-05,2.3245986085385084e-05,0.0,6.742699770256877e-05,0.0,48,384,1.0,2,,
PASS,False,1.0.0-local-freeze,8,1990616316,retained_residual,True,True,10,6,10,0,10,0,10,1,11,0.015766457149143133,0.03349993859698491,0.9921875,0.008275522966869175,0.002785937103908509,0.00020336097804829478,0.0,0.0025825761258602142,0.0,160,1280,6.0,9,,
PASS,False,1.0.0-local-freeze,8,1990616316,anderson_residual,True,True,10,6,10,0,10,0,10,1,11,0.018172493895391786,0.04493374206239934,0.99072265625,0.005338836228474975,0.0027547520003281534,0.00012960494495928288,0.0,0.0026251470553688705,0.0,160,1280,16.0,9,,
PASS,False,1.0.0-local-freeze,8,1990616316,full_broyden,True,True,11,7,11,0,11,0,11,1,12,0.028724158739697577,0.0413783498568745,0.990966796875,0.008169545966666192,0.0019239039975218475,0.0002453019842505455,0.0,0.001678602013271302,0.0,176,1408,11.0,10,,
PASS,False,1.0.0-local-freeze,8,1990616316,dense_fd,True,True,20,16,20,9,11,0,20,1,21,0.01647270910748945,0.03614042282405356,0.992431640625,0.011667181912343949,0.0020241249003447592,8.465797873213887e-05,5.6538963690400124e-05,0.0018829279579222202,0.0,320,2560,9.0,10,,
PASS,False,1.0.0-local-freeze,8,1990616316,oracle,False,True,3,1,3,0,3,0,3,1,4,0.019665826644845674,0.0,0.99462890625,0.0018984490307047963,6.357597885653377e-05,3.067601937800646e-05,0.0,3.289995947852731e-05,0.0,48,384,1.0,2,,
FAIL_CONTRACT_TIMEOUT,False,1.0.0-local-freeze,8,195957893,retained_residual,True,False,,10,,0,180,0,180,50,,0.0217629492019315,0.9997863105590763,,0.10652080044383183,0.02586198115022853,0.00012667401460930705,0.0,0.025735307135619223,0.0,2880,23040,6.0,,,
PASS,False,1.0.0-local-freeze,8,195957893,anderson_residual,True,True,41,17,41,0,41,0,41,1,42,0.031364350909171446,0.07938233717225081,0.985595703125,0.021594325022306293,0.014814408030360937,0.00012451497605070472,0.0,0.014689893054310232,0.0,656,5248,16.0,40,,
PASS,False,1.0.0-local-freeze,8,195957893,full_broyden,True,True,7,5,7,0,7,0,7,1,8,0.027545863184357096,0.06036182746505083,0.9892578125,0.004406402062159032,0.0016340430593118072,0.00013152003521099687,0.0,0.0015025230241008103,0.0,112,896,11.0,6,,
PASS,False,1.0.0-local-freeze,8,195957893,dense_fd,True,True,19,17,19,9,10,0,19,1,20,0.026666287007212068,0.04255463806184161,0.9912109375,0.011056687915697694,0.003048843063879758,0.00014000997180119157,4.572799662128091e-05,0.0028631050954572856,0.0,304,2432,9.0,9,,
PASS,False,1.0.0-local-freeze,8,195957893,oracle,False,True,3,1,3,0,3,0,3,1,4,0.031100990755852716,4.9065389333867974e-18,0.994873046875,0.0018760149832814932,6.186793325468898e-05,2.2103951778262854e-05,0.0,3.9763981476426125e-05,0.0,48,384,1.0,2,,
PASS,False,1.0.0-local-freeze,8,561759483,retained_residual,True,True,13,7,13,0,13,0,13,1,14,0.030337481282357696,0.04565571862379894,0.991943359375,0.004565512062981725,0.001342400093562901,0.00011672900291159749,0.0,0.0012256710906513035,0.0,208,1664,6.0,12,,
PASS,False,1.0.0-local-freeze,8,561759483,anderson_residual,True,True,13,7,13,0,13,0,13,1,14,0.024534766315725667,0.05693675868794011,0.9912109375,0.008810782921500504,0.0036803599796257913,0.00019589898874983191,0.0,0.0034844609908759594,0.0,208,1664,16.0,12,,
PASS,False,1.0.0-local-freeze,8,561759483,full_broyden,True,True,8,6,8,0,8,0,8,1,9,0.00938950053002819,0.04190734023069617,0.9931640625,0.0029087320435792208,0.0014224050100892782,0.00014213501708582044,0.0,0.0012802699930034578,0.0,128,1024,11.0,7,,
PASS,False,1.0.0-local-freeze,8,561759483,dense_fd,True,True,26,19,26,9,17,0,26,1,27,0.0184307981692478,0.029480453239829313,0.994140625,0.00911821989575401,0.003967563097830862,5.541398422792554e-05,2.742203650996089e-05,0.0038847270770929754,0.0,416,3328,9.0,16,,
PASS,False,1.0.0-local-freeze,8,561759483,oracle,False,True,3,1,3,0,3,0,3,1,4,0.019413593678023443,1.962615573354719e-17,0.99560546875,0.0016776410629972816,6.795499939471483e-05,2.067600144073367e-05,0.0,4.727899795398116e-05,0.0,48,384,1.0,2,,
PASS,False,1.0.0-local-freeze,8,295370387,retained_residual,True,True,8,6,8,0,8,0,8,1,9,0.020756619994539507,0.026002290511214363,0.99462890625,0.010335209895856678,0.002271526143886149,0.00019513402367010713,0.0,0.002076392120216042,0.0,128,1024,6.0,7,,
PASS,False,1.0.0-local-freeze,8,295370387,anderson_residual,True,True,9,7,9,0,9,0,9,1,10,0.019310659203560027,0.05215284746368308,0.991943359375,0.0058422821457497776,0.0027715988690033555,0.0001265959581360221,0.0,0.0026450029108673334,0.0,144,1152,16.0,8,,
PASS,False,1.0.0-local-freeze,8,295370387,full_broyden,True,True,14,12,14,0,14,0,14,1,15,0.029477642590560703,0.027552782267663112,0.99462890625,0.008896175830159336,0.0035003050579689443,0.00022647896548733115,0.0,0.003273826092481613,0.0,224,1792,11.0,13,,
PASS,False,1.0.0-local-freeze,8,295370387,dense_fd,True,True,20,16,20,9,11,0,20,1,21,0.02515270563591897,0.038815847470330435,0.994384765625,0.00870879483409226,0.0018904618918895721,8.571194484829903e-05,2.7235946618020535e-05,0.0017775140004232526,0.0,320,2560,9.0,10,,
PASS,False,1.0.0-local-freeze,8,295370387,oracle,False,True,3,1,3,0,3,0,3,1,4,0.014822874950672818,9.813077866773595e-18,0.995849609375,0.0026263389736413956,9.77039453573525e-05,2.6678957510739565e-05,0.0,7.102498784661293e-05,0.0,48,384,1.0,2,,
PASS,False,1.0.0-local-freeze,8,2134251794,retained_residual,True,True,9,7,9,0,9,0,9,1,10,0.01572529077670432,0.041894988802334346,0.992919921875,0.005466370959766209,0.0023630569921806455,0.00020929798483848572,0.0,0.0021537590073421597,0.0,144,1152,6.0,8,,
PASS,False,1.0.0-local-freeze,8,2134251794,anderson_residual,True,True,9,7,9,0,9,0,9,1,10,0.017230085155478102,0.05188985516088651,0.991943359375,0.006013089092448354,0.0022637220681644976,0.00025770498905330896,0.0,0.0020060170791111887,0.0,144,1152,16.0,8,,
PASS,False,1.0.0-local-freeze,8,2134251794,full_broyden,True,True,15,13,15,0,15,0,15,1,16,0.023285372068329393,0.035681611338010004,0.993896484375,0.005432017031125724,0.0021680269856005907,0.00018886994803324342,0.0,0.0019791570375673473,0.0,240,1920,11.0,14,,
PASS,False,1.0.0-local-freeze,8,2134251794,dense_fd,True,True,19,17,19,9,10,0,19,1,20,0.02493194615751757,0.046305062466150064,0.99169921875,0.01825376000488177,0.0036045590532012284,7.214496145024896e-05,9.196804603561759e-05,0.003440446045715362,0.0,304,2432,9.0,9,,
PASS,False,1.0.0-local-freeze,8,2134251794,oracle,False,True,6,1,6,0,6,0,6,1,7,0.02337734131128608,4.9065389333867974e-18,0.995361328125,0.003455940925050527,0.0001881990465335548,2.091703936457634e-05,0.0,0.00016728200716897845,0.0,96,768,1.0,5,,
PASS,False,1.0.0-local-freeze,8,1411606814,retained_residual,True,True,12,10,12,0,12,0,12,1,13,0.030955235763130126,0.053968679619928094,0.98876953125,0.008939356077462435,0.001976358878891915,0.0001301699667237699,0.0,0.0018461889121681452,0.0,192,1536,6.0,11,,
PASS,False,1.0.0-local-freeze,8,1411606814,anderson_residual,True,True,15,8,15,0,15,0,15,1,16,0.0329602276602887,0.05781933031594195,0.9873046875,0.007247874280437827,0.004309156094677746,0.00016620400128886104,0.0,0.004142952093388885,0.0,240,1920,16.0,14,,
PASS,False,1.0.0-local-freeze,8,1411606814,full_broyden,True,True,10,6,10,0,10,0,10,1,11,0.027131894786724075,0.045023313020588485,0.990234375,0.008473901019897312,0.0032713309628888965,0.00024300400400534272,0.0,0.0030283269588835537,0.0,160,1280,11.0,9,,
PASS,False,1.0.0-local-freeze,8,1411606814,dense_fd,True,True,32,30,32,9,23,0,32,1,33,0.027079119109909136,0.07674776765832907,0.98291015625,0.02046003716532141,0.005470997886732221,0.00011184898903593421,5.182996392250061e-05,0.005307318933773786,0.0,512,4096,9.0,22,,
PASS,False,1.0.0-local-freeze,8,1411606814,oracle,False,True,3,1,3,0,3,0,3,1,4,0.03417129413545371,4.046035655711836e-17,0.994384765625,0.002254446968436241,7.499003550037742e-05,3.0327006243169308e-05,0.0,4.466302925720811e-05,0.0,48,384,1.0,2,,
PASS,False,1.0.0-local-freeze,8,2130388698,retained_residual,True,True,12,7,12,0,12,0,12,1,13,0.022481991395664123,0.027652631861044667,0.990966796875,0.005326704995241016,0.001191078801639378,0.00012685300316661596,0.0,0.001064225798472762,0.0,192,1536,6.0,11,,
PASS,False,1.0.0-local-freeze,8,2130388698,anderson_residual,True,True,10,8,10,0,10,0,10,1,11,0.021464772384844257,0.03332743931212106,0.990478515625,0.004599254112690687,0.002044582972303033,0.0001336190034635365,0.0,0.0019109639688394964,0.0,160,1280,16.0,9,,
PASS,False,1.0.0-local-freeze,8,2130388698,full_broyden,True,True,9,7,9,0,9,0,9,1,10,0.031062397509584262,0.02621642375651095,0.9912109375,0.004699949990026653,0.0017538318643346429,0.00023707101354375482,0.0,0.001516760850790888,0.0,144,1152,11.0,8,,
PASS,False,1.0.0-local-freeze,8,2130388698,dense_fd,True,True,17,15,17,9,8,0,17,1,18,0.026461819972191863,0.04630634861282766,0.988037109375,0.00860931194620207,0.0017767510144039989,6.76929485052824e-05,4.860397893935442e-05,0.001660454086959362,0.0,272,2176,9.0,7,,
PASS,False,1.0.0-local-freeze,8,2130388698,oracle,False,True,3,1,3,0,3,0,3,1,4,0.015509896702843627,0.0,0.9921875,0.001646954973693937,5.6838965974748135e-05,1.9485014490783215e-05,0.0,3.735395148396492e-05,0.0,48,384,1.0,2,,
PASS,False,1.0.0-local-freeze,8,305030663,retained_residual,True,True,10,8,10,0,10,0,10,1,11,0.031124339177114043,0.051491980574521985,0.994140625,0.003085023956373334,0.0009214169695042074,0.00012073700781911612,0.0,0.0008006799616850913,0.0,160,1280,6.0,9,,
PASS,False,1.0.0-local-freeze,8,305030663,anderson_residual,True,True,13,8,13,0,13,0,13,1,14,0.026311179121122154,0.05083048752314547,0.994384765625,0.005351844942197204,0.002743277116678655,0.00022799702128395438,0.0,0.0025152800953947008,0.0,208,1664,16.0,12,,
PASS,False,1.0.0-local-freeze,8,305030663,full_broyden,True,True,10,8,10,0,10,0,10,1,11,0.027344294951321887,0.03985373908140016,0.995361328125,0.005330722022335976,0.0020662490278482437,0.0001757220015861094,0.0,0.0018905270262621343,0.0,160,1280,11.0,9,,
FAIL_CONTRACT_TIMEOUT,False,1.0.0-local-freeze,8,305030663,dense_fd,True,False,,,,9,171,0,180,0,,0.10940510471750246,1.2812591741973207,,0.0967235850985162,0.03279429086251184,5.886203143745661e-05,2.6780006010085344e-05,0.0327086488250643,0.0,2880,23040,9.0,,,
PASS,False,1.0.0-local-freeze,8,305030663,oracle,False,True,3,1,3,0,3,0,3,1,4,0.019065647803385013,2.023017827855918e-17,0.9970703125,0.0015521860914304852,5.7120982091873884e-05,2.060498809441924e-05,0.0,3.651599399745464e-05,0.0,48,384,1.0,2,,
PASS,False,1.0.0-local-freeze,8,484958000,retained_residual,True,True,11,7,11,0,11,0,11,1,12,0.030008448364862213,0.04129586062212126,0.990966796875,0.006407873937860131,0.0018473980017006397,0.00023598299594596028,0.0,0.0016114150057546794,0.0,176,1408,6.0,10,,
PASS,False,1.0.0-local-freeze,8,484958000,anderson_residual,True,True,9,7,9,0,9,0,9,1,10,0.029422743935903963,0.06607810136585739,0.987548828125,0.006295736005995423,0.002270638069603592,0.00018746097339317203,0.0,0.00208317709621042,0.0,144,1152,16.0,8,,
PASS,False,1.0.0-local-freeze,8,484958000,full_broyden,True,True,12,10,12,0,12,0,12,1,13,0.02391830638975509,0.03512072894185484,0.9921875,0.0086215510382317,0.003701076959259808,0.00021392200142145157,0.0,0.0034871549578383565,0.0,192,1536,11.0,11,,
PASS,False,1.0.0-local-freeze,8,484958000,dense_fd,True,True,49,27,49,9,40,0,49,1,50,0.016293529017054283,0.058789799202268615,0.98828125,0.036227588017936796,0.008592189056798816,6.291799945756793e-05,5.2623043302446604e-05,0.008476648014038801,0.0,784,6272,9.0,39,,
PASS,False,1.0.0-local-freeze,8,484958000,oracle,False,True,3,1,3,0,3,0,3,1,4,0.026808819569344344,2.1942709178604383e-17,0.99462890625,0.0014117989339865744,5.9030018746852875e-05,2.0387000404298306e-05,0.0,3.864301834255457e-05,0.0,48,384,1.0,2,,
PASS,False,1.0.0-local-freeze,8,668379286,retained_residual,True,True,20,8,20,0,20,0,20,1,21,0.014538927818629747,0.040299434580272984,0.99267578125,0.008430006040725857,0.0026324617792852223,0.000192353967577219,0.0,0.0024401078117080033,0.0,320,2560,6.0,19,,
PASS,False,1.0.0-local-freeze,8,668379286,anderson_residual,True,True,48,14,48,0,48,0,48,1,49,0.034378238005288116,0.06748922879890719,0.986572265625,0.02404811978340149,0.02407910890178755,0.00018117099534720182,0.0,0.023897937906440347,0.0,768,6144,16.0,47,,
FAIL_CONTRACT_TIMEOUT,False,1.0.0-local-freeze,8,668379286,full_broyden,True,False,,,,0,180,0,180,0,,0.09837151844063408,0.9833552585345897,,0.08876906806835905,0.04060427215881646,0.000160337018314749,0.0,0.04044393514050171,0.0,2880,23040,11.0,,,
PASS,False,1.0.0-local-freeze,8,668379286,dense_fd,True,True,43,39,43,9,34,0,43,1,44,0.02160109976467746,0.034687320566662155,0.992919921875,0.030441965733189136,0.010922231944277883,6.15940080024302e-05,4.660297418013215e-05,0.01081403496209532,0.0,688,5504,9.0,33,,
PASS,False,1.0.0-local-freeze,8,668379286,oracle,False,True,3,1,3,0,3,0,3,1,4,0.010935687868681347,4.9065389333867974e-18,0.99462890625,0.0012355989310890436,5.139404674991965e-05,1.9081984646618366e-05,0.0,3.231206210330129e-05,0.0,48,384,1.0,2,,
PASS,False,1.0.0-local-freeze,8,2091457751,retained_residual,True,True,13,8,13,0,13,0,13,1,14,0.02438001165464841,0.048260435146128496,0.9931640625,0.003536673088092357,0.0010210550972260535,0.00011558103142306209,0.0,0.0009054740658029914,0.0,208,1664,6.0,12,,
PASS,False,1.0.0-local-freeze,8,2091457751,anderson_residual,True,True,12,10,12,0,12,0,12,1,13,0.032235924487980135,0.06226854924892666,0.98974609375,0.005987589887809008,0.0032391531276516616,0.0001337850117124617,0.0,0.0031053681159392,0.0,192,1536,16.0,11,,
PASS,False,1.0.0-local-freeze,8,2091457751,full_broyden,True,True,7,5,7,0,7,0,7,1,8,0.03071530185567903,0.030608347677320676,0.995361328125,0.003710529883392155,0.0013376020942814648,0.0001381330075673759,0.0,0.001199469086714089,0.0,112,896,11.0,6,,
PASS,False,1.0.0-local-freeze,8,2091457751,dense_fd,True,True,50,28,50,9,41,0,50,1,51,0.02579600172222544,0.036520053876340455,0.993896484375,0.026669048180337995,0.008140156976878643,5.1847018767148256e-05,4.9833033699542284e-05,0.008038476924411952,0.0,800,6400,9.0,40,,
PASS,False,1.0.0-local-freeze,8,2091457751,oracle,False,True,3,1,3,0,3,0,3,1,4,0.023788525554942565,0.0,0.99658203125,0.001704938942566514,7.325800834223628e-05,2.9471993912011385e-05,0.0,4.3786014430224895e-05,0.0,48,384,1.0,2,,
PASS,False,1.0.0-local-freeze,8,427837642,retained_residual,True,True,13,11,13,0,13,0,13,1,14,0.020958445306659586,0.032477470606264346,0.991943359375,0.00635567691642791,0.0014463159604929388,0.00012134498683735728,0.0,0.0013249709736555815,0.0,208,1664,6.0,12,,
PASS,False,1.0.0-local-freeze,8,427837642,anderson_residual,True,True,12,10,12,0,12,0,12,1,13,0.03195865126297895,0.047678117437453545,0.990478515625,0.0065486078965477645,0.0036181460600346327,0.00012611295096576214,0.0,0.0034920331090688705,0.0,192,1536,16.0,11,,
FAIL_CONTRACT_TIMEOUT,False,1.0.0-local-freeze,8,427837642,full_broyden,True,False,,8,,0,180,0,180,31,,0.024966288725772747,1.1316460900246663,,0.12207531416788697,0.04779071290977299,0.00014285900397226214,0.0,0.04764785390580073,0.0,2880,23040,11.0,,,
PASS,False,1.0.0-local-freeze,8,427837642,dense_fd,True,True,23,17,23,9,14,0,23,1,24,0.023296568266642177,0.040591848332633754,0.9912109375,0.008387228881474584,0.0016581069794483483,9.808497270569205e-05,2.6180001441389322e-05,0.001533842005301267,0.0,368,2944,9.0,13,,
PASS,False,1.0.0-local-freeze,8,427837642,oracle,False,True,3,1,3,0,3,0,3,1,4,0.025829916594780847,2.943923360032078e-17,0.993896484375,0.002933267969638109,0.00013755797408521175,3.087398363277316e-05,0.0,0.00010668399045243859,0.0,48,384,1.0,2,,
PASS,False,1.0.0-local-freeze,8,1523209647,retained_residual,True,True,18,10,18,0,18,0,18,1,19,0.03409631642892831,0.048787035669426396,0.993408203125,0.007697573164477944,0.0018907899502664804,0.00016659399261698127,0.0,0.0017241959576494992,0.0,288,2304,6.0,17,,
PASS,False,1.0.0-local-freeze,8,1523209647,anderson_residual,True,True,21,10,21,0,21,0,21,1,22,0.027520291038404754,0.04581250990496383,0.994140625,0.010676226112991571,0.00888595194555819,0.00013289001071825624,0.0,0.008753061934839934,0.0,336,2688,16.0,20,,
PASS,False,1.0.0-local-freeze,8,1523209647,full_broyden,True,True,8,6,8,0,8,0,8,1,9,0.0286451975434001,0.021771386110879514,0.99609375,0.004197748028673232,0.004851531062740833,0.00023118301760405302,0.0,0.0046203480451367795,0.0,128,1024,11.0,7,,
PASS,False,1.0.0-local-freeze,8,1523209647,dense_fd,True,True,18,16,18,9,9,0,18,1,19,0.029405012828329188,0.0355400751197432,0.994873046875,0.006757494993507862,0.0015433329390361905,0.00014073395868763328,2.9635964892804623e-05,0.0013729630154557526,0.0,288,2304,9.0,8,,
PASS,False,1.0.0-local-freeze,8,1523209647,oracle,False,True,3,1,3,0,3,0,3,1,4,0.014051348185084642,0.0,0.99658203125,0.0015730579616501927,0.0007103239768184721,0.0006750600296072662,0.0,3.526394721120596e-05,0.0,48,384,1.0,2,,
PASS,False,1.0.0-local-freeze,8,1177627976,retained_residual,True,True,8,6,8,0,8,0,8,1,9,0.022698021889510235,0.05921405496902725,0.99072265625,0.008762810961343348,0.0017808789853006601,0.00041539198718965054,0.0,0.0013654869981110096,0.0,128,1024,6.0,7,,
PASS,False,1.0.0-local-freeze,8,1177627976,anderson_residual,True,True,8,6,8,0,8,0,8,1,9,0.02239133582680576,0.05989946047444277,0.990478515625,0.0026202769367955625,0.0010127780842594802,0.00012032903032377362,0.0,0.0008924490539357066,0.0,128,1024,16.0,7,,
PASS,False,1.0.0-local-freeze,8,1177627976,full_broyden,True,True,10,8,10,0,10,0,10,1,11,0.019570311586300036,0.0309141915187593,0.994384765625,0.005974741012323648,0.002773642016109079,0.0002040690160356462,0.0,0.002569573000073433,0.0,160,1280,11.0,9,,
PASS,False,1.0.0-local-freeze,8,1177627976,dense_fd,True,True,26,21,26,9,17,0,26,1,27,0.031226745536216224,0.05230224804801144,0.990966796875,0.010463395970873535,0.002738341980148107,6.021599983796477e-05,2.6098976377397776e-05,0.0026520270039327443,0.0,416,3328,9.0,16,,
PASS,False,1.0.0-local-freeze,8,1177627976,oracle,False,True,3,1,3,0,3,0,3,1,4,0.024894713186392026,1.962615573354719e-17,0.995849609375,0.0020338750910013914,9.42700426094234e-05,3.564701182767749e-05,0.0,5.862303078174591e-05,0.0,48,384,1.0,2,,
PASS,False,1.0.0-local-freeze,8,822056531,retained_residual,True,True,12,10,12,0,12,0,12,1,13,0.027616637789638833,0.04948967363265708,0.989501953125,0.007514123048167676,0.002194860950112343,0.00026798603357747197,0.0,0.0019268749165348709,0.0,192,1536,6.0,11,,
PASS,False,1.0.0-local-freeze,8,822056531,anderson_residual,True,True,12,8,12,0,12,0,12,1,13,0.02383545934647018,0.058054067556072314,0.98974609375,0.006134213996119797,0.003177159989718348,0.0001771789975464344,0.0,0.0029999809921719134,0.0,192,1536,16.0,11,,
PASS,False,1.0.0-local-freeze,8,822056531,full_broyden,True,True,7,5,7,0,7,0,7,1,8,0.02508552347065501,0.04162309871711712,0.99169921875,0.0037768149632029235,0.002021681983023882,0.00023214297834783792,0.0,0.001789539004676044,0.0,112,896,11.0,6,,
PASS,False,1.0.0-local-freeze,8,822056531,dense_fd,True,True,18,16,18,9,9,0,18,1,19,0.03385168457713544,0.06840668670389179,0.986328125,0.012782385922037065,0.0018439568812027574,7.504201494157314e-05,2.6815978344529867e-05,0.0017420988879166543,0.0,288,2304,9.0,8,,
PASS,False,1.0.0-local-freeze,8,822056531,oracle,False,True,3,1,3,0,3,0,3,1,4,0.020981362076119947,0.0,0.99462890625,0.0026057400391437113,0.0001053130254149437,3.7769030313938856e-05,0.0,6.754399510100484e-05,0.0,48,384,1.0,2,,
PASS,False,1.0.0-local-freeze,8,445399178,retained_residual,True,True,10,8,10,0,10,0,10,1,11,0.02346958507367735,0.039875921780519866,0.992431640625,0.004790852952282876,0.0011874078772962093,0.00025605998234823346,0.0,0.0009313478949479759,0.0,160,1280,6.0,9,,
PASS,False,1.0.0-local-freeze,8,445399178,anderson_residual,True,True,12,8,12,0,12,0,12,1,13,0.030644511410650246,0.02400594025381894,0.994140625,0.007823860039934516,0.005295219947583973,0.0002396880299784243,0.0,0.005055531917605549,0.0,192,1536,16.0,11,,
PASS,False,1.0.0-local-freeze,8,445399178,full_broyden,True,True,19,17,19,0,19,0,19,1,20,0.027540588336635793,0.03505485437438747,0.993408203125,0.01376234507188201,0.006487074017059058,0.0003246620181016624,0.0,0.0061624119989573956,0.0,304,2432,11.0,18,,
PASS,False,1.0.0-local-freeze,8,445399178,dense_fd,True,True,111,35,111,9,102,0,111,1,112,0.023489893525663007,0.034553851374158624,0.9931640625,0.040349527436774224,0.01637283869786188,5.764397792518139e-05,0.0001546909916214645,0.016160503728315234,0.0,1776,14208,9.0,101,,
PASS,False,1.0.0-local-freeze,8,445399178,oracle,False,True,7,1,7,0,7,0,7,1,8,0.029930137111121618,3.925231146709438e-17,0.995361328125,0.0030416600639000535,0.00016117194900289178,2.511701313778758e-05,0.0,0.0001360549358651042,0.0,112,896,1.0,6,,
PASS,False,1.0.0-local-freeze,8,1242705187,retained_residual,True,True,11,9,11,0,11,0,11,1,12,0.033363739192755516,0.03945089127071419,0.99267578125,0.003246194974053651,0.0010481058852747083,0.00011660996824502945,0.0,0.0009314959170296788,0.0,176,1408,6.0,10,,
FAIL_CONTRACT_TIMEOUT,False,1.0.0-local-freeze,8,1242705187,anderson_residual,True,False,,11,,0,180,0,180,0,,0.04351006176107973,0.06963836278047357,,0.09450550703331828,0.0734919203678146,0.0001286009792238474,0.0,0.07336331938859075,0.0,2880,23040,16.0,,,
PASS,False,1.0.0-local-freeze,8,1242705187,full_broyden,True,True,12,10,12,0,12,0,12,1,13,0.02916982440657626,0.050220765496075515,0.99267578125,0.017887198948301375,0.00309609598480165,0.000223441980779171,0.0,0.002872654004022479,0.0,192,1536,11.0,11,,
FAIL_CONTRACT_TIMEOUT,False,1.0.0-local-freeze,8,1242705187,dense_fd,True,False,,,,9,171,0,180,0,,0.22742762312968237,1.5588399301679299,,0.08345929882489145,0.03145087667508051,5.4661999456584454e-05,2.6749970857053995e-05,0.03136946470476687,0.0,2880,23040,9.0,,,
PASS,False,1.0.0-local-freeze,8,1242705187,oracle,False,True,3,1,3,0,3,0,3,1,4,0.017495490923761518,9.813077866773595e-18,0.995361328125,0.0018764990381896496,9.586900705471635e-05,5.703995702788234e-05,0.0,3.882905002683401e-05,0.0,48,384,1.0,2,,
PASS,False,1.0.0-local-freeze,16,1239900679,retained_residual,True,True,12,10,12,0,12,0,12,1,13,0.02468025052792031,0.04463171989319816,0.9927978515625,0.00356843788176775,0.0010893250000663102,0.00011022499529644847,0.0,0.0009791000047698617,0.0,384,3072,6.0,11,,
PASS,False,1.0.0-local-freeze,16,1239900679,anderson_residual,True,True,11,9,11,0,11,0,11,1,12,0.02770458286879445,0.049029088114102844,0.9921875,0.005782847001682967,0.002393695991486311,0.00027812999906018376,0.0,0.002115565992426127,0.0,352,2816,16.0,10,,
PASS,False,1.0.0-local-freeze,16,1239900679,full_broyden,True,True,12,10,12,0,12,0,12,1,13,0.01783271378780871,0.030607245718676172,0.9942626953125,0.005552408983930945,0.0020427749841473997,0.0002586309565231204,0.0,0.0017841440276242793,0.0,384,3072,19.0,11,,
PASS,False,1.0.0-local-freeze,16,1239900679,dense_fd,True,True,52,47,52,17,35,0,52,1,53,0.02810932358317738,0.056859935168368646,0.9912109375,0.02298824506578967,0.007171102683059871,5.3024967201054096e-05,4.405900835990906e-05,0.007074018707498908,0.0,1664,13312,17.0,34,,
PASS,False,1.0.0-local-freeze,16,1239900679,oracle,False,True,3,1,3,0,3,0,3,1,4,0.024914607599802005,0.0,0.9959716796875,0.00226656103041023,9.371305350214243e-05,2.628302900120616e-05,0.0,6.743002450093627e-05,0.0,96,768,1.0,2,,
PASS,False,1.0.0-local-freeze,16,1573996,retained_residual,True,True,19,9,19,0,19,0,19,1,20,0.030877335066275702,0.036101451796845034,0.9935302734375,0.007448761025443673,0.00209844799246639,0.00015539000742137432,0.0,0.0019430579850450158,0.0,608,4864,6.0,18,,
PASS,False,1.0.0-local-freeze,16,1573996,anderson_residual,True,True,17,8,17,0,17,0,17,1,18,0.027971487177739826,0.05047822631196276,0.991455078125,0.010014237952418625,0.005430772027466446,0.00014852196909487247,0.0,0.005282250058371574,0.0,544,4352,16.0,16,,
PASS,False,1.0.0-local-freeze,16,1573996,full_broyden,True,True,19,17,19,0,19,0,19,1,20,0.030235574486568835,0.07239910153887116,0.9859619140625,0.008632879878859967,0.004112220020033419,0.00025880796601995826,0.0,0.003853412054013461,0.0,608,4864,19.0,18,,
FAIL_CONTRACT_TIMEOUT,False,1.0.0-local-freeze,16,1573996,dense_fd,True,False,,,,17,163,0,180,0,,0.21700058207510745,1.3279656798974262,,0.09485634468728676,0.03749187616631389,5.671998951584101e-05,9.420898277312517e-05,0.03734094719402492,0.0,5760,46080,17.0,,,
PASS,False,1.0.0-local-freeze,16,1573996,oracle,False,True,3,1,3,0,3,0,3,1,4,0.03149845773842051,3.469446951953614e-18,0.9951171875,0.0016275939997285604,6.581994239240885e-05,3.147701499983668e-05,0.0,3.4342927392572165e-05,0.0,96,768,1.0,2,,
PASS,False,1.0.0-local-freeze,16,1558604323,retained_residual,True,True,11,9,11,0,11,0,11,1,12,0.028264088560977334,0.051978529684785585,0.989990234375,0.008786492049694061,0.0019442060147412121,0.0001228660112246871,0.0,0.001821340003516525,0.0,352,2816,6.0,10,,
PASS,False,1.0.0-local-freeze,16,1558604323,anderson_residual,True,True,14,7,14,0,14,0,14,1,15,0.03324584456699894,0.04491908554444894,0.9915771484375,0.004690020112320781,0.003157308092340827,0.00013219600077718496,0.0,0.003025112091563642,0.0,448,3584,16.0,13,,
FAIL_CONTRACT_TIMEOUT,False,1.0.0-local-freeze,16,1558604323,full_broyden,True,False,,,,0,180,0,180,0,,0.05583225739092378,0.5935140014688497,,0.08294450375251472,0.04199913743650541,0.000118332973215729,0.0,0.04188080446328968,0.0,5760,46080,19.0,,,
FAIL_CONTRACT_TIMEOUT,False,1.0.0-local-freeze,16,1558604323,dense_fd,True,False,,,,17,163,0,180,0,,0.25591546819688443,1.4024731291276524,,0.09737082087667659,0.032652458001393825,7.899600313976407e-05,4.7570967581123114e-05,0.03252589103067294,0.0,5760,46080,17.0,,,
PASS,False,1.0.0-local-freeze,16,1558604323,oracle,False,True,3,1,3,0,3,0,3,1,4,0.019334373025507168,1.3877787807814457e-17,0.9942626953125,0.001964183058589697,9.513797704130411e-05,3.975600702688098e-05,0.0,5.538197001442313e-05,0.0,96,768,1.0,2,,
PASS,False,1.0.0-local-freeze,16,1280968996,retained_residual,True,True,10,8,10,0,10,0,10,1,11,0.030984826350615776,0.6544514926366618,0.97021484375,0.00719826202839613,0.0015534439589828253,0.0002049329923465848,0.0,0.0013485109666362405,0.0,320,2560,6.0,9,,
PASS,False,1.0.0-local-freeze,16,1280968996,anderson_residual,True,True,14,9,14,0,14,0,14,1,15,0.02972217843289185,0.6720485704118822,0.9644775390625,0.009166331961750984,0.003946751996409148,0.0001417740131728351,0.0,0.003804977983236313,0.0,448,3584,16.0,13,,
PASS,False,1.0.0-local-freeze,16,1280968996,full_broyden,True,True,10,8,10,0,10,0,10,1,11,0.030824748059718167,0.6470271628075193,0.97412109375,0.004440265067387372,0.002038440085016191,0.00027863599825650454,0.0,0.0017598040867596865,0.0,320,2560,19.0,9,,
FAIL_CONTRACT_TIMEOUT,False,1.0.0-local-freeze,16,1280968996,dense_fd,True,False,,,,17,163,0,180,0,,0.27556557204969023,1.9128110848980222,,0.08888297947123647,0.0318274456076324,5.9145037084817886e-05,8.532899664714932e-05,0.03168297157390043,0.0,5760,46080,17.0,,,
PASS,False,1.0.0-local-freeze,16,1280968996,oracle,False,True,3,1,3,0,3,0,3,1,4,0.01912592888115945,0.0,0.9935302734375,0.0022261880221776664,9.877100819721818e-05,4.110496956855059e-05,0.0,5.766603862866759e-05,0.0,96,768,1.0,2,,
PASS,False,1.0.0-local-freeze,16,946144272,retained_residual,True,True,11,9,11,0,11,0,11,1,12,0.027023345585380283,0.04330321422537298,0.9921875,0.0037960391491651535,0.000901525083463639,9.743199916556478e-05,0.0,0.0008040930842980742,0.0,352,2816,6.0,10,,
PASS,False,1.0.0-local-freeze,16,946144272,anderson_residual,True,True,11,9,11,0,11,0,11,1,12,0.030030041196949204,0.04844672653382673,0.991455078125,0.00668907497311011,0.003989539050962776,0.0006547780358232558,0.0,0.00333476101513952,0.0,352,2816,16.0,10,,
FAIL_CONTRACT_TIMEOUT,False,1.0.0-local-freeze,16,946144272,full_broyden,True,False,,,,0,180,0,180,0,,0.09624677120094025,0.6518594578616973,,0.1014968998497352,0.053198208566755056,0.00023544905707240105,0.0,0.052962759509682655,0.0,5760,46080,19.0,,,
FAIL_CONTRACT_TIMEOUT,False,1.0.0-local-freeze,16,946144272,dense_fd,True,False,,,,17,163,0,180,0,,0.33559602193208116,1.6488837094310866,,0.09253504907246679,0.03521297132829204,0.00010136194759979844,4.655198426917195e-05,0.03506505739642307,0.0,5760,46080,17.0,,,
PASS,False,1.0.0-local-freeze,16,946144272,oracle,False,True,3,1,3,0,3,0,3,1,4,0.027450082296585094,6.938893903907228e-18,0.9952392578125,0.001231253962032497,5.661096656695008e-05,2.558098640292883e-05,0.0,3.1029980164021254e-05,0.0,96,768,1.0,2,,
PASS,False,1.0.0-local-freeze,16,1536741766,retained_residual,True,True,8,6,8,0,8,0,8,1,9,0.024660015983792933,0.05457017954109888,0.9901123046875,0.006048700131941587,0.0015672919689677656,0.00022188096772879362,0.0,0.001345411001238972,0.0,256,2048,6.0,7,,
PASS,False,1.0.0-local-freeze,16,1536741766,anderson_residual,True,True,9,7,9,0,9,0,9,1,10,0.021078966399663657,0.05889752053333998,0.9893798828125,0.0029273219406604767,0.0012496859999373555,0.00012729997979477048,0.0,0.001122386020142585,0.0,288,2304,16.0,8,,
FAIL_CONTRACT_TIMEOUT,False,1.0.0-local-freeze,16,1536741766,full_broyden,True,False,,,,0,180,0,180,0,,0.1079265875410853,0.6708221372181683,,0.10153430595528334,0.05401746812276542,0.00015471101505681872,0.0,0.0538627571077086,0.0,5760,46080,19.0,,,
FAIL_CONTRACT_TIMEOUT,False,1.0.0-local-freeze,16,1536741766,dense_fd,True,False,,,,17,163,0,180,0,,0.32414984832682453,1.720432289420525,,0.08314363472163677,0.03873762331204489,5.9838988818228245e-05,8.577900007367134e-05,0.03859200532315299,0.0,5760,46080,17.0,,,
PASS,False,1.0.0-local-freeze,16,1536741766,oracle,False,True,3,1,3,0,3,0,3,1,4,0.017118593284443907,1.5517353602416792e-17,0.9952392578125,0.00149861304089427,7.831200491636992e-05,3.095105057582259e-05,0.0,4.736095434054732e-05,0.0,96,768,1.0,2,,
PASS,False,1.0.0-local-freeze,16,2015248058,retained_residual,True,True,20,12,20,0,20,0,20,3,23,0.02464679416310957,0.8151345212826049,0.9556884765625,0.010337817773688585,0.002652695053257048,0.000179575989022851,0.0,0.002473119064234197,0.0,640,5120,6.0,19,,
PASS,False,1.0.0-local-freeze,16,2015248058,anderson_residual,True,True,23,14,23,0,23,0,23,1,24,0.03384546632720759,0.062417233292266464,0.989501953125,0.012282940093427896,0.00889509281842038,0.00013524602400138974,0.0,0.00875984679441899,0.0,736,5888,16.0,22,,
PASS,False,1.0.0-local-freeze,16,2015248058,full_broyden,True,True,8,6,8,0,8,0,8,1,9,0.02668576809357898,0.04811326178330678,0.99169921875,0.0035084159462712705,0.0015115750138647854,0.00013487000251188874,0.0,0.0013767050113528967,0.0,256,2048,19.0,7,,
PASS,False,1.0.0-local-freeze,16,2015248058,dense_fd,True,True,48,26,48,17,31,0,48,1,49,0.03205368605334017,0.057368842890111515,0.9906005859375,0.025563047733157873,0.006960582220926881,5.540699930861592e-05,9.611598215997219e-05,0.006809059239458293,0.0,1536,12288,17.0,30,,
PASS,False,1.0.0-local-freeze,16,2015248058,oracle,False,True,3,1,3,0,3,0,3,1,4,0.023991164572897624,2.7755575615628914e-17,0.9951171875,0.002407040970865637,0.00012073601828888059,4.6083994675427675e-05,0.0,7.465202361345291e-05,0.0,96,768,1.0,2,,
PASS,False,1.0.0-local-freeze,16,1062974352,retained_residual,True,True,11,9,11,0,11,0,11,1,12,0.03227565378609857,0.03898710820379019,0.9921875,0.007509046059567481,0.0012606270029209554,0.00013407698133960366,0.0,0.0011265500215813518,0.0,352,2816,6.0,10,,
PASS,False,1.0.0-local-freeze,16,1062974352,anderson_residual,True,True,33,14,33,0,33,0,33,1,34,0.029738217248400544,0.06355343814902045,0.988037109375,0.01813455211231485,0.01104092103196308,0.00017373304581269622,0.0,0.010867187986150384,0.0,1056,8448,16.0,32,,
PASS,False,1.0.0-local-freeze,16,1062974352,full_broyden,True,True,14,12,14,0,14,0,14,1,15,0.01821119694338816,0.03232313974926039,0.9925537109375,0.008186584920622408,0.003905134042724967,0.00012520002201199532,0.0,0.0037799340207129717,0.0,448,3584,19.0,13,,
FAIL_CONTRACT_TIMEOUT,False,1.0.0-local-freeze,16,1062974352,dense_fd,True,False,,,,17,163,0,180,0,,0.23592653122724652,0.6704103990748818,,0.07532251079101115,0.02413772651925683,5.232100374996662e-05,4.447397077456117e-05,0.024040931544732302,0.0,5760,46080,17.0,,,
PASS,False,1.0.0-local-freeze,16,1062974352,oracle,False,True,3,1,3,0,3,0,3,1,4,0.0236477954123278,0.0,0.9942626953125,0.0021446540486067533,0.00012167997192591429,3.8875965401530266e-05,0.0,8.280400652438402e-05,0.0,96,768,1.0,2,,
PASS,False,1.0.0-local-freeze,16,317314755,retained_residual,True,True,13,8,13,0,13,0,13,1,14,0.024932917357887243,0.0379852268660649,0.9923095703125,0.006695078045595437,0.002915395947638899,0.0001829200191423297,0.0,0.0027324759284965694,0.0,416,3328,6.0,12,,
PASS,False,1.0.0-local-freeze,16,317314755,anderson_residual,True,True,9,7,9,0,9,0,9,1,10,0.02939493933106086,0.04655332439773459,0.9913330078125,0.008728453074581921,0.0031657229992561042,0.0005019630189053714,0.0,0.002663759980350733,0.0,288,2304,16.0,8,,
PASS,False,1.0.0-local-freeze,16,317314755,full_broyden,True,True,9,7,9,0,9,0,9,1,10,0.02064766202373237,0.03813592137610644,0.991943359375,0.005074687011074275,0.002370420901570469,0.0002226160140708089,0.0,0.0021478048874996603,0.0,288,2304,19.0,8,,
PASS,False,1.0.0-local-freeze,16,317314755,dense_fd,True,True,41,37,41,17,24,0,41,1,42,0.029898568281929813,0.04784350788019188,0.991455078125,0.01779505785088986,0.0032093279296532273,9.467796189710498e-05,8.69350042194128e-05,0.0030277149635367095,0.0,1312,10496,17.0,23,,
PASS,False,1.0.0-local-freeze,16,317314755,oracle,False,True,3,1,3,0,3,0,3,1,4,0.020121338795595568,1.3877787807814457e-17,0.9952392578125,0.0026709340163506567,0.00010161695536226034,4.659796832129359e-05,0.0,5.501898704096675e-05,0.0,96,768,1.0,2,,
PASS,False,1.0.0-local-freeze,16,1833476299,retained_residual,True,True,13,8,13,0,13,0,13,1,14,0.023103963330483132,0.04739097123548821,0.9937744140625,0.007367355981841683,0.0025100401253439486,0.00012737902579829097,0.0,0.0023826610995456576,0.0,416,3328,6.0,12,,
PASS,False,1.0.0-local-freeze,16,1833476299,anderson_residual,True,True,9,7,9,0,9,0,9,1,10,0.025585381305269342,0.02537514914284587,0.9959716796875,0.003234425908885896,0.001635323977097869,0.00017576297977939248,0.0,0.0014595609973184764,0.0,288,2304,16.0,8,,
PASS,False,1.0.0-local-freeze,16,1833476299,full_broyden,True,True,25,13,25,0,25,0,25,1,26,0.03167207120694406,0.04531582229513116,0.9945068359375,0.00972578302025795,0.011647406034171581,0.0002196169807575643,0.0,0.011427789053414017,0.0,800,6400,19.0,24,,
FAIL_CONTRACT_TIMEOUT,False,1.0.0-local-freeze,16,1833476299,dense_fd,True,False,,,,17,163,0,180,0,,0.29188035973318593,1.7109959542087203,,0.11004312679870054,0.041994827159214765,9.25519852899015e-05,4.572200123220682e-05,0.041856553172692657,0.0,5760,46080,17.0,,,
PASS,False,1.0.0-local-freeze,16,1833476299,oracle,False,True,3,1,3,0,3,0,3,1,4,0.024807093345932712,0.0,0.9969482421875,0.002007523027714342,0.0001184410066343844,6.031501106917858e-05,0.0,5.812599556520581e-05,0.0,96,768,1.0,2,,
PASS,False,1.0.0-local-freeze,16,1883236474,retained_residual,True,True,20,11,20,0,20,0,20,1,21,0.022596860194053013,0.055928074408191565,0.9923095703125,0.017923283972777426,0.0035546470317058265,0.0002615479752421379,0.0,0.0032930990564636886,0.0,640,5120,6.0,19,,
PASS,False,1.0.0-local-freeze,16,1883236474,anderson_residual,True,True,14,9,14,0,14,0,14,1,15,0.03219765030894608,0.06222773450173508,0.98974609375,0.007998765038792044,0.005917106871493161,0.0002470680046826601,0.0,0.005670038866810501,0.0,448,3584,16.0,13,,
PASS,False,1.0.0-local-freeze,16,1883236474,full_broyden,True,True,16,14,16,0,16,0,16,1,17,0.02656060380338387,0.7302636033677401,0.958984375,0.009806311980355531,0.003043095115572214,0.0002167089842259884,0.0,0.0028263861313462257,0.0,512,4096,19.0,15,,
FAIL_CONTRACT_TIMEOUT,False,1.0.0-local-freeze,16,1883236474,dense_fd,True,False,,,,17,163,0,180,0,,0.21535054168376194,0.642795764751571,,0.10707965190522373,0.04463997931452468,6.094103446230292e-05,8.823600364848971e-05,0.04449080227641389,0.0,5760,46080,17.0,,,
PASS,False,1.0.0-local-freeze,16,1883236474,oracle,False,True,3,1,3,0,3,0,3,1,4,0.027490223533939914,0.0,0.9967041015625,0.0017797930631786585,6.44630054011941e-05,2.50699813477695e-05,0.0,3.93930240534246e-05,0.0,96,768,1.0,2,,
PASS,False,1.0.0-local-freeze,16,812473704,retained_residual,True,True,11,9,11,0,11,0,11,1,12,0.02197875891814989,0.05767793033385313,0.9884033203125,0.005189649993553758,0.0013247549650259316,0.0001917059998959303,0.0,0.0011330489651300013,0.0,352,2816,6.0,10,,
PASS,False,1.0.0-local-freeze,16,812473704,anderson_residual,True,True,11,9,11,0,11,0,11,1,12,0.022267043754483597,0.05066573313050818,0.9901123046875,0.0055106450454331934,0.002436549053527415,0.0001921430230140686,0.0,0.002244406030513346,0.0,352,2816,16.0,10,,
PASS,False,1.0.0-local-freeze,16,812473704,full_broyden,True,True,7,5,7,0,7,0,7,1,8,0.02972355710851626,0.047619343891747275,0.990234375,0.00907864497276023,0.002187893900554627,0.0002965599996969104,0.0,0.0018913339008577168,0.0,224,1792,19.0,6,,
FAIL_CONTRACT_TIMEOUT,False,1.0.0-local-freeze,16,812473704,dense_fd,True,False,,,,17,163,0,180,0,,0.1501684157318702,0.48138057120737765,,0.11201232415623963,0.041387266071978956,0.00011533900396898389,9.375502122566104e-05,0.04117817204678431,0.0,5760,46080,17.0,,,
PASS,False,1.0.0-local-freeze,16,812473704,oracle,False,True,3,1,3,0,3,0,3,1,4,0.02374385252245373,3.179800655392251e-17,0.9942626953125,0.0026353870634920895,0.00010493100853636861,4.016899038106203e-05,0.0,6.476201815530658e-05,0.0,96,768,1.0,2,,
PASS,False,1.0.0-local-freeze,16,1612189033,retained_residual,True,True,9,7,9,0,9,0,9,1,10,0.024294982419405062,0.05158668167768807,0.991455078125,0.006134326045867056,0.007251415052451193,0.003681564994622022,0.0,0.0035698500578291714,0.0,288,2304,6.0,8,,
PASS,False,1.0.0-local-freeze,16,1612189033,anderson_residual,True,True,9,7,9,0,9,0,9,1,10,0.029380868670454422,0.059188752203911094,0.9898681640625,0.007040193013381213,0.00524482992477715,0.00016186502762138844,0.0,0.005082964897155762,0.0,288,2304,16.0,8,,
PASS,False,1.0.0-local-freeze,16,1612189033,full_broyden,True,True,7,5,7,0,7,0,7,1,8,0.026627771739230352,0.03680158354994964,0.9935302734375,0.006533163017593324,0.002485365082975477,0.0001518860226497054,0.0,0.0023334790603257716,0.0,224,1792,19.0,6,,
FAIL_CONTRACT_TIMEOUT,False,1.0.0-local-freeze,16,1612189033,dense_fd,True,False,,,,17,163,0,180,0,,0.3395016307437002,1.5807025395326029,,0.10653634212212637,0.038453453860711306,8.86949710547924e-05,5.184998735785484e-05,0.03831290890229866,0.0,5760,46080,17.0,,,
PASS,False,1.0.0-local-freeze,16,1612189033,oracle,False,True,3,1,3,0,3,0,3,1,4,0.012954846708317614,1.4304896245381992e-17,0.9952392578125,0.001989026030059904,9.660504292696714e-05,2.7909001801162958e-05,0.0,6.869604112580419e-05,0.0,96,768,1.0,2,,
PASS,False,1.0.0-local-freeze,16,1990616316,retained_residual,True,True,11,9,11,0,11,0,11,1,12,0.027058269139178366,0.042771189350935136,0.990966796875,0.010125258937478065,0.0014884470729157329,0.00013200996909290552,0.0,0.0013564371038228273,0.0,352,2816,6.0,10,,
PASS,False,1.0.0-local-freeze,16,1990616316,anderson_residual,True,True,10,8,10,0,10,0,10,1,11,0.02354209132922713,0.06857077157124132,0.98779296875,0.007527784095145762,0.006823899049777538,0.00023164704907685518,0.0,0.006592252000700682,0.0,320,2560,16.0,9,,
PASS,False,1.0.0-local-freeze,16,1990616316,full_broyden,True,True,11,9,11,0,11,0,11,1,12,0.02916886656275857,0.035379884140965163,0.991943359375,0.0047280010767281055,0.002257504966109991,0.00014499801909551024,0.0,0.002112506947014481,0.0,352,2816,19.0,10,,
FAIL_CONTRACT_TIMEOUT,False,1.0.0-local-freeze,16,1990616316,dense_fd,True,False,,,,17,163,0,180,0,,0.24808981666421243,1.9822619209621877,,0.128735740610864,0.06493794120615348,6.604701047763228e-05,8.77510174177587e-05,0.06478414317825809,0.0,5760,46080,17.0,,,
PASS,False,1.0.0-local-freeze,16,1990616316,oracle,False,True,3,1,3,0,3,0,3,1,4,0.020289301462863056,6.938893903907228e-18,0.9942626953125,0.0074985179817304015,0.0001355889835394919,6.139499600976706e-05,0.0,7.419398752972484e-05,0.0,96,768,1.0,2,,
PASS,False,1.0.0-local-freeze,16,195957893,retained_residual,True,True,12,10,12,0,12,0,12,1,13,0.024766890195665296,0.05232860292430864,0.990966796875,0.004936155048198998,0.0012773690395988524,0.00020303501514717937,0.0,0.001074334024451673,0.0,384,3072,6.0,11,,
PASS,False,1.0.0-local-freeze,16,195957893,anderson_residual,True,True,12,10,12,0,12,0,12,1,13,0.0349190444993955,0.06047632193951499,0.9896240234375,0.008001826819963753,0.004120903147850186,0.0002480940311215818,0.0,0.003872809116728604,0.0,384,3072,16.0,11,,
PASS,False,1.0.0-local-freeze,16,195957893,full_broyden,True,True,10,8,10,0,10,0,10,1,11,0.029781278764324567,0.04604744967241238,0.99169921875,0.006800954870413989,0.005298568867146969,0.000221758964471519,0.0,0.00507680990267545,0.0,320,2560,19.0,9,,
PASS,False,1.0.0-local-freeze,16,195957893,dense_fd,True,True,55,53,55,17,38,0,55,1,56,0.03174027656738752,0.04493710932055442,0.9918212890625,0.02615077095106244,0.006243403011467308,8.640601299703121e-05,9.332201443612576e-05,0.006063674984034151,0.0,1760,14080,17.0,37,,
PASS,False,1.0.0-local-freeze,16,195957893,oracle,False,True,3,1,3,0,3,0,3,1,4,0.02718977491134796,1.5899003276961254e-17,0.9949951171875,0.005003937985748053,0.00010166800348088145,3.9602979086339474e-05,0.0,6.206502439454198e-05,0.0,96,768,1.0,2,,
PASS,False,1.0.0-local-freeze,16,561759483,retained_residual,True,True,11,9,11,0,11,0,11,1,12,0.020965553961107684,0.037062110976399575,0.99365234375,0.003984868933912367,0.0009964240598492324,0.00010243500582873821,0.0,0.0008939890540204942,0.0,352,2816,6.0,10,,
PASS,False,1.0.0-local-freeze,16,561759483,anderson_residual,True,True,11,9,11,0,11,0,11,1,12,0.02201263182133245,0.04738472979299431,0.9918212890625,0.006680610007606447,0.004424773971550167,0.0005151139921508729,0.0,0.003909659979399294,0.0,352,2816,16.0,10,,
PASS,False,1.0.0-local-freeze,16,561759483,full_broyden,True,True,7,5,7,0,7,0,7,1,8,0.031179826147831692,0.056445446400260064,0.990478515625,0.004201839037705213,0.0023008260759525,0.000297877995762974,0.0,0.002002948080189526,0.0,224,1792,19.0,6,,
PASS,False,1.0.0-local-freeze,16,561759483,dense_fd,True,True,73,55,73,17,56,0,73,1,74,0.024761324247342984,0.05402744517311986,0.99072265625,0.05250851402524859,0.018633949104696512,9.9916011095047e-05,0.00010664801811799407,0.01842738507548347,0.0,2336,18688,17.0,55,,
PASS,False,1.0.0-local-freeze,16,561759483,oracle,False,True,3,1,3,0,3,0,3,1,4,0.024696245213881897,2.7755575615628914e-17,0.9954833984375,0.0020930180326104164,9.531097020953894e-05,4.187098238617182e-05,0.0,5.343998782336712e-05,0.0,96,768,1.0,2,,
PASS,False,1.0.0-local-freeze,16,295370387,retained_residual,True,True,10,8,10,0,10,0,10,1,11,0.029460450331514905,0.038362561120688365,0.9930419921875,0.0030488218762911856,0.000843327958136797,0.00010811298852786422,0.0,0.0007352149696089327,0.0,320,2560,6.0,9,,
PASS,False,1.0.0-local-freeze,16,295370387,anderson_residual,True,True,9,7,9,0,9,0,9,1,10,0.02334353365919168,0.038161197206104634,0.993408203125,0.010487649007700384,0.003001506964210421,0.0002452419721521437,0.0,0.002756264992058277,0.0,288,2304,16.0,8,,
PASS,False,1.0.0-local-freeze,16,295370387,full_broyden,True,True,7,5,7,0,7,0,7,1,8,0.024735734874480254,0.027339972710997223,0.994140625,0.0056017739698290825,0.0018354678759351373,0.00020856998162344098,0.0,0.0016268978943116963,0.0,224,1792,19.0,6,,
FAIL_CONTRACT_TIMEOUT,False,1.0.0-local-freeze,16,295370387,dense_fd,True,False,,,,17,163,0,180,0,,0.18156566919131345,0.44662793051121535,,0.11166800744831562,0.04055720311589539,8.183199679479003e-05,4.986702697351575e-05,0.040425504092127085,0.0,5760,46080,17.0,,,
PASS,False,1.0.0-local-freeze,16,295370387,oracle,False,True,3,1,3,0,3,0,3,1,4,0.020034784228403216,1.962615573354719e-17,0.995361328125,0.002874547033570707,0.00011175597319379449,3.749801544472575e-05,0.0,7.425795774906874e-05,0.0,96,768,1.0,2,,
PASS,False,1.0.0-local-freeze,16,2134251794,retained_residual,True,True,9,7,9,0,9,0,9,1,10,0.028102630090146852,0.04991478215663048,0.990966796875,0.004736849048640579,0.0011454110499471426,0.00011186202755197883,0.0,0.0010335490223951638,0.0,288,2304,6.0,8,,
PASS,False,1.0.0-local-freeze,16,2134251794,anderson_residual,True,True,10,8,10,0,10,0,10,1,11,0.032626302667531956,0.05516615237120593,0.989990234375,0.009383964992593974,0.005342651100363582,0.00216162099968642,0.0,0.0031810301006771624,0.0,320,2560,16.0,9,,
PASS,False,1.0.0-local-freeze,16,2134251794,full_broyden,True,True,177,18,177,0,177,0,177,41,218,0.029436857856339396,0.72044694809473,0.955322265625,0.148355541867204,0.06300420465413481,0.00032787397503852844,0.0,0.06267633067909628,0.0,5664,45312,19.0,176,,
FAIL_CONTRACT_TIMEOUT,False,1.0.0-local-freeze,16,2134251794,dense_fd,True,False,,,,17,163,0,180,0,,0.32807458195029277,1.4610052036749515,,0.096826994093135,0.04552639200119302,0.00010278000263497233,8.973496733233333e-05,0.04533387703122571,0.0,5760,46080,17.0,,,
PASS,False,1.0.0-local-freeze,16,2134251794,oracle,False,True,3,1,3,0,3,0,3,1,4,0.03159611479363751,6.938893903907228e-18,0.994873046875,0.0014941429835744202,6.193493027240038e-05,2.5212997570633888e-05,0.0,3.672193270176649e-05,0.0,96,768,1.0,2,,
PASS,False,1.0.0-local-freeze,16,1411606814,retained_residual,True,True,13,9,13,0,13,0,13,1,14,0.025912137557796703,0.050721023214331896,0.9912109375,0.01260656985687092,0.0026469220756553113,0.0004406460211612284,0.0,0.002206276054494083,0.0,416,3328,6.0,12,,
PASS,False,1.0.0-local-freeze,16,1411606814,anderson_residual,True,True,10,8,10,0,10,0,10,1,11,0.02973395778184889,0.054679155398019756,0.990234375,0.0054842979880049825,0.002819560992065817,0.0001621730043552816,0.0,0.0026573879877105355,0.0,320,2560,16.0,9,,
PASS,False,1.0.0-local-freeze,16,1411606814,full_broyden,True,True,15,13,15,0,15,0,15,1,16,0.030732519430242664,0.06225125853092465,0.989501953125,0.006825179094448686,0.002929690876044333,0.00030911696376278996,0.0,0.002620573912281543,0.0,480,3840,19.0,14,,
FAIL_CONTRACT_TIMEOUT,False,1.0.0-local-freeze,16,1411606814,dense_fd,True,False,,,,17,163,0,180,0,,0.07007341001165034,0.6974289494175969,,0.0882359238457866,0.037046515208203346,9.125500218942761e-05,4.591199103742838e-05,0.03690934821497649,0.0,5760,46080,17.0,,,
PASS,False,1.0.0-local-freeze,16,1411606814,oracle,False,True,3,1,3,0,3,0,3,1,4,0.021774928211308425,3.1031676915590914e-17,0.9952392578125,0.0023433580063283443,7.848994573578238e-05,3.230100264772773e-05,0.0,4.618894308805466e-05,0.0,96,768,1.0,2,,
PASS,False,1.0.0-local-freeze,16,2130388698,retained_residual,True,True,18,11,18,0,18,0,18,1,19,0.016103105510904936,0.028239698301295114,0.9913330078125,0.011865233827847987,0.0027608450036495924,0.0002153860405087471,0.0,0.0025454589631408453,0.0,576,4608,6.0,17,,
PASS,False,1.0.0-local-freeze,16,2130388698,anderson_residual,True,True,12,10,12,0,12,0,12,1,13,0.0330974918083609,0.07878892244114416,0.983154296875,0.00508979702135548,0.0028256820514798164,0.0001264620223082602,0.0,0.0026992200291715562,0.0,384,3072,16.0,11,,
PASS,False,1.0.0-local-freeze,16,2130388698,full_broyden,True,True,11,9,11,0,11,0,11,1,12,0.02583222407348786,0.042282014813365625,0.989501953125,0.011931566055864096,0.0029396601603366435,0.0002226160140708089,0.0,0.0027170441462658346,0.0,352,2816,19.0,10,,
PASS,False,1.0.0-local-freeze,16,2130388698,dense_fd,True,True,28,26,28,17,11,0,28,1,29,0.03015062586069931,0.04945741101346802,0.988525390625,0.01918194373138249,0.002960413054097444,5.5254960898309946e-05,5.4915028158575296e-05,0.0028502430650405586,0.0,896,7168,17.0,10,,
PASS,False,1.0.0-local-freeze,16,2130388698,oracle,False,True,3,1,3,0,3,0,3,1,4,0.021461474611541284,1.962615573354719e-17,0.9927978515625,0.002214395033661276,0.00010370800737291574,4.033400909975171e-05,0.0,6.337399827316403e-05,0.0,96,768,1.0,2,,
PASS,False,1.0.0-local-freeze,16,305030663,retained_residual,True,True,10,8,10,0,10,0,10,1,11,0.029059978191114198,0.04223567906329178,0.9921875,0.007497445913031697,0.0020276018767617643,0.00020922598196193576,0.0,0.0018183758947998285,0.0,320,2560,6.0,9,,
PASS,False,1.0.0-local-freeze,16,305030663,anderson_residual,True,True,10,8,10,0,10,0,10,1,11,0.029023035080020815,0.05094667236097207,0.9913330078125,0.006566496042069048,0.003263177932240069,0.00020584301091730595,0.0,0.003057334921322763,0.0,320,2560,16.0,9,,
PASS,False,1.0.0-local-freeze,16,305030663,full_broyden,True,True,11,9,11,0,11,0,11,1,12,0.02983620443372041,0.029342680381259867,0.994140625,0.01004473096691072,0.005183711007703096,0.0002750700223259628,0.0,0.004908640985377133,0.0,352,2816,19.0,10,,
FAIL_CONTRACT_TIMEOUT,False,1.0.0-local-freeze,16,305030663,dense_fd,True,False,,,,17,163,0,180,0,,0.1790694616705368,1.181423495546993,,0.10071727121248841,0.03410240268567577,0.00010885996744036674,4.3988984543830156e-05,0.03394955373369157,0.0,5760,46080,17.0,,,
PASS,False,1.0.0-local-freeze,16,305030663,oracle,False,True,3,1,3,0,3,0,3,1,4,0.018344796256490666,2.8609792490763984e-17,0.9952392578125,0.002306192007381469,0.00010416406439617276,4.1512015741318464e-05,0.0,6.26520486548543e-05,0.0,96,768,1.0,2,,
PASS,False,1.0.0-local-freeze,16,484958000,retained_residual,True,True,9,7,9,0,9,0,9,1,10,0.030595177220689874,0.05484872847916299,0.9888916015625,0.0029911650344729424,0.0008858671644702554,0.00025848904624581337,0.0,0.000627378118224442,0.0,288,2304,6.0,8,,
PASS,False,1.0.0-local-freeze,16,484958000,anderson_residual,True,True,10,6,10,0,10,0,10,1,11,0.02934115560273066,0.04879595948324004,0.9903564453125,0.0062893719878047705,0.00456291699083522,0.00014694099081680179,0.0,0.004415976000018418,0.0,320,2560,16.0,9,,
PASS,False,1.0.0-local-freeze,16,484958000,full_broyden,True,True,16,12,16,0,16,0,16,1,17,0.02841860059317583,0.04335049627333808,0.99072265625,0.009283053979743272,0.005163889960385859,0.0001424020156264305,0.0,0.0050214879447594285,0.0,512,4096,19.0,15,,
FAIL_CONTRACT_TIMEOUT,False,1.0.0-local-freeze,16,484958000,dense_fd,True,False,,,,17,163,0,180,0,,0.2840613220261761,1.3895993251723724,,0.12387257709633559,0.07072925911052153,9.210599819198251e-05,0.00010396202560514212,0.0705331910867244,0.0,5760,46080,17.0,,,
PASS,False,1.0.0-local-freeze,16,484958000,oracle,False,True,3,1,3,0,3,0,3,1,4,0.02089872627415301,0.0,0.9942626953125,0.0030654370202682912,0.00010451499838382006,4.142802208662033e-05,0.0,6.308697629719973e-05,0.0,96,768,1.0,2,,
PASS,False,1.0.0-local-freeze,16,668379286,retained_residual,True,True,10,8,10,0,10,0,10,1,11,0.03212943033179373,0.0505579993779259,0.9906005859375,0.008952588017564267,0.0019126750412397087,0.0003482550382614136,0.0,0.001564420002978295,0.0,320,2560,6.0,9,,
PASS,False,1.0.0-local-freeze,16,668379286,anderson_residual,True,True,10,8,10,0,10,0,10,1,11,0.031621748391456,0.035981389008260894,0.992431640625,0.007825177919585258,0.004399952129460871,0.0002526080352254212,0.0,0.00414734409423545,0.0,320,2560,16.0,9,,
PASS,False,1.0.0-local-freeze,16,668379286,full_broyden,True,True,12,7,12,0,12,0,12,1,13,0.034044379392758325,0.8271813474768103,0.9571533203125,0.00726153003051877,0.00356497016036883,0.00021679699420928955,0.0,0.0033481731661595404,0.0,384,3072,19.0,11,,
FAIL_CONTRACT_TIMEOUT,False,1.0.0-local-freeze,16,668379286,dense_fd,True,False,,,,17,163,0,180,0,,0.24305951119034838,0.9442834505829322,,0.12963865289930254,0.0475834627286531,0.00011477997759357095,8.945801528170705e-05,0.047379224735777825,0.0,5760,46080,17.0,,,
PASS,False,1.0.0-local-freeze,16,668379286,oracle,False,True,3,1,3,0,3,0,3,1,4,0.024361668633514442,2.775726962982779e-17,0.9942626953125,0.0016811310779303312,6.688502617180347e-05,2.8960988856852055e-05,0.0,3.792403731495142e-05,0.0,96,768,1.0,2,,
PASS,False,1.0.0-local-freeze,16,2091457751,retained_residual,True,True,17,10,17,0,17,0,17,1,18,0.03313613191728268,0.04370536235727525,0.9915771484375,0.013261319894809276,0.003781263018026948,0.0004257580148987472,0.0,0.0033555050031282008,0.0,544,4352,6.0,16,,
PASS,False,1.0.0-local-freeze,16,2091457751,anderson_residual,True,True,12,10,12,0,12,0,12,1,13,0.028909216548150197,0.0650991798250872,0.98828125,0.008036222076043487,0.004220440052449703,0.0002775380271486938,0.0,0.003942902025301009,0.0,384,3072,16.0,11,,
PASS,False,1.0.0-local-freeze,16,2091457751,full_broyden,True,True,8,6,8,0,8,0,8,1,9,0.02257929591010325,0.036489882962987476,0.992431640625,0.005883643112611026,0.0024553679395467043,0.0002988629858009517,0.0,0.0021565049537457526,0.0,256,2048,19.0,7,,
PASS,False,1.0.0-local-freeze,16,2091457751,dense_fd,True,True,157,41,157,17,140,0,157,1,158,0.02475763799835176,0.04426072950304975,0.9910888671875,0.09083900402765721,0.03177762601990253,8.915405487641692e-05,8.917396189644933e-05,0.03159929800312966,0.0,5024,40192,17.0,139,,
PASS,False,1.0.0-local-freeze,16,2091457751,oracle,False,True,3,1,3,0,3,0,3,1,4,0.023926326200546143,1.5515838457795457e-17,0.9949951171875,0.0036460289848037064,0.00010715000098571181,2.7146015781909227e-05,0.0,8.000398520380259e-05,0.0,96,768,1.0,2,,
PASS,False,1.0.0-local-freeze,16,427837642,retained_residual,True,True,18,9,18,0,18,0,18,1,19,0.029501265587572056,0.036113158853935234,0.9918212890625,0.007379475922789425,0.0015800399123691022,0.00011161604197695851,0.0,0.0014684238703921437,0.0,576,4608,6.0,17,,
PASS,False,1.0.0-local-freeze,16,427837642,anderson_residual,True,True,16,14,16,0,16,0,16,1,17,0.02856301850196782,0.04189404666662224,0.990478515625,0.006296806910540909,0.003981471993029118,0.00012049498036503792,0.0,0.0038609770126640797,0.0,512,4096,16.0,15,,
PASS,False,1.0.0-local-freeze,16,427837642,full_broyden,True,True,10,5,10,0,10,0,10,1,11,0.03369018994775739,0.04623114325073614,0.9898681640625,0.005325049045495689,0.0023873341269791126,0.00020739802857860923,0.0,0.0021799360984005034,0.0,320,2560,19.0,9,,
FAIL_CONTRACT_TIMEOUT,False,1.0.0-local-freeze,16,427837642,dense_fd,True,False,,,,17,163,0,180,0,,0.12635748588665938,0.2994940911514228,,0.10200591891771182,0.03418530820636079,8.133996743708849e-05,8.623901521787047e-05,0.03401772922370583,0.0,5760,46080,17.0,,,
PASS,False,1.0.0-local-freeze,16,427837642,oracle,False,True,3,1,3,0,3,0,3,1,4,0.024133674336978328,6.938893903907228e-18,0.994140625,0.002452840970363468,9.943702025339007e-05,3.9303035009652376e-05,0.0,6.01339852437377e-05,0.0,96,768,1.0,2,,
PASS,False,1.0.0-local-freeze,16,1523209647,retained_residual,True,True,9,7,9,0,9,0,9,1,10,0.034088503597384946,0.07157223355255508,0.9884033203125,0.005619141040369868,0.0012666520196944475,0.00011042499681934714,0.0,0.0011562270228751004,0.0,288,2304,6.0,8,,
PASS,False,1.0.0-local-freeze,16,1523209647,anderson_residual,True,True,9,7,9,0,9,0,9,1,10,0.02941115660073835,0.05980360924147647,0.990234375,0.00790070416405797,0.004727952065877616,0.00015405501471832395,0.0,0.0045738970511592925,0.0,288,2304,16.0,8,,
FAIL_CONTRACT_TIMEOUT,False,1.0.0-local-freeze,16,1523209647,full_broyden,True,False,,,,0,180,0,180,0,,0.08087268756614636,0.5810866242873932,,0.09627219696994871,0.04538962908554822,0.00013636000221595168,0.0,0.04525326908333227,0.0,5760,46080,19.0,,,
FAIL_CONTRACT_TIMEOUT,False,1.0.0-local-freeze,16,1523209647,dense_fd,True,False,,73,,17,163,0,180,0,,0.06425332398666501,0.147097818724173,,0.07202800968661904,0.026459265616722405,5.308998515829444e-05,4.602299304679036e-05,0.02636015263851732,0.0,5760,46080,17.0,,,
PASS,False,1.0.0-local-freeze,16,1523209647,oracle,False,True,3,1,3,0,3,0,3,1,4,0.023523253283987685,6.938893903907228e-18,0.9949951171875,0.0029529330204240978,0.00014736299635842443,7.190898759290576e-05,0.0,7.545400876551867e-05,0.0,96,768,1.0,2,,
PASS,False,1.0.0-local-freeze,16,1177627976,retained_residual,True,True,12,8,12,0,12,0,12,1,13,0.02748053262644856,0.049221178778900226,0.9913330078125,0.007677105953916907,0.002143362013157457,0.00013224099529907107,0.0,0.002011121017858386,0.0,384,3072,6.0,11,,
PASS,False,1.0.0-local-freeze,16,1177627976,anderson_residual,True,True,9,7,9,0,9,0,9,1,10,0.02559615360752858,0.053533740533470944,0.9906005859375,0.0041324179619550705,0.0018155919387936592,0.00022496498422697186,0.0,0.0015906269545666873,0.0,288,2304,16.0,8,,
PASS,False,1.0.0-local-freeze,16,1177627976,full_broyden,True,True,12,10,12,0,12,0,12,1,13,0.025417387136556023,0.6811212825548958,0.95751953125,0.007270917936693877,0.002858965948689729,0.00017595000099390745,0.0,0.0026830159476958215,0.0,384,3072,19.0,11,,
FAIL_CONTRACT_TIMEOUT,False,1.0.0-local-freeze,16,1177627976,dense_fd,True,False,,,,17,163,0,180,0,,0.20905734953929442,0.6046960583458504,,0.09367056336486712,0.03505267621949315,7.834902498871088e-05,8.711795089766383e-05,0.034887209243606776,0.0,5760,46080,17.0,,,
PASS,False,1.0.0-local-freeze,16,1177627976,oracle,False,True,3,1,3,0,3,0,3,1,4,0.025591495871111106,4.336808689942018e-19,0.995361328125,0.0011132510844618082,5.6312012020498514e-05,2.4795997887849808e-05,0.0,3.1516014132648706e-05,0.0,96,768,1.0,2,,
PASS,False,1.0.0-local-freeze,16,822056531,retained_residual,True,True,13,8,13,0,13,0,13,1,14,0.03386131235661282,0.05739492650246532,0.9893798828125,0.004120149998925626,0.0013786378549411893,0.00011061102850362659,0.0,0.0012680268264375627,0.0,416,3328,6.0,12,,
PASS,False,1.0.0-local-freeze,16,822056531,anderson_residual,True,True,22,8,22,0,22,0,22,1,23,0.032321270580628204,0.05090430597511636,0.9903564453125,0.01902737788623199,0.01112710393499583,0.0004076479817740619,0.0,0.010719455953221768,0.0,704,5632,16.0,21,,
PASS,False,1.0.0-local-freeze,16,822056531,full_broyden,True,True,10,8,10,0,10,0,10,1,11,0.021364135663720453,0.045087724329327374,0.99169921875,0.004369839210994542,0.0031272859196178615,0.00019251799676567316,0.0,0.0029347679228521883,0.0,320,2560,19.0,9,,
FAIL_CONTRACT_TIMEOUT,False,1.0.0-local-freeze,16,822056531,dense_fd,True,False,,,,17,163,0,180,0,,0.2499836156363726,1.0968861273277382,,0.09455008589429781,0.03342993097612634,0.00013741699513047934,4.395196447148919e-05,0.033248562016524374,0.0,5760,46080,17.0,,,
PASS,False,1.0.0-local-freeze,16,822056531,oracle,False,True,3,1,3,0,3,0,3,1,4,0.019357384241441084,1.6996749443881478e-17,0.9952392578125,0.0012895059771835804,6.533192936331034e-05,2.955098170787096e-05,0.0,3.578094765543938e-05,0.0,96,768,1.0,2,,
PASS,False,1.0.0-local-freeze,16,445399178,retained_residual,True,True,12,10,12,0,12,0,12,1,13,0.033315636238487704,0.042127122060539465,0.991455078125,0.005378167959861457,0.0013832638505846262,0.00020248600048944354,0.0,0.0011807778500951827,0.0,384,3072,6.0,11,,
PASS,False,1.0.0-local-freeze,16,445399178,anderson_residual,True,True,12,8,12,0,12,0,12,1,13,0.02735743861205743,0.0335145016307475,0.99267578125,0.007818182930350304,0.0037031510728411376,0.0007003209902904928,0.0,0.003002830082550645,0.0,384,3072,16.0,11,,
PASS,False,1.0.0-local-freeze,16,445399178,full_broyden,True,True,17,13,17,0,17,0,17,1,18,0.024684250171044878,0.03699533658554835,0.99267578125,0.007747506897430867,0.0039936170796863735,0.00022713001817464828,0.0,0.003766487061511725,0.0,544,4352,19.0,16,,
FAIL_CONTRACT_TIMEOUT,False,1.0.0-local-freeze,16,445399178,dense_fd,True,False,,,,17,163,0,180,0,,0.3117360851181088,1.7300051876772364,,0.10268072882900015,0.033287529833614826,6.682402454316616e-05,7.888802792876959e-05,0.03314181778114289,0.0,5760,46080,17.0,,,
PASS,False,1.0.0-local-freeze,16,445399178,oracle,False,True,3,1,3,0,3,0,3,1,4,0.022251060808803715,1.6996749443881478e-17,0.9947509765625,0.0022019969765096903,9.722093818709254e-05,3.621797077357769e-05,0.0,6.100296741351485e-05,0.0,96,768,1.0,2,,
PASS,False,1.0.0-local-freeze,16,1242705187,retained_residual,True,True,14,9,14,0,14,0,14,1,15,0.026385830540253043,0.03922712152335634,0.9925537109375,0.006339532963465899,0.0021430299966596067,0.00019345199689269066,0.0,0.001949577999766916,0.0,448,3584,6.0,13,,
PASS,False,1.0.0-local-freeze,16,1242705187,anderson_residual,True,True,14,7,14,0,14,0,14,1,15,0.03497649970612418,0.05682863947409218,0.989990234375,0.006578060972969979,0.003009103937074542,0.00015096500283107162,0.0,0.0028581389342434704,0.0,448,3584,16.0,13,,
PASS,False,1.0.0-local-freeze,16,1242705187,full_broyden,True,True,19,17,19,0,19,0,19,1,20,0.0220139856533594,0.038874680271626015,0.992431640625,0.018269303196575493,0.008461263787467033,0.0003070239908993244,0.0,0.008154239796567708,0.0,608,4864,19.0,18,,
FAIL_CONTRACT_TIMEOUT,False,1.0.0-local-freeze,16,1242705187,dense_fd,True,False,,,,17,163,0,180,0,,0.21304350796799168,1.0013837955220004,,0.0936015650513582,0.034011456824373454,0.00010516302427276969,5.0475995521992445e-05,0.03385581780457869,0.0,5760,46080,17.0,,,
PASS,False,1.0.0-local-freeze,16,1242705187,oracle,False,True,3,1,3,0,3,0,3,1,4,0.026271505175315627,6.938893903907228e-18,0.994873046875,0.006435464951209724,0.00011376099428161979,4.739896394312382e-05,0.0,6.636203033849597e-05,0.0,96,768,1.0,2,,
PASS,False,1.0.0-local-freeze,32,1239900679,retained_residual,True,True,12,10,12,0,12,0,12,1,13,0.02678633374110962,0.04552074354723552,0.9923095703125,0.006274151906836778,0.001574423920828849,0.0001907019759528339,0.0,0.0013837219448760152,0.0,768,6144,6.0,11,,
PASS,False,1.0.0-local-freeze,32,1239900679,anderson_residual,True,True,12,10,12,0,12,0,12,1,13,0.022402854122078555,0.04576302794975804,0.9923095703125,0.010647473915014416,0.005222203093580902,0.0002427640138193965,0.0,0.004979439079761505,0.0,768,6144,16.0,11,,
PASS,False,1.0.0-local-freeze,32,1239900679,full_broyden,True,True,8,6,8,0,8,0,8,1,9,0.029117064219613756,0.03795112828000862,0.9931640625,0.006778653070796281,0.004086894972715527,0.00022159697255119681,0.0,0.00386529800016433,0.0,512,4096,35.0,7,,
FAIL_CONTRACT_TIMEOUT,False,1.0.0-local-freeze,32,1239900679,dense_fd,True,False,,,,33,147,0,180,0,,0.308933677444602,1.9423626004160037,,0.09899206896079704,0.04250998800853267,6.969500100240111e-05,0.00043249502778053284,0.04200779797974974,0.0,11520,92160,33.0,,,
PASS,False,1.0.0-local-freeze,32,1239900679,oracle,False,True,3,1,3,0,3,0,3,1,4,0.024331870007007487,1.0971354589302191e-17,0.9954833984375,0.0017965859733521938,9.407807374373078e-05,4.376104334369302e-05,0.0,5.0317030400037766e-05,0.0,192,1536,1.0,2,,
PASS,False,1.0.0-local-freeze,32,1573996,retained_residual,True,True,17,10,17,0,17,0,17,1,18,0.023346007103936795,0.048388403515015777,0.9908447265625,0.008935156161896884,0.003628882928751409,0.00015018798876553774,0.0,0.0034786949399858713,0.0,1088,8704,6.0,16,,
PASS,False,1.0.0-local-freeze,32,1573996,anderson_residual,True,True,14,9,14,0,14,0,14,1,15,0.03314040374682003,0.04746265133225039,0.991455078125,0.005824007093906403,0.003308807034045458,0.00014835200272500515,0.0,0.0031604550313204527,0.0,896,7168,16.0,13,,
PASS,False,1.0.0-local-freeze,32,1573996,full_broyden,True,True,51,49,51,0,51,0,51,1,52,0.0233931917350702,0.04845403123524664,0.99139404296875,0.021369638910982758,0.011528760893270373,0.00013270904310047626,0.0,0.011396051850169897,0.0,3264,26112,35.0,50,,
FAIL_CONTRACT_TIMEOUT,False,1.0.0-local-freeze,32,1573996,dense_fd,True,False,,,,33,147,0,180,0,,0.26009499312679746,1.4813525733949549,,0.08993373700650409,0.03818887291708961,6.498099537566304e-05,8.256896398961544e-05,0.03804132295772433,0.0,11520,92160,33.0,,,
PASS,False,1.0.0-local-freeze,32,1573996,oracle,False,True,3,1,3,0,3,0,3,1,4,0.02925889414276355,6.938893903907228e-18,0.99505615234375,0.00201198598369956,8.874305058270693e-05,3.069499507546425e-05,0.0,5.804805550724268e-05,0.0,192,1536,1.0,2,,
PASS,False,1.0.0-local-freeze,32,1558604323,retained_residual,True,True,14,9,14,0,14,0,14,1,15,0.026319814440078918,0.05383507288697529,0.98895263671875,0.006142499158158898,0.001669903052970767,0.0001704519963823259,0.0,0.0014994510565884411,0.0,896,7168,6.0,13,,
PASS,False,1.0.0-local-freeze,32,1558604323,anderson_residual,True,True,14,9,14,0,14,0,14,1,15,0.025835829096388777,0.05944578711992493,0.9881591796875,0.008950924966484308,0.00705320289125666,0.00023510894970968366,0.0,0.0068180939415469766,0.0,896,7168,16.0,13,,
FAIL_CONTRACT_TIMEOUT,False,1.0.0-local-freeze,32,1558604323,full_broyden,True,False,,,,0,180,0,180,0,,0.057079391540627196,0.5310593058090348,,0.09959161904407665,0.054006197955459356,0.0002273570280522108,0.0,0.053778840927407146,0.0,11520,92160,35.0,,,
FAIL_CONTRACT_TIMEOUT,False,1.0.0-local-freeze,32,1558604323,dense_fd,True,False,,,,33,147,0,180,0,,0.3007080806562678,1.7805343169611003,,0.10756710974965245,0.040374360512942076,9.426800534129143e-05,9.023799793794751e-05,0.04018985450966284,0.0,11520,92160,33.0,,,
PASS,False,1.0.0-local-freeze,32,1558604323,oracle,False,True,3,1,3,0,3,0,3,1,4,0.0203526393729947,2.4532694666933986e-17,0.994384765625,0.0021393490023911,0.00011676002759486437,4.48829960078001e-05,0.0,7.187703158706427e-05,0.0,192,1536,1.0,2,,
PASS,False,1.0.0-local-freeze,32,1280968996,retained_residual,True,True,11,9,11,0,11,0,11,1,12,0.031731032497418696,0.4779258960669581,0.98016357421875,0.0031154389725998044,0.0010070449206978083,0.00028042797930538654,0.0,0.0007266169413924217,0.0,704,5632,6.0,10,,
PASS,False,1.0.0-local-freeze,32,1280968996,anderson_residual,True,True,11,7,11,0,11,0,11,1,12,0.03011480423419537,0.4787464197592651,0.9781494140625,0.005871672823559493,0.003225052962079644,0.0001239309785887599,0.0,0.0031011219834908843,0.0,704,5632,16.0,10,,
PASS,False,1.0.0-local-freeze,32,1280968996,full_broyden,True,True,22,20,22,0,22,0,22,1,23,0.027979709939281422,0.04664020107803175,0.99029541015625,0.012136855919379741,0.013769001059699804,0.0002101610298268497,0.0,0.013558840029872954,0.0,1408,11264,35.0,21,,
FAIL_CONTRACT_TIMEOUT,False,1.0.0-local-freeze,32,1280968996,dense_fd,True,False,,,,33,147,0,180,0,,0.2758394500064072,2.048823781805124,,0.08471485378686339,0.037329248210880905,0.0001105859992094338,0.00014547101454809308,0.03707319119712338,0.0,11520,92160,33.0,,,
PASS,False,1.0.0-local-freeze,32,1280968996,oracle,False,True,3,1,3,0,3,0,3,1,4,0.01937080284003291,2.1942709178604383e-17,0.993896484375,0.001471082039643079,7.475295569747686e-05,3.5231991205364466e-05,0.0,3.95209644921124e-05,0.0,192,1536,1.0,2,,
PASS,False,1.0.0-local-freeze,32,946144272,retained_residual,True,True,13,9,13,0,13,0,13,1,14,0.025200203117808444,0.03902854556390356,0.99237060546875,0.01083996199304238,0.0037292619235813618,0.00020030199084430933,0.0,0.0035289599327370524,0.0,832,6656,6.0,12,,
PASS,False,1.0.0-local-freeze,32,946144272,anderson_residual,True,True,10,8,10,0,10,0,10,1,11,0.02641898824215695,0.05107073336363789,0.99041748046875,0.006661462888587266,0.0032773660495877266,0.0002258199965581298,0.0,0.003051546053029597,0.0,640,5120,16.0,9,,
FAIL_CONTRACT_TIMEOUT,False,1.0.0-local-freeze,32,946144272,full_broyden,True,False,,,,0,180,0,180,0,,0.11869098677693676,0.524872193151997,,0.09233525046147406,0.05235179967712611,0.0013329850044101477,0.0,0.05101881467271596,0.0,11520,92160,35.0,,,
FAIL_CONTRACT_TIMEOUT,False,1.0.0-local-freeze,32,946144272,dense_fd,True,False,,,,33,147,0,180,0,,0.3195346015996898,1.4752192818829832,,0.09181869437452406,0.033388378215022385,5.490001058205962e-05,7.901497883722186e-05,0.033254463225603104,0.0,11520,92160,33.0,,,
PASS,False,1.0.0-local-freeze,32,946144272,oracle,False,True,3,1,3,0,3,0,3,1,4,0.0280521455875749,1.5515838457795457e-17,0.9949951171875,0.0064627089886926115,0.00012039393186569214,4.831596743315458e-05,0.0,7.207796443253756e-05,0.0,192,1536,1.0,2,,
PASS,False,1.0.0-local-freeze,32,1536741766,retained_residual,True,True,10,8,10,0,10,0,10,1,11,0.023365944668933946,0.04950420008998048,0.9906005859375,0.005238529178313911,0.0029296998400241137,0.00011630496010184288,0.0,0.0028133948799222708,0.0,640,5120,6.0,9,,
PASS,False,1.0.0-local-freeze,32,1536741766,anderson_residual,True,True,9,7,9,0,9,0,9,1,10,0.03460241217570173,0.059290890226683705,0.9888916015625,0.008246791083365679,0.002472979133017361,0.00017932802438735962,0.0,0.0022936511086300015,0.0,576,4608,16.0,8,,
PASS,False,1.0.0-local-freeze,32,1536741766,full_broyden,True,True,17,15,17,0,17,0,17,1,18,0.02492783681419107,0.038344821987169986,0.99273681640625,0.004969176952727139,0.002982651989441365,0.0001224069856107235,0.0,0.0028602450038306415,0.0,1088,8704,35.0,16,,
FAIL_CONTRACT_TIMEOUT,False,1.0.0-local-freeze,32,1536741766,dense_fd,True,False,,,,33,147,0,180,0,,0.30375448448300857,1.5477253940960984,,0.10448627395089716,0.04415020300075412,5.8632984291762114e-05,8.133798837661743e-05,0.04401023202808574,0.0,11520,92160,33.0,,,
PASS,False,1.0.0-local-freeze,32,1536741766,oracle,False,True,3,1,3,0,3,0,3,1,4,0.021211187737044352,0.0,0.99493408203125,0.0014041899121366441,5.7543045841157436e-05,2.5340006686747074e-05,0.0,3.220303915441036e-05,0.0,192,1536,1.0,2,,
PASS,False,1.0.0-local-freeze,32,2015248058,retained_residual,True,True,14,8,14,0,14,0,14,1,15,0.030422459185790222,0.04698799272108024,0.9921875,0.0056315959664061666,0.0015466559561900795,0.0002240350004285574,0.0,0.001322620955761522,0.0,896,7168,6.0,13,,
PASS,False,1.0.0-local-freeze,32,2015248058,anderson_residual,True,True,23,8,23,0,23,0,23,1,24,0.03351558196236219,0.05599186703187465,0.99090576171875,0.010860316979233176,0.0068110679858364165,0.00022863398771733046,0.0,0.006582433998119086,0.0,1472,11776,16.0,22,,
PASS,False,1.0.0-local-freeze,32,2015248058,full_broyden,True,True,16,12,16,0,16,0,16,1,17,0.02620306860520192,0.03941519888253629,0.99322509765625,0.005338780116289854,0.002435204980429262,0.00013101502554491162,0.0,0.0023041899548843503,0.0,1024,8192,35.0,15,,
FAIL_CONTRACT_TIMEOUT,False,1.0.0-local-freeze,32,2015248058,dense_fd,True,False,,,,33,147,0,180,0,,0.26835905405439037,1.0126011661284182,,0.0950321638956666,0.036394893017131835,5.141302244737744e-05,0.00015914899995550513,0.03618433099472895,0.0,11520,92160,33.0,,,
PASS,False,1.0.0-local-freeze,32,2015248058,oracle,False,True,3,1,3,0,3,0,3,1,4,0.026498819198931923,1.4720415368819607e-17,0.99542236328125,0.002349246002268046,0.0001005509402602911,4.2298983316868544e-05,0.0,5.8251956943422556e-05,0.0,192,1536,1.0,2,,
PASS,False,1.0.0-local-freeze,32,1062974352,retained_residual,True,True,11,9,11,0,11,0,11,1,12,0.03311659251886952,0.500974867787901,0.96868896484375,0.004408822045661509,0.001216239994391799,0.00013212498743087053,0.0,0.0010841150069609284,0.0,704,5632,6.0,10,,
PASS,False,1.0.0-local-freeze,32,1062974352,anderson_residual,True,True,14,9,14,0,14,0,14,1,15,0.03011375274071363,0.0529788066023257,0.9906005859375,0.009034941031131893,0.005166323797311634,0.00026733597042039037,0.0,0.0048989878268912435,0.0,896,7168,16.0,13,,
PASS,False,1.0.0-local-freeze,32,1062974352,full_broyden,True,True,15,13,15,0,15,0,15,1,16,0.018860900257823745,0.03970073057591369,0.99176025390625,0.0073301109368912876,0.004038393031805754,0.0002045219880528748,0.0,0.003833871043752879,0.0,960,7680,35.0,14,,
FAIL_CONTRACT_TIMEOUT,False,1.0.0-local-freeze,32,1062974352,dense_fd,True,False,,,,33,147,0,180,0,,0.24025883976490317,1.8756023051390711,,0.11019872140605003,0.04041948379017413,9.417801629751921e-05,0.00018069997895509005,0.04014460579492152,0.0,11520,92160,33.0,,,
PASS,False,1.0.0-local-freeze,32,1062974352,oracle,False,True,3,1,3,0,3,0,3,1,4,0.027420718991944936,3.3005365091058e-17,0.99468994140625,0.0026479020598344505,0.00010246405145153403,4.2180006857961416e-05,0.0,6.0284044593572617e-05,0.0,192,1536,1.0,2,,
PASS,False,1.0.0-local-freeze,32,317314755,retained_residual,True,True,11,9,11,0,11,0,11,1,12,0.02674436997276502,0.03195408847917989,0.99298095703125,0.008164623926859349,0.0035485170083120465,0.00013435800792649388,0.0,0.0034141590003855526,0.0,704,5632,6.0,10,,
PASS,False,1.0.0-local-freeze,32,317314755,anderson_residual,True,True,10,8,10,0,10,0,10,1,11,0.03447365367624345,0.05025790659814552,0.9903564453125,0.006198190152645111,0.002355955890379846,0.00029626896139234304,0.0,0.002059686928987503,0.0,640,5120,16.0,9,,
PASS,False,1.0.0-local-freeze,32,317314755,full_broyden,True,True,8,6,8,0,8,0,8,1,9,0.027536631537745854,0.46396627855526734,0.98382568359375,0.005011605040635914,0.00382844201521948,0.00024914101231843233,0.0,0.0035793010029010475,0.0,512,4096,35.0,7,,
FAIL_CONTRACT_TIMEOUT,False,1.0.0-local-freeze,32,317314755,dense_fd,True,False,,,,33,147,0,180,0,,0.2856809511360432,1.2737560650845647,,0.1247320743277669,0.04317190928850323,7.18209776096046e-05,0.00016623502597212791,0.0429338532849215,0.0,11520,92160,33.0,,,
PASS,False,1.0.0-local-freeze,32,317314755,oracle,False,True,3,1,3,0,3,0,3,1,4,0.020716873138595212,6.1331736667334966e-18,0.99505615234375,0.0010697960387915373,5.1291019190102816e-05,2.223800402134657e-05,0.0,2.9053015168756247e-05,0.0,192,1536,1.0,2,,
PASS,False,1.0.0-local-freeze,32,1833476299,retained_residual,True,True,12,10,12,0,12,0,12,1,13,0.02858312925487396,0.5239638495872072,0.9700927734375,0.005646034085657448,0.0016723480075597763,0.00015650998102501035,0.0,0.001515838026534766,0.0,768,6144,6.0,11,,
PASS,False,1.0.0-local-freeze,32,1833476299,anderson_residual,True,True,12,8,12,0,12,0,12,1,13,0.02680093256311774,0.05377691075833457,0.99053955078125,0.007313251146115363,0.003863890073262155,0.00019936502212658525,0.0,0.00366452505113557,0.0,768,6144,16.0,11,,
PASS,False,1.0.0-local-freeze,32,1833476299,full_broyden,True,True,15,13,15,0,15,0,15,1,16,0.02411054774489657,0.029918320580788225,0.9942626953125,0.01467229420086369,0.006966135057155043,0.0001726269838400185,0.0,0.006793508073315024,0.0,960,7680,35.0,14,,
FAIL_CONTRACT_TIMEOUT,False,1.0.0-local-freeze,32,1833476299,dense_fd,True,False,,,,33,147,0,180,0,,0.269441275160474,1.6830033723100948,,0.10581009386805817,0.041359548980835825,7.562397513538599e-05,0.0001643950236029923,0.04111952998209745,0.0,11520,92160,33.0,,,
PASS,False,1.0.0-local-freeze,32,1833476299,oracle,False,True,3,1,3,0,3,0,3,1,4,0.02304822788470344,1.962615573354719e-17,0.99578857421875,0.002764201897662133,0.0007981330272741616,0.00021223502699285746,0.0,0.0005858980002813041,0.0,192,1536,1.0,2,,
PASS,False,1.0.0-local-freeze,32,1883236474,retained_residual,True,True,13,11,13,0,13,0,13,1,14,0.030736913216471193,0.048425170674045316,0.99261474609375,0.01754297292791307,0.0022708839387632906,0.0001477859914302826,0.0,0.002123097947333008,0.0,832,6656,6.0,12,,
PASS,False,1.0.0-local-freeze,32,1883236474,anderson_residual,True,True,16,11,16,0,16,0,16,1,17,0.02801284281994524,0.057352667330541625,0.9913330078125,0.014594083826523274,0.007139110995922238,0.0002869239542633295,0.0,0.006852187041658908,0.0,1024,8192,16.0,15,,
PASS,False,1.0.0-local-freeze,32,1883236474,full_broyden,True,True,24,11,24,0,24,0,24,1,25,0.022680002126899666,0.05414170507272832,0.9920654296875,0.013499209831934422,0.007290506095159799,0.00025011698016896844,0.0,0.00704038911499083,0.0,1536,12288,35.0,23,,
FAIL_CONTRACT_TIMEOUT,False,1.0.0-local-freeze,32,1883236474,dense_fd,True,False,,,,33,147,0,180,0,,0.32105591323661253,1.7858951035132087,,0.10694449639413506,0.035234891751315445,0.00010981300147250295,0.00017030799062922597,0.034954770759213716,0.0,11520,92160,33.0,,,
PASS,False,1.0.0-local-freeze,32,1883236474,oracle,False,True,3,1,3,0,3,0,3,1,4,0.027508274751618357,1.0971354589302191e-17,0.99591064453125,0.002150509972125292,8.601200534030795e-05,3.583601210266352e-05,0.0,5.0175993237644434e-05,0.0,192,1536,1.0,2,,
PASS,False,1.0.0-local-freeze,32,812473704,retained_residual,True,True,12,10,12,0,12,0,12,1,13,0.03040267675953334,0.04860041494758782,0.99090576171875,0.008487315033562481,0.0023364999797195196,0.00022542400984093547,0.0,0.002111075969878584,0.0,768,6144,6.0,11,,
PASS,False,1.0.0-local-freeze,32,812473704,anderson_residual,True,True,13,11,13,0,13,0,13,1,14,0.029104043227589093,0.05394631911916785,0.98992919921875,0.012316555948927999,0.0052964710630476475,0.0002588880015537143,0.0,0.005037583061493933,0.0,832,6656,16.0,12,,
PASS,False,1.0.0-local-freeze,32,812473704,full_broyden,True,True,14,12,14,0,14,0,14,1,15,0.031826951800725034,0.04186280165218163,0.9920654296875,0.01054249209119007,0.00495592609513551,0.00018882896983996034,0.0,0.00476709712529555,0.0,896,7168,35.0,13,,
FAIL_CONTRACT_TIMEOUT,False,1.0.0-local-freeze,32,812473704,dense_fd,True,False,,,,33,147,0,180,0,,0.2836600005580713,1.7021089492178842,,0.12304516084259376,0.038580387947149575,7.565401028841734e-05,0.0006203780067153275,0.03788435593014583,0.0,11520,92160,33.0,,,
PASS,False,1.0.0-local-freeze,32,812473704,oracle,False,True,3,1,3,0,3,0,3,1,4,0.023014139105437325,2.5964887782452527e-17,0.9947509765625,0.002126297971699387,6.054603727534413e-05,2.7053989470005035e-05,0.0,3.34920478053391e-05,0.0,192,1536,1.0,2,,
PASS,False,1.0.0-local-freeze,32,1612189033,retained_residual,True,True,10,8,10,0,10,0,10,1,11,0.023632194574017377,0.4610068688560757,0.98040771484375,0.006044649926479906,0.0014144820161163807,0.00011702103074640036,0.0,0.0012974609853699803,0.0,640,5120,6.0,9,,
PASS,False,1.0.0-local-freeze,32,1612189033,anderson_residual,True,True,11,9,11,0,11,0,11,1,12,0.02905709370196204,0.4676634806406291,0.97821044921875,0.006373361044097692,0.0028734210645779967,0.0002965519670397043,0.0,0.0025768690975382924,0.0,704,5632,16.0,10,,
PASS,False,1.0.0-local-freeze,32,1612189033,full_broyden,True,True,16,14,16,0,16,0,16,1,17,0.029848874835432998,0.04827212791919734,0.9912109375,0.01435188011964783,0.0077568088890984654,0.000382465950679034,0.0,0.0073743429384194314,0.0,1024,8192,35.0,15,,
FAIL_CONTRACT_TIMEOUT,False,1.0.0-local-freeze,32,1612189033,dense_fd,True,False,,,,33,147,0,180,0,,0.22401026559833634,1.0933369009384257,,0.12123075814452022,0.05879985494539142,8.18819971755147e-05,0.00017318699974566698,0.058544785948470235,0.0,11520,92160,33.0,,,
PASS,False,1.0.0-local-freeze,32,1612189033,oracle,False,True,3,1,3,0,3,0,3,1,4,0.01546057976631246,6.938893903907228e-18,0.9949951171875,0.0037076460430398583,0.00013159401714801788,4.7133013140410185e-05,0.0,8.44610040076077e-05,0.0,192,1536,1.0,2,,
PASS,False,1.0.0-local-freeze,32,1990616316,retained_residual,True,True,13,8,13,0,13,0,13,1,14,0.024899314247305616,0.042573909103819856,0.99169921875,0.008996772929094732,0.002880349988117814,0.0002980210119858384,0.0,0.0025823289761319757,0.0,832,6656,6.0,12,,
PASS,False,1.0.0-local-freeze,32,1990616316,anderson_residual,True,True,10,8,10,0,10,0,10,1,11,0.03484500758719885,0.05120299869627793,0.9898681640625,0.006890056887641549,0.0035698709543794394,0.00023023498943075538,0.0,0.003339635964948684,0.0,640,5120,16.0,9,,
PASS,False,1.0.0-local-freeze,32,1990616316,full_broyden,True,True,13,11,13,0,13,0,13,1,14,0.02528060404656061,0.04107466795071858,0.99224853515625,0.01060690003214404,0.004657413926906884,0.0009483579779043794,0.0,0.0037090559490025043,0.0,832,6656,35.0,12,,
FAIL_CONTRACT_TIMEOUT,False,1.0.0-local-freeze,32,1990616316,dense_fd,True,False,,,,33,147,0,180,0,,0.3281880698443369,1.9802923435450834,,0.15009545831708238,0.054924682539422065,0.00011650699889287353,0.00018112000543624163,0.05462705553509295,0.0,11520,92160,33.0,,,
PASS,False,1.0.0-local-freeze,32,1990616316,oracle,False,True,3,1,3,0,3,0,3,1,4,0.01968168498249361,1.2080951063475723e-17,0.9951171875,0.0014741350314579904,6.67200074531138e-05,3.247999120503664e-05,0.0,3.4240016248077154e-05,0.0,192,1536,1.0,2,,
PASS,False,1.0.0-local-freeze,32,195957893,retained_residual,True,True,12,8,12,0,12,0,12,1,13,0.028188530376573925,0.047821893095760855,0.990966796875,0.009985835931729525,0.002485024102497846,0.00021313602337613702,0.0,0.002271888079121709,0.0,768,6144,6.0,11,,
PASS,False,1.0.0-local-freeze,32,195957893,anderson_residual,True,True,17,10,17,0,17,0,17,1,18,0.027128805293533186,0.0536744723002607,0.9901123046875,0.011735406005755067,0.006619491963647306,0.00013169599696993828,0.0,0.006487795966677368,0.0,1088,8704,16.0,16,,
FAIL_CONTRACT_TIMEOUT,False,1.0.0-local-freeze,32,195957893,full_broyden,True,False,,,,0,180,0,180,0,,0.1070785758925936,0.4697222887668711,,0.10099335224367678,0.05837839544983581,0.00022389000514522195,0.0,0.058154505444690585,0.0,11520,92160,35.0,,,
FAIL_CONTRACT_TIMEOUT,False,1.0.0-local-freeze,32,195957893,dense_fd,True,False,,,,33,147,0,180,0,,0.3685710135170893,1.5516999409026913,,0.09364167397143319,0.03418672044062987,7.725798059254885e-05,8.125498425215483e-05,0.034028207475785166,0.0,11520,92160,33.0,,,
PASS,False,1.0.0-local-freeze,32,195957893,oracle,False,True,3,1,3,0,3,0,3,1,4,0.024251856786882638,1.962615573354719e-17,0.99481201171875,0.0014302459894679487,6.521696923300624e-05,2.9075017664581537e-05,0.0,3.61419515684247e-05,0.0,192,1536,1.0,2,,
PASS,False,1.0.0-local-freeze,32,561759483,retained_residual,True,True,13,8,13,0,13,0,13,1,14,0.027739018065026395,0.05006922136778415,0.99053955078125,0.008744013088289648,0.0024549919180572033,0.000138404022436589,0.0,0.0023165878956206143,0.0,832,6656,6.0,12,,
PASS,False,1.0.0-local-freeze,32,561759483,anderson_residual,True,True,13,8,13,0,13,0,13,1,14,0.03479734645193532,0.0600094057707188,0.98846435546875,0.006244293879717588,0.003449838957749307,0.00021834997460246086,0.0,0.0032314889831468463,0.0,832,6656,16.0,12,,
PASS,False,1.0.0-local-freeze,32,561759483,full_broyden,True,True,14,12,14,0,14,0,14,1,15,0.029927678802803104,0.035177751320432826,0.992431640625,0.006622871966101229,0.003523962863255292,0.0002615959965623915,0.0,0.0032623668666929007,0.0,896,7168,35.0,13,,
FAIL_CONTRACT_TIMEOUT,False,1.0.0-local-freeze,32,561759483,dense_fd,True,False,,,,33,147,0,180,0,,0.3189682812663465,1.75941657830717,,0.10342394100734964,0.03814814757788554,9.089597733691335e-05,8.661800529807806e-05,0.03797063359525055,0.0,11520,92160,33.0,,,
PASS,False,1.0.0-local-freeze,32,561759483,oracle,False,True,3,1,3,0,3,0,3,1,4,0.02295412863295857,1.0133665994487634e-17,0.99444580078125,0.005507658002898097,0.0008549950434826314,4.675204399973154e-05,0.0,0.0008082429994828999,0.0,192,1536,1.0,2,,
PASS,False,1.0.0-local-freeze,32,295370387,retained_residual,True,True,11,7,11,0,11,0,11,1,12,0.028080317978936686,0.04618830226134262,0.99072265625,0.009778427018318325,0.0019686780869960785,0.00025811203522607684,0.0,0.0017105660517700016,0.0,704,5632,6.0,10,,
PASS,False,1.0.0-local-freeze,32,295370387,anderson_residual,True,True,9,7,9,0,9,0,9,1,10,0.025593351789550887,0.04639943771572619,0.990478515625,0.006852740014437586,0.0028239638777449727,0.00022152595920488238,0.0,0.0026024379185400903,0.0,576,4608,16.0,8,,
PASS,False,1.0.0-local-freeze,32,295370387,full_broyden,True,True,113,42,113,0,113,0,113,1,114,0.033699283508259785,0.4429665640374586,0.983154296875,0.08961252478184178,0.05032728100195527,0.00017070904141291976,0.0,0.05015657196054235,0.0,7232,57856,35.0,112,,
FAIL_CONTRACT_TIMEOUT,False,1.0.0-local-freeze,32,295370387,dense_fd,True,False,,,,33,147,0,180,0,,0.1529607565878898,0.5979968165882844,,0.14327410102123395,0.04169562098104507,8.165201870724559e-05,0.0001846160157583654,0.041429352946579456,0.0,11520,92160,33.0,,,
PASS,False,1.0.0-local-freeze,32,295370387,oracle,False,True,3,1,3,0,3,0,3,1,4,0.018836689263574232,1.2018516789897274e-17,0.99444580078125,0.0014572429936379194,9.887904161587358e-05,3.0410010367631912e-05,0.0,6.846903124824166e-05,0.0,192,1536,1.0,2,,
PASS,False,1.0.0-local-freeze,32,2134251794,retained_residual,True,True,10,8,10,0,10,0,10,1,11,0.02981887534688279,0.04273990447673538,0.99163818359375,0.00811416795477271,0.0033774389303289354,0.0023708579828962684,0.0,0.001006580947432667,0.0,640,5120,6.0,9,,
PASS,False,1.0.0-local-freeze,32,2134251794,anderson_residual,True,True,9,7,9,0,9,0,9,1,10,0.026654095362512783,0.04800404954055589,0.99041748046875,0.0035111180040985346,0.0020945019787177444,0.0001336379791609943,0.0,0.00196086399955675,0.0,576,4608,16.0,8,,
PASS,False,1.0.0-local-freeze,32,2134251794,full_broyden,True,True,11,9,11,0,11,0,11,1,12,0.024831296510554438,0.4660743145309097,0.97955322265625,0.004751308006234467,0.0023482810938730836,0.0001423669746145606,0.0,0.002205914119258523,0.0,704,5632,35.0,10,,
FAIL_CONTRACT_TIMEOUT,False,1.0.0-local-freeze,32,2134251794,dense_fd,True,False,,,,33,147,0,180,0,,0.3450911298887438,2.0753688026419015,,0.089988689054735,0.03919389902148396,7.31309992261231e-05,0.00016106199473142624,0.03895970602752641,0.0,11520,92160,33.0,,,
PASS,False,1.0.0-local-freeze,32,2134251794,oracle,False,True,3,1,3,0,3,0,3,1,4,0.026550468356550734,1.393273616684076e-17,0.99432373046875,0.00238888495368883,0.00016680400585755706,4.152097972109914e-05,0.0,0.00012528302613645792,0.0,192,1536,1.0,2,,
PASS,False,1.0.0-local-freeze,32,1411606814,retained_residual,True,True,11,9,11,0,11,0,11,1,12,0.027363735796946634,0.052421372455444946,0.99163818359375,0.00793408794561401,0.0015995108988136053,0.00022066599922254682,0.0,0.0013788448995910585,0.0,704,5632,6.0,10,,
PASS,False,1.0.0-local-freeze,32,1411606814,anderson_residual,True,True,11,9,11,0,11,0,11,1,12,0.03088725677442327,0.06260774127351422,0.989501953125,0.005171157885342836,0.0025510600535199046,0.00016322900773957372,0.0,0.002387831045780331,0.0,704,5632,16.0,10,,
PASS,False,1.0.0-local-freeze,32,1411606814,full_broyden,True,True,8,6,8,0,8,0,8,1,9,0.02959830663539631,0.02926748272744457,0.99407958984375,0.005513256008271128,0.0020570880151353776,0.00024180003674700856,0.0,0.001815287978388369,0.0,512,4096,35.0,7,,
FAIL_CONTRACT_TIMEOUT,False,1.0.0-local-freeze,32,1411606814,dense_fd,True,False,,,,33,147,0,180,0,,0.3035742982835929,1.6971750955861447,,0.09096878895070404,0.036135926842689514,5.3655996453016996e-05,8.573004743084311e-05,0.035996540798805654,0.0,11520,92160,33.0,,,
PASS,False,1.0.0-local-freeze,32,1411606814,oracle,False,True,3,1,3,0,3,0,3,1,4,0.023807584007324873,3.151281687781447e-17,0.99560546875,0.004676038108300418,0.00011731404811143875,6.924202898517251e-05,0.0,4.807201912626624e-05,0.0,192,1536,1.0,2,,
PASS,False,1.0.0-local-freeze,32,2130388698,retained_residual,True,True,14,9,14,0,14,0,14,1,15,0.024945502187579342,0.045729858275938666,0.99072265625,0.016104205045849085,0.005660752998664975,0.0001585200079716742,0.0,0.005502232990693301,0.0,896,7168,6.0,13,,
PASS,False,1.0.0-local-freeze,32,2130388698,anderson_residual,True,True,30,9,30,0,30,0,30,1,31,0.03482201428584519,0.05539282782373913,0.98876953125,0.016723296081181616,0.010714228847064078,0.0002880580141209066,0.0,0.010426170832943171,0.0,1920,15360,16.0,29,,
FAIL_CONTRACT_TIMEOUT,False,1.0.0-local-freeze,32,2130388698,full_broyden,True,False,,9,,0,180,0,180,46,,0.04363332842024073,0.8568643193603565,,0.11484895262401551,0.05098328593885526,0.00014142703730612993,0.0,0.05084185890154913,0.0,11520,92160,35.0,,,
FAIL_CONTRACT_TIMEOUT,False,1.0.0-local-freeze,32,2130388698,dense_fd,True,False,,,,33,147,0,180,0,,0.2183976869974493,1.5739165079527113,,0.11117770947748795,0.04025807528523728,8.054397767409682e-05,0.00024610001128166914,0.03993143129628152,0.0,11520,92160,33.0,,,
PASS,False,1.0.0-local-freeze,32,2130388698,oracle,False,True,3,1,3,0,3,0,3,1,4,0.022745854668177197,2.4532694666933987e-18,0.99432373046875,0.0023611989454366267,9.220698848366737e-05,3.4751021303236485e-05,0.0,5.745596718043089e-05,0.0,192,1536,1.0,2,,
PASS,False,1.0.0-local-freeze,32,305030663,retained_residual,True,True,9,7,9,0,9,0,9,1,10,0.030191957896875295,0.058922871255040636,0.98931884765625,0.003644254058599472,0.0009310489986091852,0.00013818999286741018,0.0,0.000792859005741775,0.0,576,4608,6.0,8,,
PASS,False,1.0.0-local-freeze,32,305030663,anderson_residual,True,True,13,11,13,0,13,0,13,1,14,0.031586592656846,0.054304319932283046,0.98956298828125,0.008688143861945719,0.004106428939849138,0.00024190900148823857,0.0,0.0038645199383608997,0.0,832,6656,16.0,12,,
PASS,False,1.0.0-local-freeze,32,305030663,full_broyden,True,True,14,12,14,0,14,0,14,1,15,0.02942461141258416,0.47929998665938217,0.97540283203125,0.005513336858712137,0.00378922006348148,0.00013568298891186714,0.0,0.0036535370745696127,0.0,896,7168,35.0,13,,
FAIL_CONTRACT_TIMEOUT,False,1.0.0-local-freeze,32,305030663,dense_fd,True,False,,,,33,147,0,180,0,,0.2928750810291326,1.2585919682579336,,0.09745698038022965,0.032912488270085305,6.1166996601969e-05,9.152601705864072e-05,0.032759795256424695,0.0,11520,92160,33.0,,,
PASS,False,1.0.0-local-freeze,32,305030663,oracle,False,True,3,1,3,0,3,0,3,1,4,0.021172558185773554,3.555125210177728e-17,0.99456787109375,0.004182806995231658,0.00011549092596396804,2.1775951609015465e-05,0.0,9.371497435495257e-05,0.0,192,1536,1.0,2,,
PASS,False,1.0.0-local-freeze,32,484958000,retained_residual,True,True,11,9,11,0,11,0,11,1,12,0.034629666298035884,0.05259358452003933,0.98974609375,0.0035465488908812404,0.0017342048813588917,0.00015671097207814455,0.0,0.0015774939092807472,0.0,704,5632,6.0,10,,
PASS,False,1.0.0-local-freeze,32,484958000,anderson_residual,True,True,34,7,34,0,34,0,34,1,35,0.030095686058996672,0.052939898625792056,0.98980712890625,0.01889991684583947,0.01708543987479061,0.0001232899958267808,0.0,0.016962149878963828,0.0,2176,17408,16.0,33,,
FAIL_CONTRACT_TIMEOUT,False,1.0.0-local-freeze,32,484958000,full_broyden,True,False,,18,,0,180,0,180,0,,0.046602390246782095,0.5677732945676781,,0.08979046740569174,0.046807823120616376,0.0002302990178577602,0.0,0.046577524102758616,0.0,11520,92160,35.0,,,
FAIL_CONTRACT_TIMEOUT,False,1.0.0-local-freeze,32,484958000,dense_fd,True,False,,,,33,147,0,180,0,,0.25421844875714084,1.4472311460998883,,0.08911879936931655,0.03474810521584004,8.146901382133365e-05,0.00016397598665207624,0.03450266021536663,0.0,11520,92160,33.0,,,
PASS,False,1.0.0-local-freeze,32,484958000,oracle,False,True,3,1,3,0,3,0,3,1,4,0.02008265336621462,2.7755575615628914e-17,0.9942626953125,0.0023589350166730583,9.280693484470248e-05,2.673995913937688e-05,0.0,6.60669757053256e-05,0.0,192,1536,1.0,2,,
PASS,False,1.0.0-local-freeze,32,668379286,retained_residual,True,True,11,7,11,0,11,0,11,1,12,0.032930460702454804,0.04385226770039851,0.992431640625,0.004247674893122166,0.0012828960316255689,0.00013588997535407543,0.0,0.0011470060562714934,0.0,704,5632,6.0,10,,
PASS,False,1.0.0-local-freeze,32,668379286,anderson_residual,True,True,10,8,10,0,10,0,10,1,11,0.022444304236800584,0.04595728643120555,0.9920654296875,0.004368358931969851,0.001739982981234789,0.00013736897381022573,0.0,0.0016026140074245632,0.0,640,5120,16.0,9,,
PASS,False,1.0.0-local-freeze,32,668379286,full_broyden,True,True,12,10,12,0,12,0,12,1,13,0.03254630673334081,0.5812654914780687,0.97625732421875,0.0059458299656398594,0.005754270008765161,0.00023876701015979052,0.0,0.0055155029986053705,0.0,768,6144,35.0,11,,
FAIL_CONTRACT_TIMEOUT,False,1.0.0-local-freeze,32,668379286,dense_fd,True,False,,,,33,147,0,180,0,,0.26700753612254546,1.8281203482654094,,0.11071355635067448,0.04631250171223655,7.689499761909246e-05,0.0002001859829761088,0.04603542073164135,0.0,11520,92160,33.0,,,
PASS,False,1.0.0-local-freeze,32,668379286,oracle,False,True,3,1,3,0,3,0,3,1,4,0.02292839079119588,1.471961680016039e-17,0.99505615234375,0.0019880489562638104,8.333695586770773e-05,2.04250100068748e-05,0.0,6.291194586083293e-05,0.0,192,1536,1.0,2,,
PASS,False,1.0.0-local-freeze,32,2091457751,retained_residual,True,True,12,10,12,0,12,0,12,1,13,0.03306013057886322,0.0510805417571383,0.989990234375,0.004950677219312638,0.0013158258516341448,0.00011516897939145565,0.0,0.0012006568722426891,0.0,768,6144,6.0,11,,
PASS,False,1.0.0-local-freeze,32,2091457751,anderson_residual,True,True,12,10,12,0,12,0,12,1,13,0.03463875520242843,0.06240542833596592,0.9873046875,0.015321520797442645,0.004916081961710006,0.00028264999855309725,0.0,0.004633431963156909,0.0,768,6144,16.0,11,,
FAIL_CONTRACT_TIMEOUT,False,1.0.0-local-freeze,32,2091457751,full_broyden,True,False,,,,0,180,0,180,0,,0.1073599983950068,0.7606552488606799,,0.0899259930010885,0.057965584157500416,0.00021904997993260622,0.0,0.05774653417756781,0.0,11520,92160,35.0,,,
FAIL_CONTRACT_TIMEOUT,False,1.0.0-local-freeze,32,2091457751,dense_fd,True,False,,,,33,147,0,180,0,,0.3043675852240583,1.517679998432422,,0.08228561590658501,0.027054652222432196,7.19770323485136e-05,8.353102020919323e-05,0.02689914416987449,0.0,11520,92160,33.0,,,
PASS,False,1.0.0-local-freeze,32,2091457751,oracle,False,True,3,1,3,0,3,0,3,1,4,0.02189661218587002,2.1942709178604383e-17,0.99407958984375,0.0022401740425266325,0.00013216404477134347,2.0579027477651834e-05,0.0,0.00011158501729369164,0.0,192,1536,1.0,2,,
PASS,False,1.0.0-local-freeze,32,427837642,retained_residual,True,True,18,11,18,0,18,0,18,1,19,0.029564839994312718,0.037392595715021376,0.99224853515625,0.006401648977771401,0.0023402521619573236,0.0002236019936390221,0.0,0.0021166501683183014,0.0,1152,9216,6.0,17,,
PASS,False,1.0.0-local-freeze,32,427837642,anderson_residual,True,True,13,9,13,0,13,0,13,1,14,0.03158732976682658,0.04528317174846306,0.990966796875,0.004817149951122701,0.002575729973614216,0.00014408299466595054,0.0,0.0024316469789482653,0.0,832,6656,16.0,12,,
PASS,False,1.0.0-local-freeze,32,427837642,full_broyden,True,True,17,13,17,0,17,0,17,1,18,0.022212269080598066,0.03908937521074673,0.99188232421875,0.010846483113709837,0.005503418913576752,0.0002254409482702613,0.0,0.005277977965306491,0.0,1088,8704,35.0,16,,
FAIL_CONTRACT_TIMEOUT,False,1.0.0-local-freeze,32,427837642,dense_fd,True,False,,,,33,147,0,180,0,,0.27648687298485153,1.8347762216106769,,0.09389574115630239,0.03531296463916078,0.0003607010003179312,0.00015946198254823685,0.034792801656294614,0.0,11520,92160,33.0,,,
PASS,False,1.0.0-local-freeze,32,427837642,oracle,False,True,3,1,3,0,3,0,3,1,4,0.024302877929577447,2.829248368623626e-17,0.9947509765625,0.002163357916288078,6.713205948472023e-05,2.4296052288264036e-05,0.0,4.2836007196456194e-05,0.0,192,1536,1.0,2,,
PASS,False,1.0.0-local-freeze,32,1523209647,retained_residual,True,True,11,9,11,0,11,0,11,1,12,0.03082366035563795,0.052409107098531145,0.99169921875,0.003616784932091832,0.001329166057985276,0.0002071199705824256,0.0,0.0011220460874028504,0.0,704,5632,6.0,10,,
PASS,False,1.0.0-local-freeze,32,1523209647,anderson_residual,True,True,14,9,14,0,14,0,14,1,15,0.027113902128975607,0.0473293956876267,0.99273681640625,0.008847199089359492,0.008018404070753604,0.00021693401504307985,0.0,0.007801470055710524,0.0,896,7168,16.0,13,,
PASS,False,1.0.0-local-freeze,32,1523209647,full_broyden,True,True,13,11,13,0,13,0,13,1,14,0.03315417102907817,0.06124705930947622,0.99029541015625,0.01441741781309247,0.005126510979607701,0.00020016997586935759,0.0,0.004926341003738344,0.0,832,6656,35.0,12,,
FAIL_CONTRACT_TIMEOUT,False,1.0.0-local-freeze,32,1523209647,dense_fd,True,False,,,,33,147,0,180,0,,0.2261260201940935,0.8872582139077704,,0.10914017079630867,0.03602082224097103,6.177800241857767e-05,0.00029608100885525346,0.0356629632296972,0.0,11520,92160,33.0,,,
PASS,False,1.0.0-local-freeze,32,1523209647,oracle,False,True,3,1,3,0,3,0,3,1,4,0.023054167030325735,2.6536166564079733e-17,0.9957275390625,0.003160661901347339,0.00012791604967787862,3.633700544014573e-05,0.0,9.157904423773289e-05,0.0,192,1536,1.0,2,,
PASS,False,1.0.0-local-freeze,32,1177627976,retained_residual,True,True,16,8,16,0,16,0,16,1,17,0.030981369559553888,0.048131119252577806,0.9908447265625,0.005837462027557194,0.0016869649407453835,0.0001272590016014874,0.0,0.001559705939143896,0.0,1024,8192,6.0,15,,
PASS,False,1.0.0-local-freeze,32,1177627976,anderson_residual,True,True,10,8,10,0,10,0,10,1,11,0.03473069332686477,0.06103378110306032,0.98858642578125,0.009317773045040667,0.00299976603128016,0.0002718060277402401,0.0,0.00272796000353992,0.0,640,5120,16.0,9,,
FAIL_CONTRACT_TIMEOUT,False,1.0.0-local-freeze,32,1177627976,full_broyden,True,False,,,,0,180,0,180,0,,0.10703179888340901,0.5392749257276236,,0.10021794296335429,0.05829198018182069,0.00021472497610375285,0.0,0.05807725520571694,0.0,11520,92160,35.0,,,
FAIL_CONTRACT_TIMEOUT,False,1.0.0-local-freeze,32,1177627976,dense_fd,True,False,,,,33,147,0,180,0,,0.2622789714020673,1.908690030257494,,0.09788440598640591,0.04883181396871805,0.00011460098903626204,0.00017847400158643723,0.04853873897809535,0.0,11520,92160,33.0,,,
PASS,False,1.0.0-local-freeze,32,1177627976,oracle,False,True,3,1,3,0,3,0,3,1,4,0.02535424927990843,2.0278928563700524e-17,0.99493408203125,0.0014359300257638097,5.8007019106298685e-05,2.0152016077190638e-05,0.0,3.785500302910805e-05,0.0,192,1536,1.0,2,,
PASS,False,1.0.0-local-freeze,32,822056531,retained_residual,True,True,13,9,13,0,13,0,13,1,14,0.025752134933668926,0.033443689420811835,0.992919921875,0.005867451953236014,0.0013745269970968366,0.00017038703663274646,0.0,0.0012041399604640901,0.0,832,6656,6.0,12,,
PASS,False,1.0.0-local-freeze,32,822056531,anderson_residual,True,True,12,10,12,0,12,0,12,1,13,0.03006568502815264,0.050004936925667515,0.99053955078125,0.008151103975251317,0.004192476975731552,0.0001604290446266532,0.0,0.0040320479311048985,0.0,768,6144,16.0,11,,
PASS,False,1.0.0-local-freeze,32,822056531,full_broyden,True,True,25,23,25,0,25,0,25,1,26,0.027571884508249114,0.030814336920657902,0.992919921875,0.013974406814668328,0.006737390882335603,0.00014304195065051317,0.0,0.00659434893168509,0.0,1600,12800,35.0,24,,
FAIL_CONTRACT_TIMEOUT,False,1.0.0-local-freeze,32,822056531,dense_fd,True,False,,,,33,147,0,180,0,,0.26504921918283375,1.6090584091524738,,0.10572017275262624,0.049398409901186824,6.0138991102576256e-05,0.00011941097909584641,0.0492188599309884,0.0,11520,92160,33.0,,,
PASS,False,1.0.0-local-freeze,32,822056531,oracle,False,True,3,1,3,0,3,0,3,1,4,0.022285355643100024,2.3046374280470723e-17,0.99456787109375,0.0026235689874738455,0.00011035898933187127,3.09800379909575e-05,0.0,7.937895134091377e-05,0.0,192,1536,1.0,2,,
PASS,False,1.0.0-local-freeze,32,445399178,retained_residual,True,True,10,8,10,0,10,0,10,1,11,0.026995553608633625,0.04679820926160416,0.991943359375,0.004549584991764277,0.0015640100464224815,0.0001525140251033008,0.0,0.0014114960213191807,0.0,640,5120,6.0,9,,
PASS,False,1.0.0-local-freeze,32,445399178,anderson_residual,True,True,17,8,17,0,17,0,17,1,18,0.03137331711484636,0.04825351808226202,0.99139404296875,0.008340782136656344,0.005976053944323212,0.0001627880265004933,0.0,0.005813265917822719,0.0,1088,8704,16.0,16,,
PASS,False,1.0.0-local-freeze,32,445399178,full_broyden,True,True,39,37,39,0,39,0,39,1,40,0.021132712231748976,0.039037163259967624,0.9925537109375,0.02157921512844041,0.010540381888858974,0.00016810803208500147,0.0,0.010372273856773973,0.0,2496,19968,35.0,38,,
FAIL_CONTRACT_TIMEOUT,False,1.0.0-local-freeze,32,445399178,dense_fd,True,False,,,,33,147,0,180,0,,0.32169898530554303,1.6894519280853173,,0.05962811631616205,0.02323177515063435,5.195499397814274e-05,0.00024035200476646423,0.02293946815188974,0.0,11520,92160,33.0,,,
PASS,False,1.0.0-local-freeze,32,445399178,oracle,False,True,3,1,3,0,3,0,3,1,4,0.022846478931957855,3.291406376790657e-17,0.99530029296875,0.0011377920163795352,5.1238981541246176e-05,1.879798946902156e-05,0.0,3.244099207222462e-05,0.0,192,1536,1.0,2,,
PASS,False,1.0.0-local-freeze,32,1242705187,retained_residual,True,True,13,9,13,0,13,0,13,1,14,0.026607513154279373,0.04312113219441101,0.9912109375,0.0037405939656309783,0.0009627499966882169,0.00011658796574920416,0.0,0.0008461620309390128,0.0,832,6656,6.0,12,,
PASS,False,1.0.0-local-freeze,32,1242705187,anderson_residual,True,True,14,12,14,0,14,0,14,1,15,0.032350792003042896,0.04962179791022967,0.9901123046875,0.009147069067694247,0.005344724107999355,0.0001894330489449203,0.0,0.005155291059054434,0.0,896,7168,16.0,13,,
PASS,False,1.0.0-local-freeze,32,1242705187,full_broyden,True,True,17,15,17,0,17,0,17,1,18,0.03245839624292711,0.6914848043210768,0.96429443359375,0.00519107811851427,0.003923544019926339,0.00013103202218189836,0.0,0.003792511997744441,0.0,1088,8704,35.0,16,,
FAIL_CONTRACT_TIMEOUT,False,1.0.0-local-freeze,32,1242705187,dense_fd,True,False,,,,33,147,0,180,0,,0.24932849748625102,1.629255447557751,,0.08091482479358092,0.03167200629832223,7.825600914657116e-05,0.00017931096954271197,0.03141443931963295,0.0,11520,92160,33.0,,,
PASS,False,1.0.0-local-freeze,32,1242705187,oracle,False,True,3,1,3,0,3,0,3,1,4,0.02188240164466753,2.8185920280518337e-17,0.9945068359375,0.0018915919354185462,7.82989664003253e-05,2.515997039154172e-05,0.0,5.313899600878358e-05,0.0,192,1536,1.0,2,,
PASS,False,1.0.0-local-freeze,64,1239900679,retained_residual,True,True,12,10,12,0,12,0,12,1,13,0.03396725716771717,0.0507145482302552,0.991241455078125,0.0061940529267303646,0.0023691559908911586,0.00014543399447575212,0.0,0.0022237219964154065,0.0,1536,12288,6.0,11,,
PASS,False,1.0.0-local-freeze,64,1239900679,anderson_residual,True,True,12,10,12,0,12,0,12,1,13,0.030911158319488714,0.055553774818235785,0.990509033203125,0.005920276918914169,0.0031262109987437725,0.0004184059798717499,0.0,0.0027078050188720226,0.0,1536,12288,16.0,11,,
FAIL_CONTRACT_TIMEOUT,False,1.0.0-local-freeze,64,1239900679,full_broyden,True,False,,38,,0,180,0,180,0,,0.04286345672362918,0.27970222643993325,,0.0740899943630211,0.05797397100832313,0.00026269000954926014,0.0,0.05771128099877387,0.0,23040,184320,67.0,,,
FAIL_CONTRACT_TIMEOUT,False,1.0.0-local-freeze,64,1239900679,dense_fd,True,False,,,,65,115,0,180,0,,0.32913768128645826,1.692047954022943,,0.10358686797553673,0.044367642782162875,7.679598638787866e-05,0.0004979709628969431,0.04379287583287805,0.0,23040,184320,65.0,,,
PASS,False,1.0.0-local-freeze,64,1239900679,oracle,False,True,3,1,3,0,3,0,3,1,4,0.021375728204380492,1.8358587643600646e-17,0.995269775390625,0.0021988050430081785,0.0001584499841555953,3.261398524045944e-05,0.0,0.00012583599891513586,0.0,384,3072,1.0,2,,
PASS,False,1.0.0-local-freeze,64,1573996,retained_residual,True,True,13,11,13,0,13,0,13,1,14,0.028877047660190416,0.0446219947421073,0.992156982421875,0.005114656989462674,0.0012213729787617922,0.00012326001888141036,0.0,0.0010981129598803818,0.0,1664,13312,6.0,12,,
PASS,False,1.0.0-local-freeze,64,1573996,anderson_residual,True,True,10,8,10,0,10,0,10,1,11,0.030277621072447247,0.04876795185722366,0.991424560546875,0.005527065019123256,0.002986437059007585,0.00014152697985991836,0.0,0.0028449100791476667,0.0,1280,10240,16.0,9,,
FAIL_CONTRACT_TIMEOUT,False,1.0.0-local-freeze,64,1573996,full_broyden,True,False,,,,0,180,0,180,0,,0.04787569021618856,0.3334849832797714,,0.1057415739633143,0.0760746551095508,0.0003969550016336143,0.0,0.07567770010791719,0.0,23040,184320,67.0,,,
FAIL_CONTRACT_TIMEOUT,False,1.0.0-local-freeze,64,1573996,dense_fd,True,False,,,,65,115,0,180,0,,0.31985669153192975,1.7831793624498264,,0.0936095608631149,0.04172548319911584,9.235396282747388e-05,0.0001619309769012034,0.041471198259387165,0.0,23040,184320,65.0,,,
PASS,False,1.0.0-local-freeze,64,1573996,oracle,False,True,3,1,3,0,3,0,3,1,4,0.026985547012119932,1.442274177545698e-17,0.995208740234375,0.0069766719825565815,0.00010959897190332413,4.6038010623306036e-05,0.0,6.356096128001809e-05,0.0,384,3072,1.0,2,,
PASS,False,1.0.0-local-freeze,64,1558604323,retained_residual,True,True,14,9,14,0,14,0,14,1,15,0.0315913540840072,0.04257879977989775,0.991943359375,0.010634980048052967,0.004611259908415377,0.00023277499713003635,0.0,0.004378484911285341,0.0,1792,14336,6.0,13,,
PASS,False,1.0.0-local-freeze,64,1558604323,anderson_residual,True,True,11,9,11,0,11,0,11,1,12,0.03215749158862702,0.05320242026826044,0.990234375,0.004912428907118738,0.00244867306901142,0.0002317850012332201,0.0,0.0022168880677782,0.0,1408,11264,16.0,10,,
PASS,False,1.0.0-local-freeze,64,1558604323,full_broyden,True,True,29,27,29,0,29,0,29,1,30,0.029859996013681014,0.3776112277021747,0.97930908203125,0.016016785986721516,0.014228646119590849,0.00026854296447709203,0.0,0.013960103155113757,0.0,3712,29696,67.0,28,,
FAIL_CONTRACT_TIMEOUT,False,1.0.0-local-freeze,64,1558604323,dense_fd,True,False,,,,65,115,0,180,0,,0.3122503848337875,1.7316532883380835,,0.09493300243047997,0.052428967028390616,0.00010290200589224696,0.00020495697390288115,0.05212110804859549,0.0,23040,184320,65.0,,,
PASS,False,1.0.0-local-freeze,64,1558604323,oracle,False,True,3,1,3,0,3,0,3,1,4,0.020589235428877625,1.5594430778265516e-17,0.994659423828125,0.006130750989541411,0.00010249699698761106,3.249698784202337e-05,0.0,7.000000914558768e-05,0.0,384,3072,1.0,2,,
PASS,False,1.0.0-local-freeze,64,1280968996,retained_residual,True,True,10,8,10,0,10,0,10,1,11,0.03195924865784966,0.36036919783991006,0.980712890625,0.005281501973513514,0.0014540370902977884,0.00017838203348219395,0.0,0.0012756550568155944,0.0,1280,10240,6.0,9,,
PASS,False,1.0.0-local-freeze,64,1280968996,anderson_residual,True,True,13,8,13,0,13,0,13,1,14,0.0275055492014977,0.3405723192911336,0.982635498046875,0.008589000906795263,0.005172119941562414,0.0002261929912492633,0.0,0.004945926950313151,0.0,1664,13312,16.0,12,,
FAIL_CONTRACT_TIMEOUT,False,1.0.0-local-freeze,64,1280968996,full_broyden,True,False,,,,0,180,0,180,0,,0.14799431154577197,0.45176733697752713,,0.11460962938144803,0.08626773615833372,0.0008035099599510431,0.0,0.08546422619838268,0.0,23040,184320,67.0,,,
FAIL_CONTRACT_TIMEOUT,False,1.0.0-local-freeze,64,1280968996,dense_fd,True,False,,,,65,115,0,180,0,,0.3165259797009345,1.8435918481731932,,0.09535610495368019,0.03996870608534664,0.00010555400513112545,0.0001621000119484961,0.03970105206826702,0.0,23040,184320,65.0,,,
PASS,False,1.0.0-local-freeze,64,1280968996,oracle,False,True,3,1,3,0,3,0,3,1,4,0.02147867387208766,1.3985787785349405e-17,0.994720458984375,0.002242737973574549,0.00024104706244543195,0.00017784902593120933,0.0,6.319803651422262e-05,0.0,384,3072,1.0,2,,
PASS,False,1.0.0-local-freeze,64,946144272,retained_residual,True,True,12,8,12,0,12,0,12,1,13,0.026632458058665022,0.03893670527950155,0.992340087890625,0.004550756013486534,0.001137474027927965,0.00014576298417523503,0.0,0.00099171104375273,0.0,1536,12288,6.0,11,,
PASS,False,1.0.0-local-freeze,64,946144272,anderson_residual,True,True,11,9,11,0,11,0,11,1,12,0.030318564958544413,0.053242299737500234,0.990203857421875,0.004126242944039404,0.002402479003649205,0.0001950309961102903,0.0,0.0022074480075389147,0.0,1408,11264,16.0,10,,
PASS,False,1.0.0-local-freeze,64,946144272,full_broyden,True,True,13,11,13,0,13,0,13,1,14,0.028154214944234,0.5314162918622461,0.97186279296875,0.008062885084655136,0.0053602100815624,0.0003154170117340982,0.0,0.005044793069828302,0.0,1664,13312,67.0,12,,
FAIL_CONTRACT_TIMEOUT,False,1.0.0-local-freeze,64,946144272,dense_fd,True,False,,,,65,115,0,180,0,,0.34411381845498457,1.5632498881800247,,0.09785812080372125,0.053167931037023664,9.841599967330694e-05,0.00017400900833308697,0.05289550602901727,0.0,23040,184320,65.0,,,
PASS,False,1.0.0-local-freeze,64,946144272,oracle,False,True,3,1,3,0,3,0,3,1,4,0.027051591000332338,1.3125564828094617e-17,0.994781494140625,0.005477476981468499,9.320006938651204e-05,2.6506022550165653e-05,0.0,6.669404683634639e-05,0.0,384,3072,1.0,2,,
PASS,False,1.0.0-local-freeze,64,1536741766,retained_residual,True,True,10,8,10,0,10,0,10,1,11,0.030043621833358066,0.04706100267808826,0.99139404296875,0.00666008098050952,0.0017145079909823835,0.00022173899924382567,0.0,0.0014927689917385578,0.0,1280,10240,6.0,9,,
PASS,False,1.0.0-local-freeze,64,1536741766,anderson_residual,True,True,9,7,9,0,9,0,9,1,10,0.026911936262102604,0.04336119951017176,0.99188232421875,0.009818962018471211,0.003272815956734121,0.000276129983831197,0.0,0.002996685972902924,0.0,1152,9216,16.0,8,,
FAIL_CONTRACT_TIMEOUT,False,1.0.0-local-freeze,64,1536741766,full_broyden,True,False,,,,0,180,0,180,0,,0.07045654271495677,0.6333781698203219,,0.09632109286030754,0.0804261690354906,0.0001760440063662827,0.0,0.08025012502912432,0.0,23040,184320,67.0,,,
FAIL_CONTRACT_TIMEOUT,False,1.0.0-local-freeze,64,1536741766,dense_fd,True,False,,,,65,115,0,180,0,,0.3051724059871941,1.915132348031663,,0.07573152962140739,0.03236638894304633,6.709399167448282e-05,0.00017085496801882982,0.03212843998335302,0.0,23040,184320,65.0,,,
PASS,False,1.0.0-local-freeze,64,1536741766,oracle,False,True,3,1,3,0,3,0,3,1,4,0.021547312017688117,1.8111044797400594e-17,0.9949951171875,0.0011219779844395816,6.112101254984736e-05,2.6932975742965937e-05,0.0,3.418803680688143e-05,0.0,384,3072,1.0,2,,
PASS,False,1.0.0-local-freeze,64,2015248058,retained_residual,True,True,11,9,11,0,11,0,11,1,12,0.032815351816407434,0.049410702251661186,0.990631103515625,0.00819274183595553,0.0028031570836901665,0.00026343698846176267,0.0,0.002539720095228404,0.0,1408,11264,6.0,10,,
PASS,False,1.0.0-local-freeze,64,2015248058,anderson_residual,True,True,10,8,10,0,10,0,10,1,11,0.02899677432963963,0.05630891568644012,0.989105224609375,0.005338039947673678,0.0026204469613730907,0.0002351319999434054,0.0,0.0023853149614296854,0.0,1280,10240,16.0,9,,
PASS,False,1.0.0-local-freeze,64,2015248058,full_broyden,True,True,13,11,13,0,13,0,13,1,14,0.027373978391074562,0.04359777809654121,0.9913330078125,0.007011166890151799,0.005731891957111657,0.0003840600256808102,0.0,0.0053478319314308465,0.0,1664,13312,67.0,12,,
FAIL_CONTRACT_TIMEOUT,False,1.0.0-local-freeze,64,2015248058,dense_fd,True,False,,,,65,115,0,180,0,,0.3161522823264631,1.7787702612722476,,0.08435714093502611,0.031466940708924085,6.747501902282238e-05,0.00034470995888113976,0.031054755731020123,0.0,23040,184320,65.0,,,
PASS,False,1.0.0-local-freeze,64,2015248058,oracle,False,True,3,1,3,0,3,0,3,1,4,0.02570761366032128,1.301765207764215e-17,0.99493408203125,0.002142665907740593,0.00010617700172588229,4.2014988139271736e-05,0.0,6.416201358661056e-05,0.0,384,3072,1.0,2,,
PASS,False,1.0.0-local-freeze,64,1062974352,retained_residual,True,True,14,9,14,0,14,0,14,1,15,0.027278208520459663,0.049252314997264575,0.991363525390625,0.009959051094483584,0.0021078219870105386,0.00012085598427802324,0.0,0.0019869660027325153,0.0,1792,14336,6.0,13,,
PASS,False,1.0.0-local-freeze,64,1062974352,anderson_residual,True,True,15,13,15,0,15,0,15,1,16,0.02876427037138423,0.05248237654646705,0.99066162109375,0.007846055086702108,0.004423783102538437,0.00022684404393658042,0.0,0.004196939058601856,0.0,1920,15360,16.0,14,,
FAIL_CONTRACT_TIMEOUT,False,1.0.0-local-freeze,64,1062974352,full_broyden,True,False,,,,0,180,0,180,0,,0.0707920200583439,0.5356789067552516,,0.09780019905883819,0.06923285801894963,0.00015495502157136798,0.0,0.06907790299737826,0.0,23040,184320,67.0,,,
FAIL_CONTRACT_TIMEOUT,False,1.0.0-local-freeze,64,1062974352,dense_fd,True,False,,,,65,115,0,180,0,,0.32469064197910874,1.7719791145810957,,0.0777025485294871,0.04003505199216306,7.351499516516924e-05,0.00018128700321540236,0.03978024999378249,0.0,23040,184320,65.0,,,
PASS,False,1.0.0-local-freeze,64,1062974352,oracle,False,True,3,1,3,0,3,0,3,1,4,0.025373526464626147,2.110382192020081e-17,0.99517822265625,0.0059450900298543274,0.00010171899339184165,4.213099600747228e-05,0.0,5.958799738436937e-05,0.0,384,3072,1.0,2,,
PASS,False,1.0.0-local-freeze,64,317314755,retained_residual,True,True,9,7,9,0,9,0,9,1,10,0.02894923262106157,0.045864171845073985,0.9915771484375,0.006340764928609133,0.0011732099228538573,0.0001447199610993266,0.0,0.0010284899617545307,0.0,1152,9216,6.0,8,,
PASS,False,1.0.0-local-freeze,64,317314755,anderson_residual,True,True,9,7,9,0,9,0,9,1,10,0.03284624385530417,0.054701838378227265,0.99005126953125,0.009740949026308954,0.002351977163925767,0.0003222689847461879,0.0,0.002029708179179579,0.0,1152,9216,16.0,8,,
PASS,False,1.0.0-local-freeze,64,317314755,full_broyden,True,True,8,6,8,0,8,0,8,1,9,0.021429555485757194,0.34185325714036624,0.98345947265625,0.0031953390571288764,0.0020120710832998157,0.00017354899318888783,0.0,0.0018385220901109278,0.0,1024,8192,67.0,7,,
FAIL_CONTRACT_TIMEOUT,False,1.0.0-local-freeze,64,317314755,dense_fd,True,False,,,,65,115,0,180,0,,0.3195154024078879,2.0365628345604114,,0.0897692150902003,0.03983876545680687,7.822702173143625e-05,0.00016329600475728512,0.03959724243031815,0.0,23040,184320,65.0,,,
PASS,False,1.0.0-local-freeze,64,317314755,oracle,False,True,3,1,3,0,3,0,3,1,4,0.022542762981474472,2.4475128624361462e-17,0.9951171875,0.001304913021158427,6.38319761492312e-05,2.897402737289667e-05,0.0,3.4857948776334524e-05,0.0,384,3072,1.0,2,,
PASS,False,1.0.0-local-freeze,64,1833476299,retained_residual,True,True,10,8,10,0,10,0,10,1,11,0.024997026296425508,0.04128633072864669,0.992218017578125,0.0033601151080802083,0.0008449628367088735,0.0001399950124323368,0.0,0.0007049678242765367,0.0,1280,10240,6.0,9,,
PASS,False,1.0.0-local-freeze,64,1833476299,anderson_residual,True,True,14,10,14,0,14,0,14,1,15,0.027818392038409856,0.05451921981096368,0.990386962890625,0.009283948980737478,0.007948036945890635,0.0002198109868913889,0.0,0.007728225958999246,0.0,1792,14336,16.0,13,,
PASS,False,1.0.0-local-freeze,64,1833476299,full_broyden,True,True,33,31,33,0,33,0,33,1,34,0.03440933734180488,0.30472077671337255,0.98870849609375,0.017039084050338715,0.014001294155605137,0.0002068330068141222,0.0,0.013794461148791015,0.0,4224,33792,67.0,32,,
FAIL_CONTRACT_TIMEOUT,False,1.0.0-local-freeze,64,1833476299,dense_fd,True,False,,,,65,115,0,180,0,,0.3345271170613411,1.682508115494908,,0.1047786115668714,0.05443250492680818,7.00869713909924e-05,0.00016995001351460814,0.05419246794190258,0.0,23040,184320,65.0,,,
PASS,False,1.0.0-local-freeze,64,1833476299,oracle,False,True,3,1,3,0,3,0,3,1,4,0.02402834415725303,2.173602285337623e-17,0.99517822265625,0.00182140595279634,8.012296166270971e-05,4.509999416768551e-05,0.0,3.5022967495024204e-05,0.0,384,3072,1.0,2,,
PASS,False,1.0.0-local-freeze,64,1883236474,retained_residual,True,True,11,9,11,0,11,0,11,1,12,0.03282387910808134,0.05707415472629981,0.98980712890625,0.0067424101289361715,0.0018655217718333006,0.0003917560097761452,0.0,0.0014737657620571554,0.0,1408,11264,6.0,10,,
PASS,False,1.0.0-local-freeze,64,1883236474,anderson_residual,True,True,11,9,11,0,11,0,11,1,12,0.033907776042330987,0.06240109098079486,0.98834228515625,0.011239446990657598,0.0036921280552633107,0.00026790902484208345,0.0,0.003424219030421227,0.0,1408,11264,16.0,10,,
PASS,False,1.0.0-local-freeze,64,1883236474,full_broyden,True,True,111,59,111,0,111,0,111,1,112,0.034768951449752644,0.47765566100664164,0.979766845703125,0.06598229403607547,0.050429746974259615,0.00040454795816913247,0.0,0.05002519901609048,0.0,14208,113664,67.0,110,,
FAIL_CONTRACT_TIMEOUT,False,1.0.0-local-freeze,64,1883236474,dense_fd,True,False,,,,65,115,0,180,0,,0.3064085103140782,1.9151053946233838,,0.10027500573778525,0.04204267478780821,0.00011004699626937509,0.00016728800255805254,0.04176533978898078,0.0,23040,184320,65.0,,,
PASS,False,1.0.0-local-freeze,64,1883236474,oracle,False,True,3,1,3,0,3,0,3,1,4,0.02578764243782302,1.1014128063757933e-17,0.9951171875,0.005459503037855029,0.00011017703218385577,3.8816011510789394e-05,0.0,7.136102067306638e-05,0.0,384,3072,1.0,2,,
PASS,False,1.0.0-local-freeze,64,812473704,retained_residual,True,True,11,9,11,0,11,0,11,1,12,0.030350433387521487,0.04911315179411107,0.990936279296875,0.009276693046558648,0.013269515009596944,0.000136236019898206,0.0,0.013133278989698738,0.0,1408,11264,6.0,10,,
PASS,False,1.0.0-local-freeze,64,812473704,anderson_residual,True,True,11,9,11,0,11,0,11,1,12,0.030504941231277546,0.053951160535982465,0.99005126953125,0.006952181225642562,0.0034849289804697037,0.0001753519754856825,0.0,0.003309577004984021,0.0,1408,11264,16.0,10,,
PASS,False,1.0.0-local-freeze,64,812473704,full_broyden,True,True,12,10,12,0,12,0,12,1,13,0.026949423383761655,0.033829097402908105,0.992950439453125,0.008241159899625927,0.0046625559334643185,0.00014964200090616941,0.0,0.004512913932558149,0.0,1536,12288,67.0,11,,
FAIL_CONTRACT_TIMEOUT,False,1.0.0-local-freeze,64,812473704,dense_fd,True,False,,,,65,115,0,180,0,,0.325310929969788,1.8721255169716025,,0.10539118177257478,0.0453832630882971,0.00012199801858514547,0.00017451896565034986,0.045086746104061604,0.0,23040,184320,65.0,,,
PASS,False,1.0.0-local-freeze,64,812473704,oracle,False,True,3,1,3,0,3,0,3,1,4,0.023597568051458004,2.3031067514664817e-17,0.994842529296875,0.0011658580042421818,5.089404294267297e-05,2.2394000552594662e-05,0.0,2.8500042390078306e-05,0.0,384,3072,1.0,2,,
PASS,False,1.0.0-local-freeze,64,1612189033,retained_residual,True,True,11,9,11,0,11,0,11,1,12,0.03201215395768329,0.3275043572313631,0.985076904296875,0.0029908340657129884,0.0012364900321699679,0.00010192801710218191,0.0,0.001134562015067786,0.0,1408,11264,6.0,10,,
PASS,False,1.0.0-local-freeze,64,1612189033,anderson_residual,True,True,11,9,11,0,11,0,11,1,12,0.028779014661095805,0.3312140608307626,0.985595703125,0.003376454988028854,0.0017128709587268531,0.00013223598944023252,0.0,0.0015806349692866206,0.0,1408,11264,16.0,10,,
FAIL_CONTRACT_TIMEOUT,False,1.0.0-local-freeze,64,1612189033,full_broyden,True,False,,16,,0,180,0,180,0,,0.06577864864896114,0.45781950193556314,,0.09570007922593504,0.07956561393802986,0.00021255301544442773,0.0,0.07935306092258543,0.0,23040,184320,67.0,,,
FAIL_CONTRACT_TIMEOUT,False,1.0.0-local-freeze,64,1612189033,dense_fd,True,False,,,,65,115,0,180,0,,0.31278522558093486,1.9312262380635588,,0.09108622651547194,0.03791365900542587,7.640203693881631e-05,0.0003388199838809669,0.03749843698460609,0.0,23040,184320,65.0,,,
PASS,False,1.0.0-local-freeze,64,1612189033,oracle,False,True,3,1,3,0,3,0,3,1,4,0.01742730073304899,9.260889149320064e-18,0.995208740234375,0.0013226319570094347,5.3938012570142746e-05,2.4590000975877047e-05,0.0,2.93480115942657e-05,0.0,384,3072,1.0,2,,
PASS,False,1.0.0-local-freeze,64,1990616316,retained_residual,True,True,10,8,10,0,10,0,10,1,11,0.026585487628709832,0.04496678425097955,0.991485595703125,0.005547187989577651,0.001681627007201314,0.00018480297876521945,0.0,0.0014968240284360945,0.0,1280,10240,6.0,9,,
PASS,False,1.0.0-local-freeze,64,1990616316,anderson_residual,True,True,9,7,9,0,9,0,9,1,10,0.027242678082935935,0.04084805875977167,0.992279052734375,0.006646011024713516,0.005417410051450133,0.0003155150334350765,0.0,0.005101895018015057,0.0,1152,9216,16.0,8,,
PASS,False,1.0.0-local-freeze,64,1990616316,full_broyden,True,True,34,24,34,0,34,0,34,1,35,0.03188413704081655,0.3769484413301557,0.978515625,0.020045324927195907,0.01375950692454353,0.0006025609909556806,0.0,0.01315694593358785,0.0,4352,34816,67.0,33,,
FAIL_CONTRACT_TIMEOUT,False,1.0.0-local-freeze,64,1990616316,dense_fd,True,False,,,,65,115,0,180,0,,0.3130451870752101,1.753966287659157,,0.09387177805183455,0.03616790019441396,0.00015187205281108618,0.00027592602418735623,0.03574010211741552,0.0,23040,184320,65.0,,,
PASS,False,1.0.0-local-freeze,64,1990616316,oracle,False,True,3,1,3,0,3,0,3,1,4,0.021856296581581926,2.103240438232023e-17,0.9951171875,0.0022655369830317795,6.79380027577281e-05,2.8955982998013496e-05,0.0,3.8982019759714603e-05,0.0,384,3072,1.0,2,,
PASS,False,1.0.0-local-freeze,64,195957893,retained_residual,True,True,12,10,12,0,12,0,12,1,13,0.03373713775866428,0.34444414911009885,0.97882080078125,0.0051170081133022904,0.004543730115983635,0.00021032796939834952,0.0,0.004333402146585286,0.0,1536,12288,6.0,11,,
PASS,False,1.0.0-local-freeze,64,195957893,anderson_residual,True,True,12,10,12,0,12,0,12,1,13,0.027555717004504172,0.34012675138526793,0.983856201171875,0.006081531988456845,0.0029532090993598104,0.00013862201012670994,0.0,0.0028145870892331004,0.0,1536,12288,16.0,11,,
FAIL_CONTRACT_TIMEOUT,False,1.0.0-local-freeze,64,195957893,full_broyden,True,False,,,,0,180,0,180,0,,0.11842795531707687,0.3722157851518239,,0.10021714732283726,0.07632356323301792,0.00016261596465483308,0.0,0.07616094726836309,0.0,23040,184320,67.0,,,
FAIL_CONTRACT_TIMEOUT,False,1.0.0-local-freeze,64,195957893,dense_fd,True,False,,,,65,115,0,180,0,,0.35489028850358584,1.9964208322884762,,0.1010925950249657,0.043952227919362485,6.835901876911521e-05,0.0001738570281304419,0.04371001187246293,0.0,23040,184320,65.0,,,
PASS,False,1.0.0-local-freeze,64,195957893,oracle,False,True,3,1,3,0,3,0,3,1,4,0.02139225631161147,5.204170427930421e-18,0.99468994140625,0.0017878119251690805,7.734395330771804e-05,3.546301741153002e-05,0.0,4.188093589618802e-05,0.0,384,3072,1.0,2,,
PASS,False,1.0.0-local-freeze,64,561759483,retained_residual,True,True,14,9,14,0,14,0,14,1,15,0.03421880663253069,0.053695808182478266,0.990020751953125,0.0071704540168866515,0.0019519919878803194,0.0002544869785197079,0.0,0.0016975050093606114,0.0,1792,14336,6.0,13,,
PASS,False,1.0.0-local-freeze,64,561759483,anderson_residual,True,True,11,9,11,0,11,0,11,1,12,0.02553154281135469,0.05207828671348882,0.989837646484375,0.0071366430493071675,0.003400410059839487,0.0003070450038649142,0.0,0.003093365055974573,0.0,1408,11264,16.0,10,,
FAIL_CONTRACT_TIMEOUT,False,1.0.0-local-freeze,64,561759483,full_broyden,True,False,,,,0,180,0,180,0,,0.06986278855830193,0.3300170278771886,,0.10745800007134676,0.0815941552282311,0.00017421599477529526,0.0,0.08141993923345581,0.0,23040,184320,67.0,,,
FAIL_CONTRACT_TIMEOUT,False,1.0.0-local-freeze,64,561759483,dense_fd,True,False,,,,65,115,0,180,0,,0.3077294901561584,1.878335792622714,,0.08573237445671111,0.04407103679841384,7.031200220808387e-05,0.00042207399383187294,0.043578650802373886,0.0,23040,184320,65.0,,,
PASS,False,1.0.0-local-freeze,64,561759483,oracle,False,True,3,1,3,0,3,0,3,1,4,0.021574891752112937,1.2981481815797576e-17,0.994415283203125,0.0015491759404540062,8.543190779164433e-05,3.847299376502633e-05,0.0,4.6958914026618004e-05,0.0,384,3072,1.0,2,,
PASS,False,1.0.0-local-freeze,64,295370387,retained_residual,True,True,9,7,9,0,9,0,9,1,10,0.028305247015691426,0.04428924617625857,0.99176025390625,0.004497983958572149,0.0008420881349593401,0.0001117270439863205,0.0,0.0007303610909730196,0.0,1152,9216,6.0,8,,
PASS,False,1.0.0-local-freeze,64,295370387,anderson_residual,True,True,10,8,10,0,10,0,10,1,11,0.030350065157567427,0.05406603515199361,0.990478515625,0.005567050073295832,0.002910065930336714,0.00021631299750879407,0.0,0.0026937529328279197,0.0,1280,10240,16.0,9,,
FAIL_CONTRACT_TIMEOUT,False,1.0.0-local-freeze,64,295370387,full_broyden,True,False,,,,0,180,0,180,0,,0.13636946338337766,0.4958265583497321,,0.09616329887649044,0.07113997655687854,0.00016827997751533985,0.0,0.0709716965793632,0.0,23040,184320,67.0,,,
FAIL_CONTRACT_TIMEOUT,False,1.0.0-local-freeze,64,295370387,dense_fd,True,False,,,,65,115,0,180,0,,0.32194488632409807,1.9372025739582248,,0.10325504600768909,0.044752911548130214,6.977398879826069e-05,0.00017283100169152021,0.04451030655764043,0.0,23040,184320,65.0,,,
PASS,False,1.0.0-local-freeze,64,295370387,oracle,False,True,3,1,3,0,3,0,3,1,4,0.021948822658785054,1.599923903925e-17,0.99493408203125,0.001437823986634612,6.803701398894191e-05,2.7749978471547365e-05,0.0,4.028703551739454e-05,0.0,384,3072,1.0,2,,
PASS,False,1.0.0-local-freeze,64,2134251794,retained_residual,True,True,11,9,11,0,11,0,11,1,12,0.030281527268958115,0.0513705519146504,0.9903564453125,0.00323921802919358,0.0008591720834374428,0.00011139101115986705,0.0,0.0007477810722775757,0.0,1408,11264,6.0,10,,
PASS,False,1.0.0-local-freeze,64,2134251794,anderson_residual,True,True,10,8,10,0,10,0,10,1,11,0.03128833207934006,0.05709245076858905,0.98974609375,0.005528356123249978,0.0025885081267915666,0.0002066390006802976,0.0,0.002381869126111269,0.0,1280,10240,16.0,9,,
FAIL_CONTRACT_TIMEOUT,False,1.0.0-local-freeze,64,2134251794,full_broyden,True,False,,,,0,180,0,180,0,,0.07056697518979574,0.5017277948181706,,0.1148653183481656,0.07606411987217143,0.00031204597325995564,0.0,0.07575207389891148,0.0,23040,184320,67.0,,,
FAIL_CONTRACT_TIMEOUT,False,1.0.0-local-freeze,64,2134251794,dense_fd,True,False,,,,65,115,0,180,0,,0.3630662892254364,1.8086939301302907,,0.11241292412159964,0.03564984997501597,7.469701813533902e-05,0.00016708998009562492,0.035408062976785004,0.0,23040,184320,65.0,,,
PASS,False,1.0.0-local-freeze,64,2134251794,oracle,False,True,3,1,3,0,3,0,3,1,4,0.02631963751525542,1.6616260503529032e-17,0.9947509765625,0.0023625550093129277,0.0001032509608194232,4.145299317315221e-05,0.0,6.179796764627099e-05,0.0,384,3072,1.0,2,,
PASS,False,1.0.0-local-freeze,64,1411606814,retained_residual,True,True,11,9,11,0,11,0,11,1,12,0.030503078830990057,0.04562718578080667,0.992034912109375,0.004302510118577629,0.0014877828652970493,0.00022194202756509185,0.0,0.0012658408377319574,0.0,1408,11264,6.0,10,,
PASS,False,1.0.0-local-freeze,64,1411606814,anderson_residual,True,True,11,9,11,0,11,0,11,1,12,0.027379591476218927,0.05966752415344002,0.989898681640625,0.006643510132562369,0.0029216749826446176,0.00021957996068522334,0.0,0.002702095021959394,0.0,1408,11264,16.0,10,,
FAIL_CONTRACT_TIMEOUT,False,1.0.0-local-freeze,64,1411606814,full_broyden,True,False,,,,0,180,0,180,0,,0.08147803593718,0.31545098987554576,,0.08468453696696088,0.07123437459813431,0.0002931400085799396,0.0,0.07094123458955437,0.0,23040,184320,67.0,,,
FAIL_CONTRACT_TIMEOUT,False,1.0.0-local-freeze,64,1411606814,dense_fd,True,False,,,,65,115,0,180,0,,0.3182570550465093,1.8119846461874016,,0.08504475007066503,0.03770389180863276,9.993900312110782e-05,0.00036114000249654055,0.03724281280301511,0.0,23040,184320,65.0,,,
PASS,False,1.0.0-local-freeze,64,1411606814,oracle,False,True,3,1,3,0,3,0,3,1,4,0.024142664172023296,2.2350348528052965e-17,0.995330810546875,0.0037260380922816694,0.00024744297843426466,7.767596980556846e-05,0.0,0.0001697670086286962,0.0,384,3072,1.0,2,,
PASS,False,1.0.0-local-freeze,64,2130388698,retained_residual,True,True,14,12,14,0,14,0,14,1,15,0.03453845695442802,0.3642148888897282,0.98321533203125,0.008227586920838803,0.002301708096638322,0.0007280420395545661,0.0,0.0015736660570837557,0.0,1792,14336,6.0,13,,
PASS,False,1.0.0-local-freeze,64,2130388698,anderson_residual,True,True,14,10,14,0,14,0,14,1,15,0.031116558316646076,0.3691201036396862,0.9832763671875,0.0064782159752212465,0.004304803034756333,0.00012565701035782695,0.0,0.004179146024398506,0.0,1792,14336,16.0,13,,
FAIL_CONTRACT_TIMEOUT,False,1.0.0-local-freeze,64,2130388698,full_broyden,True,False,,,,0,180,0,180,0,,0.11240452185143618,0.7147326119954193,,0.10192016215296462,0.08945257280720398,0.0001586030120961368,0.0,0.08929396979510784,0.0,23040,184320,67.0,,,
FAIL_CONTRACT_TIMEOUT,False,1.0.0-local-freeze,64,2130388698,dense_fd,True,False,,,,65,115,0,180,0,,0.3427488204071815,1.6533890903317976,,0.08236163330730051,0.03827859746525064,8.291902486234903e-05,0.00015945202903822064,0.03803622641135007,0.0,23040,184320,65.0,,,
PASS,False,1.0.0-local-freeze,64,2130388698,oracle,False,True,3,1,3,0,3,0,3,1,4,0.022139025375310314,1.5612887738340327e-17,0.994964599609375,0.0014783990336582065,5.670799873769283e-05,2.3694999981671572e-05,0.0,3.301299875602126e-05,0.0,384,3072,1.0,2,,
PASS,False,1.0.0-local-freeze,64,305030663,retained_residual,True,True,14,8,14,0,14,0,14,1,15,0.03465575688151466,0.05909029419673092,0.9893798828125,0.006749032996594906,0.0022769219358451664,0.00020117301028221846,0.0,0.002075748925562948,0.0,1792,14336,6.0,13,,
PASS,False,1.0.0-local-freeze,64,305030663,anderson_residual,True,True,14,8,14,0,14,0,14,1,15,0.025809194130292052,0.04647059618601249,0.991485595703125,0.008898363914340734,0.008132426009979099,0.0001477319747209549,0.0,0.007984694035258144,0.0,1792,14336,16.0,13,,
PASS,False,1.0.0-local-freeze,64,305030663,full_broyden,True,True,19,17,19,0,19,0,19,1,20,0.029611597782937944,0.48010774654236554,0.98150634765625,0.013890784815885127,0.006935903220437467,0.00025927997194230556,0.0,0.0066766232484951615,0.0,2432,19456,67.0,18,,
FAIL_CONTRACT_TIMEOUT,False,1.0.0-local-freeze,64,305030663,dense_fd,True,False,,,,65,115,0,180,0,,0.3252306896017405,1.7796961430011728,,0.1458222411456518,0.04986742290202528,7.72629864513874e-05,0.00019002798944711685,0.04960013192612678,0.0,23040,184320,65.0,,,
PASS,False,1.0.0-local-freeze,64,305030663,oracle,False,True,3,1,3,0,3,0,3,1,4,0.024548940020508107,2.887155267828699e-17,0.99493408203125,0.001944146933965385,7.242802530527115e-05,2.5654968339949846e-05,0.0,4.67730569653213e-05,0.0,384,3072,1.0,2,,
PASS,False,1.0.0-local-freeze,64,484958000,retained_residual,True,True,14,10,14,0,14,0,14,1,15,0.03008307317185821,0.0525583416852781,0.9898681640625,0.008534511842299253,0.00276561506325379,0.0004530409933067858,0.0,0.0023125740699470043,0.0,1792,14336,6.0,13,,
PASS,False,1.0.0-local-freeze,64,484958000,anderson_residual,True,True,16,9,16,0,16,0,16,1,17,0.0325534168606045,0.05864376977467865,0.9884033203125,0.008951169904321432,0.005519899015780538,0.00016317999688908458,0.0,0.005356719018891454,0.0,2048,16384,16.0,15,,
FAIL_CONTRACT_TIMEOUT,False,1.0.0-local-freeze,64,484958000,full_broyden,True,False,,,,0,180,0,180,0,,0.12007338415229549,0.45026645610088356,,0.11850697884801775,0.08185813121963292,0.00028386199846863747,0.0,0.08157426922116429,0.0,23040,184320,67.0,,,
FAIL_CONTRACT_TIMEOUT,False,1.0.0-local-freeze,64,484958000,dense_fd,True,False,,,,65,115,0,180,0,,0.31643078408666864,1.6383385154270462,,0.10913036623969674,0.0405243129353039,9.111902909353375e-05,0.0003164699883200228,0.04011672391789034,0.0,23040,184320,65.0,,,
PASS,False,1.0.0-local-freeze,64,484958000,oracle,False,True,3,1,3,0,3,0,3,1,4,0.02173020859884377,3.878959614448864e-18,0.99468994140625,0.001457815000321716,7.583899423480034e-05,2.6480993255972862e-05,0.0,4.9358000978827477e-05,0.0,384,3072,1.0,2,,
PASS,False,1.0.0-local-freeze,64,668379286,retained_residual,True,True,14,10,14,0,14,0,14,1,15,0.02608378302790296,0.3819736342085808,0.978271484375,0.005197769030928612,0.001331726962234825,0.00014242605539038777,0.0,0.0011893009068444371,0.0,1792,14336,6.0,13,,
PASS,False,1.0.0-local-freeze,64,668379286,anderson_residual,True,True,15,7,15,0,15,0,15,1,16,0.030200609159602224,0.38158948791417946,0.976226806640625,0.00944542879005894,0.0075321830227039754,0.00019865803187713027,0.0,0.007333524990826845,0.0,1920,15360,16.0,14,,
PASS,False,1.0.0-local-freeze,64,668379286,full_broyden,True,True,53,51,53,0,53,0,53,1,54,0.03212500957292199,0.33955008559987016,0.983795166015625,0.03556634421693161,0.02891224023187533,0.00017446803394705057,0.0,0.02873777219792828,0.0,6784,54272,67.0,52,,
FAIL_CONTRACT_TIMEOUT,False,1.0.0-local-freeze,64,668379286,dense_fd,True,False,,,,65,115,0,180,0,,0.31708541875253504,1.657108223110577,,0.09622700401814654,0.0447803121060133,6.719597149640322e-05,0.0001655879896134138,0.04454752814490348,0.0,23040,184320,65.0,,,
PASS,False,1.0.0-local-freeze,64,668379286,oracle,False,True,3,1,3,0,3,0,3,1,4,0.022751442935530667,2.2484847461016e-17,0.995208740234375,0.0014495078939944506,5.493604112416506e-05,2.5085988454520702e-05,0.0,2.9850052669644356e-05,0.0,384,3072,1.0,2,,
PASS,False,1.0.0-local-freeze,64,2091457751,retained_residual,True,True,13,8,13,0,13,0,13,1,14,0.03247744268014269,0.04561555887442265,0.991180419921875,0.0122913311352022,0.002919244871009141,0.00019618298392742872,0.0,0.0027230618870817125,0.0,1664,13312,6.0,12,,
PASS,False,1.0.0-local-freeze,64,2091457751,anderson_residual,True,True,12,8,12,0,12,0,12,1,13,0.03424836479759531,0.04751406378809435,0.99090576171875,0.014912272046785802,0.005105279036797583,0.0004666559980250895,0.0,0.004638623038772494,0.0,1536,12288,16.0,11,,
FAIL_CONTRACT_TIMEOUT,False,1.0.0-local-freeze,64,2091457751,full_broyden,True,False,,,,0,180,0,180,0,,0.10299995926224265,0.5323356775950148,,0.1007812152383849,0.07176818011794239,0.00022419501328840852,0.0,0.07154398510465398,0.0,23040,184320,67.0,,,
FAIL_CONTRACT_TIMEOUT,False,1.0.0-local-freeze,64,2091457751,dense_fd,True,False,,,,65,115,0,180,0,,0.329996299194587,1.918100243131901,,0.1021144125261344,0.04363426426425576,0.00029139098478481174,0.00017098401440307498,0.043171889265067875,0.0,23040,184320,65.0,,,
PASS,False,1.0.0-local-freeze,64,2091457751,oracle,False,True,3,1,3,0,3,0,3,1,4,0.021178539606645737,2.023017827855918e-17,0.994781494140625,0.0015520789311267436,7.862900383770466e-05,3.3187970984727144e-05,0.0,4.5441032852977514e-05,0.0,384,3072,1.0,2,,
PASS,False,1.0.0-local-freeze,64,427837642,retained_residual,True,True,11,9,11,0,11,0,11,1,12,0.033308367270648905,0.05706414616519073,0.9891357421875,0.005967047938611358,0.001574251102283597,0.00025502301286906004,0.0,0.001319228089414537,0.0,1408,11264,6.0,10,,
PASS,False,1.0.0-local-freeze,64,427837642,anderson_residual,True,True,11,9,11,0,11,0,11,1,12,0.03366768043041425,0.05690030004221153,0.98956298828125,0.009854399017058313,0.003932728199288249,0.00021315703634172678,0.0,0.0037195711629465222,0.0,1408,11264,16.0,10,,
PASS,False,1.0.0-local-freeze,64,427837642,full_broyden,True,True,30,28,30,0,30,0,30,1,31,0.02817227046898438,0.36453302590044956,0.9837646484375,0.018606644007377326,0.01208607607986778,0.000148270046338439,0.0,0.011937806033529341,0.0,3840,30720,67.0,29,,
FAIL_CONTRACT_TIMEOUT,False,1.0.0-local-freeze,64,427837642,dense_fd,True,False,,,,65,115,0,180,0,,0.3141865933494167,1.6963110970652522,,0.07763495179824531,0.0356275902595371,9.609299013391137e-05,0.0001622560084797442,0.035369241260923445,0.0,23040,184320,65.0,,,
PASS,False,1.0.0-local-freeze,64,427837642,oracle,False,True,3,1,3,0,3,0,3,1,4,0.021879124252630805,2.3095287758093018e-17,0.994964599609375,0.002417079987935722,0.00010818406008183956,4.0837039705365896e-05,0.0,6.734702037647367e-05,0.0,384,3072,1.0,2,,
PASS,False,1.0.0-local-freeze,64,1523209647,retained_residual,True,True,13,11,13,0,13,0,13,1,14,0.030601873326615993,0.35832622236713074,0.98162841796875,0.006079693092033267,0.00168510404182598,0.00021731900051236153,0.0,0.0014677850413136184,0.0,1664,13312,6.0,12,,
PASS,False,1.0.0-local-freeze,64,1523209647,anderson_residual,True,True,12,10,12,0,12,0,12,1,13,0.03046669341751513,0.36982240778148684,0.97784423828125,0.005356046895030886,0.003204676031600684,0.00035687501076608896,0.0,0.002847801020834595,0.0,1536,12288,16.0,11,,
FAIL_CONTRACT_TIMEOUT,False,1.0.0-local-freeze,64,1523209647,full_broyden,True,False,,,,0,180,0,180,0,,0.06557195767788897,0.3000624924776996,,0.11568806803552434,0.08096654119435698,0.0005011759931221604,0.0,0.08046536520123482,0.0,23040,184320,67.0,,,
FAIL_CONTRACT_TIMEOUT,False,1.0.0-local-freeze,64,1523209647,dense_fd,True,False,,,,65,115,0,180,0,,0.3365407174357062,1.7202124114216488,,0.12494374060770497,0.05619512213161215,9.790097828954458e-05,0.00033983198227360845,0.055757389171049,0.0,23040,184320,65.0,,,
PASS,False,1.0.0-local-freeze,64,1523209647,oracle,False,True,3,1,3,0,3,0,3,1,4,0.02238376462286081,7.152448122690996e-18,0.995391845703125,0.00564263598062098,0.00015761400572955608,4.863104550167918e-05,0.0,0.0001089829602278769,0.0,384,3072,1.0,2,,
PASS,False,1.0.0-local-freeze,64,1177627976,retained_residual,True,True,10,8,10,0,10,0,10,1,11,0.03383023229030572,0.06954075955150361,0.986785888671875,0.004232552892062813,0.0014292799169197679,0.00032969098538160324,0.0,0.0010995889315381646,0.0,1280,10240,6.0,9,,
PASS,False,1.0.0-local-freeze,64,1177627976,anderson_residual,True,True,15,10,15,0,15,0,15,1,16,0.02880369565025347,0.053925860497173704,0.989776611328125,0.010518762981519103,0.005801627004984766,0.00013764598406851292,0.0,0.005663981020916253,0.0,1920,15360,16.0,14,,
FAIL_CONTRACT_TIMEOUT,False,1.0.0-local-freeze,64,1177627976,full_broyden,True,False,,17,,0,180,0,180,0,,0.04767702345614778,0.2666026966303618,,0.08128717390354723,0.06350667407969013,0.0001482480438426137,0.0,0.06335842603584751,0.0,23040,184320,67.0,,,
FAIL_CONTRACT_TIMEOUT,False,1.0.0-local-freeze,64,1177627976,dense_fd,True,False,,,,65,115,0,180,0,,0.31149830163698206,1.7734410427052594,,0.10694988729665056,0.045131676888559014,0.00011541496496647596,0.0003163710352964699,0.04469989088829607,0.0,23040,184320,65.0,,,
PASS,False,1.0.0-local-freeze,64,1177627976,oracle,False,True,3,1,3,0,3,0,3,1,4,0.02518883629299722,1.0002903535573715e-17,0.994659423828125,0.002374740084633231,0.00015242805238813162,4.3278036173433065e-05,0.0,0.00010915001621469855,0.0,384,3072,1.0,2,,
PASS,False,1.0.0-local-freeze,64,822056531,retained_residual,True,True,13,11,13,0,13,0,13,1,14,0.02853905942881871,0.04542259287187176,0.991485595703125,0.009127707045990974,0.0019376970012672246,0.00018933304818347096,0.0,0.0017483639530837536,0.0,1664,13312,6.0,12,,
PASS,False,1.0.0-local-freeze,64,822056531,anderson_residual,True,True,13,11,13,0,13,0,13,1,14,0.03418811966562863,0.056074228789173126,0.98974609375,0.013015709002502263,0.004690948117058724,0.00019884202629327774,0.0,0.004492106090765446,0.0,1664,13312,16.0,12,,
PASS,False,1.0.0-local-freeze,64,822056531,full_broyden,True,True,15,13,15,0,15,0,15,1,16,0.02863340939241813,0.058085974114305515,0.988861083984375,0.006583961891010404,0.0035969240125268698,0.00017788098193705082,0.0,0.003419043030589819,0.0,1920,15360,67.0,14,,
FAIL_CONTRACT_TIMEOUT,False,1.0.0-local-freeze,64,822056531,dense_fd,True,False,,,,65,115,0,180,0,,0.30421307350068505,1.6587135298484907,,0.09205902513349429,0.03652186115505174,7.015501614660025e-05,0.00031893502455204725,0.03613277111435309,0.0,23040,184320,65.0,,,
PASS,False,1.0.0-local-freeze,64,822056531,oracle,False,True,3,1,3,0,3,0,3,1,4,0.02191720960325912,1.5993360207877823e-17,0.994873046875,0.0018268940038979053,0.00011454499326646328,3.870500950142741e-05,0.0,7.583998376503587e-05,0.0,384,3072,1.0,2,,
PASS,False,1.0.0-local-freeze,64,445399178,retained_residual,True,True,11,9,11,0,11,0,11,1,12,0.028005328154678554,0.05447838521982609,0.99066162109375,0.00587483198614791,0.0015883869491517544,0.0001823430065996945,0.0,0.0014060439425520599,0.0,1408,11264,6.0,10,,
PASS,False,1.0.0-local-freeze,64,445399178,anderson_residual,True,True,23,10,23,0,23,0,23,1,24,0.029719890943621707,0.05861812900220115,0.989776611328125,0.015709286904893816,0.008107609988655895,0.00015225098468363285,0.0,0.007955359003972262,0.0,2944,23552,16.0,22,,
FAIL_CONTRACT_TIMEOUT,False,1.0.0-local-freeze,64,445399178,full_broyden,True,False,,,,0,180,0,180,0,,0.08094038429791492,0.5655760128727552,,0.10635472770081833,0.09472292108694091,0.0005951049970462918,0.0,0.09412781608989462,0.0,23040,184320,67.0,,,
FAIL_CONTRACT_TIMEOUT,False,1.0.0-local-freeze,64,445399178,dense_fd,True,False,,,,65,115,0,180,0,,0.3220898090843907,1.913281153282168,,0.08999602979747579,0.03631817898713052,0.0001047489931806922,0.0002626319765113294,0.0359507980174385,0.0,23040,184320,65.0,,,
PASS,False,1.0.0-local-freeze,64,445399178,oracle,False,True,3,1,3,0,3,0,3,1,4,0.021904181702473036,1.7090548156578303e-17,0.995025634765625,0.0033288670238107443,0.00011620897566899657,4.904699744656682e-05,0.0,6.716197822242975e-05,0.0,384,3072,1.0,2,,
PASS,False,1.0.0-local-freeze,64,1242705187,retained_residual,True,True,13,11,13,0,13,0,13,1,14,0.032839310569241865,0.054332873570308554,0.99072265625,0.005953790037892759,0.0016276300302706659,0.00020005903206765652,0.0,0.0014275709982030094,0.0,1664,13312,6.0,12,,
PASS,False,1.0.0-local-freeze,64,1242705187,anderson_residual,True,True,16,11,16,0,16,0,16,1,17,0.03479080199358774,0.05567545079739544,0.9901123046875,0.009161263005807996,0.004658884136006236,0.00027693796437233686,0.0,0.004381946171633899,0.0,2048,16384,16.0,15,,
FAIL_CONTRACT_TIMEOUT,False,1.0.0-local-freeze,64,1242705187,full_broyden,True,False,,,,0,180,0,180,0,,0.08142488461277791,0.2962277830144855,,0.09833443904062733,0.07455253280932084,0.00014401698717847466,0.0,0.07440851582214236,0.0,23040,184320,67.0,,,
FAIL_CONTRACT_TIMEOUT,False,1.0.0-local-freeze,64,1242705187,dense_fd,True,False,,,,65,115,0,180,0,,0.3318568627224537,1.7414452686106772,,0.08123890397837386,0.04024808277608827,6.530201062560081e-05,0.00030093896202743053,0.039881841803435236,0.0,23040,184320,65.0,,,
PASS,False,1.0.0-local-freeze,64,1242705187,oracle,False,True,3,1,3,0,3,0,3,1,4,0.021249199214039793,2.5554072508482813e-17,0.9951171875,0.0025596459745429456,0.00011483498383313417,4.105299012735486e-05,0.0,7.378199370577931e-05,0.0,384,3072,1.0,2,,
PASS,False,1.0.0-local-freeze,128,1239900679,retained_residual,True,True,12,7,12,0,12,0,12,1,13,0.03280640358148543,0.05047891157268985,0.991241455078125,0.007626131002325565,0.0017425299156457186,0.00024960702285170555,0.0,0.001492922892794013,0.0,3072,24576,6.0,11,,
PASS,False,1.0.0-local-freeze,128,1239900679,anderson_residual,True,True,12,10,12,0,12,0,12,1,13,0.03177654454094341,0.051065609674735,0.99102783203125,0.00758968701120466,0.004953295923769474,0.00031771796057000756,0.0,0.0046355779631994665,0.0,3072,24576,16.0,11,,
FAIL_CONTRACT_TIMEOUT,False,1.0.0-local-freeze,128,1239900679,full_broyden,True,False,,,,0,180,0,180,0,,0.07866705660473748,0.4238609491028201,,0.09810442314483225,0.17634193692356348,0.00022224202984943986,0.0,0.17611969489371404,0.0,46080,368640,131.0,,,
FAIL_CONTRACT_TIMEOUT,False,1.0.0-local-freeze,128,1239900679,dense_fd,True,False,,,,129,51,0,180,0,,0.30186047320010884,1.1460627183829806,,0.09291954862419516,0.043210928968619555,0.00017948599997907877,0.0005204029730521142,0.04251103999558836,0.0,46080,368640,129.0,,,
PASS,False,1.0.0-local-freeze,128,1239900679,oracle,False,True,3,1,3,0,3,0,3,1,4,0.021605270698645197,2.4359588426225323e-17,0.99517822265625,0.002294852922204882,0.00011691398685798049,4.9243972171097994e-05,0.0,6.76700146868825e-05,0.0,768,6144,1.0,2,,
PASS,False,1.0.0-local-freeze,128,1573996,retained_residual,True,True,25,23,25,0,25,0,25,1,26,0.03492225819575884,0.2657317541037793,0.986968994140625,0.016001799085643142,0.007943871896713972,0.00024015200324356556,0.0,0.0077037198934704065,0.0,6400,51200,6.0,24,,
PASS,False,1.0.0-local-freeze,128,1573996,anderson_residual,True,True,12,10,12,0,12,0,12,1,13,0.03337458210319175,0.05405493508699369,0.990631103515625,0.006918333121575415,0.003562498895917088,0.00020095199579373002,0.0,0.0033615469001233578,0.0,3072,24576,16.0,11,,
FAIL_CONTRACT_TIMEOUT,False,1.0.0-local-freeze,128,1573996,full_broyden,True,False,,,,0,180,0,180,0,,0.07731181964289653,0.36641808645721413,,0.1302576880552806,0.21032309537986293,0.0008381999796256423,0.0,0.2094848954002373,0.0,46080,368640,131.0,,,
FAIL_CONTRACT_TIMEOUT,False,1.0.0-local-freeze,128,1573996,dense_fd,True,False,,,,129,51,0,180,0,,0.3236853465974275,1.1868091351294563,,0.11803697299910709,0.06199315097182989,0.00016642303671687841,0.005315306014381349,0.056511421920731664,0.0,46080,368640,129.0,,,
PASS,False,1.0.0-local-freeze,128,1573996,oracle,False,True,3,1,3,0,3,0,3,1,4,0.02614045677085323,2.4078077452852257e-17,0.9951934814453125,0.0017685749917291105,0.00011997204273939133,6.796803791075945e-05,0.0,5.200400482863188e-05,0.0,768,6144,1.0,2,,
PASS,False,1.0.0-local-freeze,128,1558604323,retained_residual,True,True,11,9,11,0,11,0,11,1,12,0.032562148604354905,0.2976601374741132,0.9861602783203125,0.0060154160601086915,0.0016924049705266953,0.00019299803534522653,0.0,0.0014994069351814687,0.0,2816,22528,6.0,10,,
PASS,False,1.0.0-local-freeze,128,1558604323,anderson_residual,True,True,10,8,10,0,10,0,10,1,11,0.028878619868683713,0.29952008935998276,0.9853363037109375,0.006099994934629649,0.0034461579634808004,0.0002629529917612672,0.0,0.003183204971719533,0.0,2560,20480,16.0,9,,
FAIL_CONTRACT_TIMEOUT,False,1.0.0-local-freeze,128,1558604323,full_broyden,True,False,,,,0,180,0,180,0,,0.08534488029859419,0.46440717811078375,,0.14293861901387572,0.2574892024276778,0.00034486898221075535,0.0,0.25714433344546705,0.0,46080,368640,131.0,,,
FAIL_CONTRACT_TIMEOUT,False,1.0.0-local-freeze,128,1558604323,dense_fd,True,False,,,,129,51,0,180,0,,0.3100273559634043,1.2658816694270982,,0.09706085408106446,0.05356686707818881,0.00016421801410615444,0.0009777139639481902,0.05242493510013446,0.0,46080,368640,129.0,,,
PASS,False,1.0.0-local-freeze,128,1558604323,oracle,False,True,3,1,3,0,3,0,3,1,4,0.02362355255746365,1.140836248210249e-17,0.9949798583984375,0.005076500936411321,0.00017161306459456682,7.792405085638165e-05,0.0,9.368901373818517e-05,0.0,768,6144,1.0,2,,
PASS,False,1.0.0-local-freeze,128,1280968996,retained_residual,True,True,10,8,10,0,10,0,10,1,11,0.03327662383195364,0.25186373721644073,0.985015869140625,0.01068274606950581,0.0018538449658080935,0.00024027802282944322,0.0,0.0016135669429786503,0.0,2560,20480,6.0,9,,
PASS,False,1.0.0-local-freeze,128,1280968996,anderson_residual,True,True,11,9,11,0,11,0,11,1,12,0.03254562711269228,0.2380489365030485,0.9864501953125,0.00854010705370456,0.0047401339979842305,0.00024028803454712033,0.0,0.00449984596343711,0.0,2816,22528,16.0,10,,
FAIL_CONTRACT_TIMEOUT,False,1.0.0-local-freeze,128,1280968996,full_broyden,True,False,,,,0,180,0,180,0,,0.11048354004331465,0.5084792080140826,,0.17121212620986626,0.5006022927118465,0.00037458399310708046,0.0,0.5002277087187394,0.0,46080,368640,131.0,,,
FAIL_CONTRACT_TIMEOUT,False,1.0.0-local-freeze,128,1280968996,dense_fd,True,False,,,,129,51,0,180,0,,0.30459645711452726,1.235864533674502,,0.15066319896141067,0.1194375540362671,0.0001696780091151595,0.0009422359871678054,0.11832564003998414,0.0,46080,368640,129.0,,,
PASS,False,1.0.0-local-freeze,128,1280968996,oracle,False,True,3,1,3,0,3,0,3,1,4,0.02257175680790007,1.7608190990924835e-17,0.995025634765625,0.011670688982121646,0.00013937597395852208,3.6304991226643324e-05,0.0,0.00010307098273187876,0.0,768,6144,1.0,2,,
PASS,False,1.0.0-local-freeze,128,946144272,retained_residual,True,True,12,10,12,0,12,0,12,1,13,0.033005674281640536,0.0608180392336952,0.9890899658203125,0.008054277976043522,0.0021032317890785635,0.0001985639682970941,0.0,0.0019046678207814693,0.0,3072,24576,6.0,11,,
PASS,False,1.0.0-local-freeze,128,946144272,anderson_residual,True,True,10,8,10,0,10,0,10,1,11,0.03232540520279826,0.05924127659205807,0.9887847900390625,0.011569518072064966,0.0036997999995946884,0.0002759380149655044,0.0,0.003423861984629184,0.0,2560,20480,16.0,9,,
FAIL_CONTRACT_TIMEOUT,False,1.0.0-local-freeze,128,946144272,full_broyden,True,False,,,,0,180,0,180,0,,0.11809337093492304,0.45825802857561965,,0.2192701247986406,0.48473395977634937,0.0005140359862707555,0.0,0.4842199237900786,0.0,46080,368640,131.0,,,
FAIL_CONTRACT_TIMEOUT,False,1.0.0-local-freeze,128,946144272,dense_fd,True,False,,,,129,51,0,180,0,,0.30019001475209484,1.2067343156866304,,0.15095836977707222,0.1109801470884122,0.00016809097724035382,0.001341194030828774,0.10947086208034307,0.0,46080,368640,129.0,,,
PASS,False,1.0.0-local-freeze,128,946144272,oracle,False,True,3,1,3,0,3,0,3,1,4,0.02562042925357243,8.159656857403647e-18,0.9947662353515625,0.00547968503087759,0.00011665397323668003,4.723400343209505e-05,0.0,6.941996980458498e-05,0.0,768,6144,1.0,2,,
PASS,False,1.0.0-local-freeze,128,1536741766,retained_residual,True,True,11,9,11,0,11,0,11,1,12,0.033153819893957936,0.05601687886077144,0.989990234375,0.010398878017440438,0.0019485700759105384,0.0001862070057541132,0.0,0.0017623630701564252,0.0,2816,22528,6.0,10,,
PASS,False,1.0.0-local-freeze,128,1536741766,anderson_residual,True,True,9,7,9,0,9,0,9,1,10,0.030492650341535275,0.05181458516320516,0.9908447265625,0.007482615939807147,0.002958154014777392,0.0002840069937519729,0.0,0.0026741470210254192,0.0,2304,18432,16.0,8,,
FAIL_CONTRACT_TIMEOUT,False,1.0.0-local-freeze,128,1536741766,full_broyden,True,False,,,,0,180,0,180,0,,0.14734144295477114,0.6521995346794338,,0.13676302693784237,0.2403712339582853,0.00029573997016996145,0.0,0.24007549398811534,0.0,46080,368640,131.0,,,
FAIL_CONTRACT_TIMEOUT,False,1.0.0-local-freeze,128,1536741766,dense_fd,True,False,,,,129,51,0,180,0,,0.29780573101446806,1.1547123460821422,,0.09872564411489293,0.034200206806417555,0.0001610100152902305,0.0005076059605926275,0.0335315908305347,0.0,46080,368640,129.0,,,
PASS,False,1.0.0-local-freeze,128,1536741766,oracle,False,True,3,1,3,0,3,0,3,1,4,0.022255308706008274,1.6665707462099835e-17,0.99517822265625,0.002998451003804803,8.455797797068954e-05,2.7796020731329918e-05,0.0,5.676195723935962e-05,0.0,768,6144,1.0,2,,
PASS,False,1.0.0-local-freeze,128,2015248058,retained_residual,True,True,10,8,10,0,10,0,10,1,11,0.030086501614738335,0.05218817910276522,0.9904937744140625,0.00688313803402707,0.00198812794405967,0.00028742500580847263,0.0,0.0017007029382511973,0.0,2560,20480,6.0,9,,
PASS,False,1.0.0-local-freeze,128,2015248058,anderson_residual,True,True,10,8,10,0,10,0,10,1,11,0.031230868503381092,0.05269668788766257,0.990753173828125,0.009768019081093371,0.004279575019609183,0.0002656019642017782,0.0,0.004013973055407405,0.0,2560,20480,16.0,9,,
FAIL_CONTRACT_TIMEOUT,False,1.0.0-local-freeze,128,2015248058,full_broyden,True,False,,,,0,180,0,180,0,,0.11749435819932315,0.4427184891719099,,0.21400896506384015,0.3107341008144431,0.00038519001100212336,0.0,0.31034891080344096,0.0,46080,368640,131.0,,,
FAIL_CONTRACT_TIMEOUT,False,1.0.0-local-freeze,128,2015248058,dense_fd,True,False,,,,129,51,0,180,0,,0.2930290994475243,1.3125099444582502,,0.08058173593599349,0.05246543209068477,0.00011327996617183089,0.0008511630003340542,0.051500989124178886,0.0,46080,368640,129.0,,,
PASS,False,1.0.0-local-freeze,128,2015248058,oracle,False,True,3,1,3,0,3,0,3,1,4,0.023678425442809764,1.923901403884622e-17,0.9947357177734375,0.003511538088787347,0.00010856206063181162,3.960204776376486e-05,0.0,6.896001286804676e-05,0.0,768,6144,1.0,2,,
PASS,False,1.0.0-local-freeze,128,1062974352,retained_residual,True,True,11,9,11,0,11,0,11,1,12,0.03129057187643811,0.3058674597207005,0.9861907958984375,0.00724589783931151,0.004999215016141534,0.0002424389822408557,0.0,0.004756776033900678,0.0,2816,22528,6.0,10,,
PASS,False,1.0.0-local-freeze,128,1062974352,anderson_residual,True,True,15,10,15,0,15,0,15,1,16,0.03232070148843439,0.05504134746248352,0.9902191162109375,0.011532077973242849,0.004738636082038283,0.00019071000861003995,0.0,0.004547926073428243,0.0,3840,30720,16.0,14,,
FAIL_CONTRACT_TIMEOUT,False,1.0.0-local-freeze,128,1062974352,full_broyden,True,False,,,,0,180,0,180,0,,0.14695312680746886,0.6101747778140708,,0.13759076601127163,0.39272528380388394,0.0002390409936197102,0.0,0.39248624281026423,0.0,46080,368640,131.0,,,
FAIL_CONTRACT_TIMEOUT,False,1.0.0-local-freeze,128,1062974352,dense_fd,True,False,,,,129,51,0,180,0,,0.3109393316543247,1.2704524410634628,,0.23461251246044412,0.10475086141377687,0.00041632301872596145,0.0009232430020347238,0.10341129539301619,0.0,46080,368640,129.0,,,
PASS,False,1.0.0-local-freeze,128,1062974352,oracle,False,True,3,1,3,0,3,0,3,1,4,0.024043290920872536,1.8521778298640128e-17,0.995086669921875,0.0018349159508943558,6.410805508494377e-05,2.75850179605186e-05,0.0,3.652303712442517e-05,0.0,768,6144,1.0,2,,
PASS,False,1.0.0-local-freeze,128,317314755,retained_residual,True,True,11,9,11,0,11,0,11,1,12,0.02823313911078485,0.2713298576169607,0.9858856201171875,0.006386478082276881,0.0016155618941411376,0.00013674498768523335,0.0,0.0014788169064559042,0.0,2816,22528,6.0,10,,
PASS,False,1.0.0-local-freeze,128,317314755,anderson_residual,True,True,13,11,13,0,13,0,13,1,14,0.02986600721203891,0.05071108371579238,0.990631103515625,0.01285343401832506,0.004149169893935323,0.00014248699881136417,0.0,0.004006682895123959,0.0,3328,26624,16.0,12,,
FAIL_CONTRACT_TIMEOUT,False,1.0.0-local-freeze,128,317314755,full_broyden,True,False,,,,0,180,0,180,0,,0.08586409262087293,0.47219701557977367,,0.10667329595889896,0.16723747737705708,0.00033376598730683327,0.0,0.16690371138975024,0.0,46080,368640,131.0,,,
FAIL_CONTRACT_TIMEOUT,False,1.0.0-local-freeze,128,317314755,dense_fd,True,False,,,,129,51,0,180,0,,0.2960895803819738,1.2511940514530282,,0.09148803242715076,0.047644302947446704,0.00011428399011492729,0.0006017000414431095,0.04692831891588867,0.0,46080,368640,129.0,,,
PASS,False,1.0.0-local-freeze,128,317314755,oracle,False,True,3,1,3,0,3,0,3,1,4,0.022632822305363145,2.303004670188526e-17,0.9951324462890625,0.0030038260156288743,0.00010341499000787735,4.234100924804807e-05,0.0,6.107398075982928e-05,0.0,768,6144,1.0,2,,
PASS,False,1.0.0-local-freeze,128,1833476299,retained_residual,True,True,11,9,11,0,11,0,11,1,12,0.03036157023277205,0.2296795425605686,0.988555908203125,0.004916949023026973,0.0019046299275942147,0.00017408299027010798,0.0,0.0017305469373241067,0.0,2816,22528,6.0,10,,
PASS,False,1.0.0-local-freeze,128,1833476299,anderson_residual,True,True,12,10,12,0,12,0,12,1,13,0.029544577896093847,0.04166664325991593,0.9922943115234375,0.006471000029705465,0.0029851948493160307,0.00023090001195669174,0.0,0.002754294837359339,0.0,3072,24576,16.0,11,,
FAIL_CONTRACT_TIMEOUT,False,1.0.0-local-freeze,128,1833476299,full_broyden,True,False,,,,0,180,0,180,0,,0.08149389972045472,0.4087230097050278,,0.1258809205610305,0.21742637106217444,0.0006196150206960738,0.0,0.21680675604147837,0.0,46080,368640,131.0,,,
FAIL_CONTRACT_TIMEOUT,False,1.0.0-local-freeze,128,1833476299,dense_fd,True,False,,,,129,51,0,180,0,,0.3047368700425755,1.1874940076598712,,0.12217442406108603,0.04060293157817796,0.0001887989928945899,0.001225425978191197,0.03918870660709217,0.0,46080,368640,129.0,,,
PASS,False,1.0.0-local-freeze,128,1833476299,oracle,False,True,3,1,3,0,3,0,3,1,4,0.023762868419141013,2.138724477962794e-17,0.9951019287109375,0.0029053360340185463,0.0001492460141889751,2.825300907716155e-05,0.0,0.00012099300511181355,0.0,768,6144,1.0,2,,
PASS,False,1.0.0-local-freeze,128,1883236474,retained_residual,True,True,13,11,13,0,13,0,13,1,14,0.029971058514956184,0.3485485285248667,0.983306884765625,0.009562930034007877,0.0023278288426809013,0.0002501540002413094,0.0,0.002077674842439592,0.0,3328,26624,6.0,12,,
PASS,False,1.0.0-local-freeze,128,1883236474,anderson_residual,True,True,10,8,10,0,10,0,10,1,11,0.03380565346240707,0.3548715934539311,0.98175048828125,0.0037314000073820353,0.0018167709349654615,0.00022661895491182804,0.0,0.0015901519800536335,0.0,2560,20480,16.0,9,,
FAIL_CONTRACT_TIMEOUT,False,1.0.0-local-freeze,128,1883236474,full_broyden,True,False,,,,0,180,0,180,0,,0.15066446416522905,0.5371482047710708,,0.13663326384266838,0.19761634001042694,0.0007366049685515463,0.0,0.1968797350418754,0.0,46080,368640,131.0,,,
FAIL_CONTRACT_TIMEOUT,False,1.0.0-local-freeze,128,1883236474,dense_fd,True,False,,,,129,51,0,180,0,,0.2958301427606452,1.152730438050006,,0.1269408718799241,0.05094026983715594,0.00019825599156320095,0.0005060179973952472,0.05023599584819749,0.0,46080,368640,129.0,,,
PASS,False,1.0.0-local-freeze,128,1883236474,oracle,False,True,3,1,3,0,3,0,3,1,4,0.024343005726005503,2.225811872323358e-17,0.9950714111328125,0.002994373964611441,7.381191244348884e-05,3.0832947231829166e-05,0.0,4.297896521165967e-05,0.0,768,6144,1.0,2,,
PASS,False,1.0.0-local-freeze,128,812473704,retained_residual,True,True,15,10,15,0,15,0,15,1,16,0.031856507401926096,0.056371555253838995,0.989410400390625,0.006998733791988343,0.0020715697901323438,0.00012471299851313233,0.0,0.0019468567916192114,0.0,3840,30720,6.0,14,,
PASS,False,1.0.0-local-freeze,128,812473704,anderson_residual,True,True,12,10,12,0,12,0,12,1,13,0.029021189899107135,0.05427103500997729,0.9901123046875,0.008499467163346708,0.004306403046939522,0.0002506009768694639,0.0,0.004055802070070058,0.0,3072,24576,16.0,11,,
FAIL_CONTRACT_TIMEOUT,False,1.0.0-local-freeze,128,812473704,full_broyden,True,False,,,,0,180,0,180,0,,0.11962766452067009,0.5022243384994678,,0.1068883896805346,0.18523243890376762,0.00021836499217897654,0.0,0.18501407391158864,0.0,46080,368640,131.0,,,
FAIL_CONTRACT_TIMEOUT,False,1.0.0-local-freeze,128,812473704,dense_fd,True,False,,,,129,51,0,180,0,,0.29260392839199795,1.1513429112102775,,0.11116092605516315,0.058560680656228215,0.0003512690309435129,0.00280026497785002,0.05540914664743468,0.0,46080,368640,129.0,,,
PASS,False,1.0.0-local-freeze,128,812473704,oracle,False,True,3,1,3,0,3,0,3,1,4,0.02289886225498725,0.0017224728260518533,0.994781494140625,0.001635111984796822,6.640696665272117e-05,2.8355978429317474e-05,0.0,3.805098822340369e-05,0.0,768,6144,1.0,2,,
PASS,False,1.0.0-local-freeze,128,1612189033,retained_residual,True,True,12,10,12,0,12,0,12,1,13,0.027160181620221283,0.04609763576060763,0.9917144775390625,0.006796791101805866,0.0034334060037508607,0.00021433498477563262,0.0,0.003219071018975228,0.0,3072,24576,6.0,11,,
PASS,False,1.0.0-local-freeze,128,1612189033,anderson_residual,True,True,12,10,12,0,12,0,12,1,13,0.03262934258396567,0.057987832145873275,0.989593505859375,0.005966869066469371,0.002480885887052864,0.00023340096231549978,0.0,0.002247484924737364,0.0,3072,24576,16.0,11,,
FAIL_CONTRACT_TIMEOUT,False,1.0.0-local-freeze,128,1612189033,full_broyden,True,False,,,,0,180,0,180,0,,0.07675161191050646,0.2589981665203195,,0.1547284831176512,0.22496828984003514,0.00021883903536945581,0.0,0.22474945080466568,0.0,46080,368640,131.0,,,
FAIL_CONTRACT_TIMEOUT,False,1.0.0-local-freeze,128,1612189033,dense_fd,True,False,,,,129,51,0,180,0,,0.2997562620959052,1.3098889856344935,,0.10570729029132053,0.05029607081087306,0.00015711196465417743,0.0005099739646539092,0.049628984881564975,0.0,46080,368640,129.0,,,
PASS,False,1.0.0-local-freeze,128,1612189033,oracle,False,True,3,1,3,0,3,0,3,1,4,0.020812026194600597,1.6639589519957565e-17,0.9951324462890625,0.001583844074048102,7.730204379186034e-05,3.2373995054513216e-05,0.0,4.4928048737347126e-05,0.0,768,6144,1.0,2,,
PASS,False,1.0.0-local-freeze,128,1990616316,retained_residual,True,True,11,9,11,0,11,0,11,1,12,0.03146687887608587,0.2359440938212109,0.987701416015625,0.006889816024340689,0.002962712023872882,0.0007553240284323692,0.0,0.002207387995440513,0.0,2816,22528,6.0,10,,
PASS,False,1.0.0-local-freeze,128,1990616316,anderson_residual,True,True,12,10,12,0,12,0,12,1,13,0.028182467056773915,0.05065918731001205,0.99053955078125,0.006096231169067323,0.0033112300443463027,0.0001406000228598714,0.0,0.0031706300214864314,0.0,3072,24576,16.0,11,,
FAIL_CONTRACT_TIMEOUT,False,1.0.0-local-freeze,128,1990616316,full_broyden,True,False,,,,0,180,0,180,0,,0.11133600926505663,0.3695991636967058,,0.11425525991944596,0.20085942914010957,0.0002240380272269249,0.0,0.20063539111288264,0.0,46080,368640,131.0,,,
FAIL_CONTRACT_TIMEOUT,False,1.0.0-local-freeze,128,1990616316,dense_fd,True,False,,,,129,51,0,180,0,,0.29808348865775375,1.2370673367925782,,0.12927223794395104,0.06394214107422158,0.00015936000272631645,0.0010384790366515517,0.06274430203484371,0.0,46080,368640,129.0,,,
PASS,False,1.0.0-local-freeze,128,1990616316,oracle,False,True,3,1,3,0,3,0,3,1,4,0.02169155878377132,1.2928173276672422e-17,0.9948272705078125,0.002325620036572218,6.590294651687145e-05,2.8601964004337788e-05,0.0,3.7300982512533665e-05,0.0,768,6144,1.0,2,,
PASS,False,1.0.0-local-freeze,128,195957893,retained_residual,True,True,15,10,15,0,15,0,15,1,16,0.03101055229896499,0.2913875191102765,0.9863739013671875,0.007380678900517523,0.0021366499131545424,0.00028026296058669686,0.0,0.0018563869525678456,0.0,3840,30720,6.0,14,,
PASS,False,1.0.0-local-freeze,128,195957893,anderson_residual,True,True,11,9,11,0,11,0,11,1,12,0.03153552064858746,0.051578933098731204,0.9903411865234375,0.007291954942047596,0.004022493143565953,0.0002658390440046787,0.0,0.003756654099561274,0.0,2816,22528,16.0,10,,
FAIL_CONTRACT_TIMEOUT,False,1.0.0-local-freeze,128,195957893,full_broyden,True,False,,,,0,180,0,180,0,,0.05945087795171752,0.18895665344045556,,0.137911414320115,0.20113151893019676,0.0003277100040577352,0.0,0.20080380892613903,0.0,46080,368640,131.0,,,
FAIL_CONTRACT_TIMEOUT,False,1.0.0-local-freeze,128,195957893,dense_fd,True,False,,,,129,51,0,180,0,,0.300070418876145,1.145226282179009,,0.09887027036165819,0.05329942883690819,0.00011321494821459055,0.0005785709945484996,0.0526076428941451,0.0,46080,368640,129.0,,,
PASS,False,1.0.0-local-freeze,128,195957893,oracle,False,True,3,1,3,0,3,0,3,1,4,0.02320589429532393,1.618042341272749e-17,0.9947967529296875,0.002244984032586217,8.47799819894135e-05,4.402297781780362e-05,0.0,4.075700417160988e-05,0.0,768,6144,1.0,2,,
PASS,False,1.0.0-local-freeze,128,561759483,retained_residual,True,True,11,9,11,0,11,0,11,1,12,0.028345680385052946,0.2535800448052168,0.9860076904296875,0.010222243086900562,0.0019888069364242256,0.000231444020755589,0.0,0.0017573629156686366,0.0,2816,22528,6.0,10,,
PASS,False,1.0.0-local-freeze,128,561759483,anderson_residual,True,True,11,9,11,0,11,0,11,1,12,0.029295468296611536,0.05063434707011769,0.990814208984375,0.0054821730009280145,0.0023285131319426,0.00021651003044098616,0.0,0.002112003101501614,0.0,2816,22528,16.0,10,,
FAIL_CONTRACT_TIMEOUT,False,1.0.0-local-freeze,128,561759483,full_broyden,True,False,,,,0,180,0,180,0,,0.10778759991891572,0.5330145712470538,,0.13827140833018348,0.22389349731383845,0.0010306319454684854,0.0,0.22286286536836997,0.0,46080,368640,131.0,,,
FAIL_CONTRACT_TIMEOUT,False,1.0.0-local-freeze,128,561759483,dense_fd,True,False,,,,129,51,0,180,0,,0.3013277283570219,1.2512985918160615,,0.14211416657781228,0.05464681010926142,0.00015443400479853153,0.000519197026733309,0.05397317907772958,0.0,46080,368640,129.0,,,
PASS,False,1.0.0-local-freeze,128,561759483,oracle,False,True,3,1,3,0,3,0,3,1,4,0.02179424117866462,2.5759329400280683e-17,0.9948577880859375,0.002202572941314429,9.52680129557848e-05,3.436504630371928e-05,0.0,6.0902966652065516e-05,0.0,768,6144,1.0,2,,
PASS,False,1.0.0-local-freeze,128,295370387,retained_residual,True,True,12,8,12,0,12,0,12,1,13,0.03095263320536012,0.2759596078634413,0.9863433837890625,0.006935953977517784,0.0019135900074616075,0.0001298540155403316,0.0,0.0017837359919212759,0.0,3072,24576,6.0,11,,
PASS,False,1.0.0-local-freeze,128,295370387,anderson_residual,True,True,11,9,11,0,11,0,11,1,12,0.03054397966853923,0.0535441467628719,0.9901123046875,0.0038676689146086574,0.0020963039714843035,0.00013452197890728712,0.0,0.0019617819925770164,0.0,2816,22528,16.0,10,,
FAIL_CONTRACT_TIMEOUT,False,1.0.0-local-freeze,128,295370387,full_broyden,True,False,,,,0,180,0,180,0,,0.07449312065472206,0.5078196864786798,,0.11072858108673245,0.18766889377729967,0.0003241430385969579,0.0,0.18734475073870271,0.0,46080,368640,131.0,,,
FAIL_CONTRACT_TIMEOUT,False,1.0.0-local-freeze,128,295370387,dense_fd,True,False,,,,129,51,0,180,0,,0.3075380904823,1.0903543242549851,,0.117300862504635,0.12292518402682617,0.00020952901104465127,0.008624808047898114,0.11409084696788341,0.0,46080,368640,129.0,,,
PASS,False,1.0.0-local-freeze,128,295370387,oracle,False,True,3,1,3,0,3,0,3,1,4,0.021744518601916826,2.3273757686693185e-17,0.994781494140625,0.001616201945580542,7.20889656804502e-05,2.7381989639252424e-05,0.0,4.470697604119778e-05,0.0,768,6144,1.0,2,,
PASS,False,1.0.0-local-freeze,128,2134251794,retained_residual,True,True,13,11,13,0,13,0,13,1,14,0.02937100885548672,0.050685123507116736,0.99072265625,0.00835235498379916,0.0020975860534235835,0.0002542859874665737,0.0,0.0018433000659570098,0.0,3328,26624,6.0,12,,
PASS,False,1.0.0-local-freeze,128,2134251794,anderson_residual,True,True,10,8,10,0,10,0,10,1,11,0.02939357692652141,0.052326510054052484,0.990875244140625,0.008219655195716769,0.006726957042701542,0.00024717801716178656,0.0,0.006479779025539756,0.0,2560,20480,16.0,9,,
FAIL_CONTRACT_TIMEOUT,False,1.0.0-local-freeze,128,2134251794,full_broyden,True,False,,,,0,180,0,180,0,,0.0971261610252623,0.6553518088964794,,0.13290972023969516,0.2057342014159076,0.0003445700276643038,0.0,0.2053896313882433,0.0,46080,368640,131.0,,,
FAIL_CONTRACT_TIMEOUT,False,1.0.0-local-freeze,128,2134251794,dense_fd,True,False,,,,129,51,0,180,0,,0.31110013405836984,1.1960719328287377,,0.12534118484472856,0.051928524975664914,0.00021984498016536236,0.0008600680157542229,0.05084861197974533,0.0,46080,368640,129.0,,,
PASS,False,1.0.0-local-freeze,128,2134251794,oracle,False,True,3,1,3,0,3,0,3,1,4,0.024561588879544686,1.9788397563873644e-17,0.994964599609375,0.00280713097890839,0.00011681899195536971,4.60050068795681e-05,0.0,7.081398507580161e-05,0.0,768,6144,1.0,2,,
PASS,False,1.0.0-local-freeze,128,1411606814,retained_residual,True,True,12,10,12,0,12,0,12,1,13,0.03133169314405705,0.04694772249826877,0.9916229248046875,0.005691642814781517,0.0017319511389359832,0.00020193698583170772,0.0,0.0015300141531042755,0.0,3072,24576,6.0,11,,
PASS,False,1.0.0-local-freeze,128,1411606814,anderson_residual,True,True,14,10,14,0,14,0,14,1,15,0.031224859078591707,0.05291457754762762,0.99053955078125,0.004899226943962276,0.0026545890723355114,0.0002871330361813307,0.0,0.0023674560361541808,0.0,3584,28672,16.0,13,,
FAIL_CONTRACT_TIMEOUT,False,1.0.0-local-freeze,128,1411606814,full_broyden,True,False,,,,0,180,0,180,0,,0.08403635357144003,0.32305464488311664,,0.16401022294303402,0.2275873423786834,0.0003360050031915307,0.0,0.22725133737549186,0.0,46080,368640,131.0,,,
FAIL_CONTRACT_TIMEOUT,False,1.0.0-local-freeze,128,1411606814,dense_fd,True,False,,,,129,51,0,180,0,,0.2910174195343091,1.2631250949506785,,0.10617830086266622,0.05463631410384551,0.00028253201162442565,0.0005193830002099276,0.053834399092011154,0.0,46080,368640,129.0,,,
PASS,False,1.0.0-local-freeze,128,1411606814,oracle,False,True,3,1,3,0,3,0,3,1,4,0.025074559653490886,1.8643233883935855e-17,0.995330810546875,0.0040955430013127625,6.628804840147495e-05,2.602499444037676e-05,0.0,4.0263053961098194e-05,0.0,768,6144,1.0,2,,
PASS,False,1.0.0-local-freeze,128,2130388698,retained_residual,True,True,12,8,12,0,12,0,12,1,13,0.028218769677050753,0.2679524368053451,0.9872589111328125,0.00982962007401511,0.002227292919997126,0.00011952099157497287,0.0,0.002107771928422153,0.0,3072,24576,6.0,11,,
PASS,False,1.0.0-local-freeze,128,2130388698,anderson_residual,True,True,10,8,10,0,10,0,10,1,11,0.033334297641822816,0.2729208525096226,0.9853057861328125,0.007490959076676518,0.004040898929815739,0.00034250097814947367,0.0,0.0036983979516662657,0.0,2560,20480,16.0,9,,
FAIL_CONTRACT_TIMEOUT,False,1.0.0-local-freeze,128,2130388698,full_broyden,True,False,,,,0,180,0,180,0,,0.10817545862459357,0.4410245572779927,,0.13374358013970777,0.2227307308348827,0.0004122789832763374,0.0,0.22231845185160637,0.0,46080,368640,131.0,,,
FAIL_CONTRACT_TIMEOUT,False,1.0.0-local-freeze,128,2130388698,dense_fd,True,False,,,,129,51,0,180,0,,0.3142357357644491,1.1542918184051365,,0.10039523773593828,0.0462311182054691,0.00011324003571644425,0.005039355019107461,0.041078523150645196,0.0,46080,368640,129.0,,,
PASS,False,1.0.0-local-freeze,128,2130388698,oracle,False,True,3,1,3,0,3,0,3,1,4,0.022149865492951608,1.9091812074891554e-17,0.9952545166015625,0.003307909006252885,0.00011263403575867414,4.266301402822137e-05,0.0,6.997102173045278e-05,0.0,768,6144,1.0,2,,
PASS,False,1.0.0-local-freeze,128,305030663,retained_residual,True,True,11,9,11,0,11,0,11,1,12,0.03007630800976523,0.050954515032269894,0.9901885986328125,0.0044615730294026434,0.0015003300504758954,0.000287968956399709,0.0,0.0012123610940761864,0.0,2816,22528,6.0,10,,
PASS,False,1.0.0-local-freeze,128,305030663,anderson_residual,True,True,13,7,13,0,13,0,13,1,14,0.03283569447120912,0.05402301979380472,0.9900360107421875,0.00936496298527345,0.00805914105148986,0.00025092699797824025,0.0,0.00780821405351162,0.0,3328,26624,16.0,12,,
FAIL_CONTRACT_TIMEOUT,False,1.0.0-local-freeze,128,305030663,full_broyden,True,False,,,,0,180,0,180,0,,0.11315536904117196,0.4741408582665053,,0.117008245899342,0.21085227222647518,0.00024292600573971868,0.0,0.21060934622073546,0.0,46080,368640,131.0,,,
FAIL_CONTRACT_TIMEOUT,False,1.0.0-local-freeze,128,305030663,dense_fd,True,False,,,,129,51,0,180,0,,0.2858588857143538,1.1934528591488627,,0.10025801777374,0.06718772422755137,0.00017102202400565147,0.0005353469750843942,0.06648135522846133,0.0,46080,368640,129.0,,,
PASS,False,1.0.0-local-freeze,128,305030663,oracle,False,True,3,1,3,0,3,0,3,1,4,0.023893100450603867,1.5172633708919383e-17,0.9947509765625,0.001700203982181847,6.798200774937868e-05,3.08080343529582e-05,0.0,3.717397339642048e-05,0.0,768,6144,1.0,2,,
PASS,False,1.0.0-local-freeze,128,484958000,retained_residual,True,True,15,9,15,0,15,0,15,1,16,0.03156208870166539,0.3101017890713345,0.984588623046875,0.006641289102844894,0.002193022985011339,0.00014139898121356964,0.0,0.0020516240037977695,0.0,3840,30720,6.0,14,,
PASS,False,1.0.0-local-freeze,128,484958000,anderson_residual,True,True,14,9,14,0,14,0,14,1,15,0.030619588113434692,0.058139794689268574,0.989410400390625,0.008565840020310134,0.004909387964289635,0.000240338034927845,0.0,0.00466904992936179,0.0,3584,28672,16.0,13,,
FAIL_CONTRACT_TIMEOUT,False,1.0.0-local-freeze,128,484958000,full_broyden,True,False,,,,0,180,0,180,0,,0.06202397638359025,0.5459260593953645,,0.1294046186376363,0.21584372129291296,0.0007222360000014305,0.0,0.21512148529291153,0.0,46080,368640,131.0,,,
FAIL_CONTRACT_TIMEOUT,False,1.0.0-local-freeze,128,484958000,dense_fd,True,False,,,,129,51,0,180,0,,0.2808013498282343,1.2175616843573882,,0.07715753169031814,0.043905953934881836,0.00011130498023703694,0.0008089879993349314,0.04298566095530987,0.0,46080,368640,129.0,,,
PASS,False,1.0.0-local-freeze,128,484958000,oracle,False,True,3,1,3,0,3,0,3,1,4,0.023067100588743256,2.2923633974385374e-17,0.99481201171875,0.0027474170201458037,0.00016286899335682392,7.005396764725447e-05,0.0,9.281502570956945e-05,0.0,768,6144,1.0,2,,
PASS,False,1.0.0-local-freeze,128,668379286,retained_residual,True,True,10,8,10,0,10,0,10,1,11,0.030054221625370144,0.2743264301121674,0.984649658203125,0.006312856974545866,0.001708226976916194,0.00024441001005470753,0.0,0.0014638169668614864,0.0,2560,20480,6.0,9,,
PASS,False,1.0.0-local-freeze,128,668379286,anderson_residual,True,True,10,8,10,0,10,0,10,1,11,0.028823719256584137,0.27200063832995935,0.984832763671875,0.005279152828734368,0.0026335109723731875,0.00016385898925364017,0.0,0.0024696519831195474,0.0,2560,20480,16.0,9,,
FAIL_CONTRACT_TIMEOUT,False,1.0.0-local-freeze,128,668379286,full_broyden,True,False,,,,0,180,0,180,0,,0.05441249092061663,0.3371885987857622,,0.12074733170447871,0.20457868825178593,0.0009072720422409475,0.0,0.203671416209545,0.0,46080,368640,131.0,,,
FAIL_CONTRACT_TIMEOUT,False,1.0.0-local-freeze,128,668379286,dense_fd,True,False,,,,129,51,0,180,0,,0.30269007204811277,1.1214496909331322,,0.087673599133268,0.05230782477883622,0.00010960700456053019,0.0005296779563650489,0.05166853981791064,0.0,46080,368640,129.0,,,
PASS,False,1.0.0-local-freeze,128,668379286,oracle,False,True,3,1,3,0,3,0,3,1,4,0.023091463824973235,1.932679706824931e-17,0.994964599609375,0.0025265999720431864,0.00010614597704261541,3.749999450519681e-05,0.0,6.86459825374186e-05,0.0,768,6144,1.0,2,,
PASS,False,1.0.0-local-freeze,128,2091457751,retained_residual,True,True,12,8,12,0,12,0,12,1,13,0.03143397209676461,0.05076585906236241,0.99066162109375,0.005711415898986161,0.001529801927972585,0.00019892799900844693,0.0,0.001330873928964138,0.0,3072,24576,6.0,11,,
PASS,False,1.0.0-local-freeze,128,2091457751,anderson_residual,True,True,12,10,12,0,12,0,12,1,13,0.027166721649945578,0.0493899123125852,0.990997314453125,0.0060927291051484644,0.003267969994340092,0.000177070964127779,0.0,0.003090899030212313,0.0,3072,24576,16.0,11,,
FAIL_CONTRACT_TIMEOUT,False,1.0.0-local-freeze,128,2091457751,full_broyden,True,False,,,,0,180,0,180,0,,0.05277305967843704,0.33197656093617306,,0.10670941893476993,0.1741173124173656,0.0003823100123554468,0.0,0.17373500240501016,0.0,46080,368640,131.0,,,
FAIL_CONTRACT_TIMEOUT,False,1.0.0-local-freeze,128,2091457751,dense_fd,True,False,,,,129,51,0,180,0,,0.3054646437154326,1.247893842356596,,0.12616333848563954,0.04525296587962657,0.00012159004108980298,0.0009016330004669726,0.0442297428380698,0.0,46080,368640,129.0,,,
PASS,False,1.0.0-local-freeze,128,2091457751,oracle,False,True,3,1,3,0,3,0,3,1,4,0.022184715583192304,1.2018516789897274e-17,0.9950714111328125,0.001426603936124593,8.10340279713273e-05,4.0179991628974676e-05,0.0,4.085403634235263e-05,0.0,768,6144,1.0,2,,
PASS,False,1.0.0-local-freeze,128,427837642,retained_residual,True,True,13,11,13,0,13,0,13,1,14,0.031264599727537264,0.05041647787714076,0.991455078125,0.004975250922143459,0.0014113440411165357,0.00014140200801193714,0.0,0.0012699420331045985,0.0,3328,26624,6.0,12,,
PASS,False,1.0.0-local-freeze,128,427837642,anderson_residual,True,True,11,9,11,0,11,0,11,1,12,0.03042496934777928,0.057386692938549755,0.989654541015625,0.009330274013336748,0.004090936970897019,0.0003713620244525373,0.0,0.0037195749464444816,0.0,2816,22528,16.0,10,,
FAIL_CONTRACT_TIMEOUT,False,1.0.0-local-freeze,128,427837642,full_broyden,True,False,,,,0,180,0,180,0,,0.06897807112994855,0.35719528118946775,,0.1264535314985551,0.2037407805910334,0.00047301698941737413,0.0,0.20326776360161602,0.0,46080,368640,131.0,,,
FAIL_CONTRACT_TIMEOUT,False,1.0.0-local-freeze,128,427837642,dense_fd,True,False,,,,129,51,0,180,0,,0.2825887461430937,1.1395759361456046,,0.11055787524674088,0.0448577351635322,0.00016110000433400273,0.001030657032970339,0.043665978126227856,0.0,46080,368640,129.0,,,
PASS,False,1.0.0-local-freeze,128,427837642,oracle,False,True,3,1,3,0,3,0,3,1,4,0.02353971761607852,2.0897838673353192e-17,0.9950714111328125,0.002742963028140366,0.00010837102308869362,4.0629005525261164e-05,0.0,6.774201756343246e-05,0.0,768,6144,1.0,2,,
PASS,False,1.0.0-local-freeze,128,1523209647,retained_residual,True,True,11,9,11,0,11,0,11,1,12,0.028131339564029353,0.05220583768458462,0.9912261962890625,0.004011496028397232,0.0010839308961294591,0.00019468000391498208,0.0,0.0008892508922144771,0.0,2816,22528,6.0,10,,
PASS,False,1.0.0-local-freeze,128,1523209647,anderson_residual,True,True,12,8,12,0,12,0,12,1,13,0.0284641411852834,0.05181942830142761,0.9909820556640625,0.008735598996281624,0.008573402999900281,0.0003696750500239432,0.0,0.008203727949876338,0.0,3072,24576,16.0,11,,
FAIL_CONTRACT_TIMEOUT,False,1.0.0-local-freeze,128,1523209647,full_broyden,True,False,,,,0,180,0,180,0,,0.04654219321382372,0.32928449757244965,,0.11171687970636413,0.1925058860797435,0.00037847098428756,0.0,0.19212741509545594,0.0,46080,368640,131.0,,,
FAIL_CONTRACT_TIMEOUT,False,1.0.0-local-freeze,128,1523209647,dense_fd,True,False,,,,129,51,0,180,0,,0.3027125835266637,1.3514418466710418,,0.11976539908209816,0.05143816000781953,0.00016234297072514892,0.0010355279664508998,0.050240289070643485,0.0,46080,368640,129.0,,,
PASS,False,1.0.0-local-freeze,128,1523209647,oracle,False,True,3,1,3,0,3,0,3,1,4,0.0208656673548944,1.4821483875836085e-17,0.995330810546875,0.0032742180046625435,0.00012215698370710015,3.308500163257122e-05,0.0,8.907198207452893e-05,0.0,768,6144,1.0,2,,
PASS,False,1.0.0-local-freeze,128,1177627976,retained_residual,True,True,11,9,11,0,11,0,11,1,12,0.028777809182280685,0.05676105298009831,0.9893646240234375,0.0058647580444812775,0.0016013648128136992,0.0002604219480417669,0.0,0.0013409428647719324,0.0,2816,22528,6.0,10,,
PASS,False,1.0.0-local-freeze,128,1177627976,anderson_residual,True,True,11,9,11,0,11,0,11,1,12,0.028977890741694563,0.04913717474381094,0.9905242919921875,0.007419009984005243,0.0032370820408686996,0.00024571100948378444,0.0,0.002991371031384915,0.0,2816,22528,16.0,10,,
FAIL_CONTRACT_TIMEOUT,False,1.0.0-local-freeze,128,1177627976,full_broyden,True,False,,,,0,180,0,180,0,,0.07506083874468154,0.5025508809752258,,0.13168069889070466,0.21946931671118364,0.00024192495038732886,0.0,0.2192273917607963,0.0,46080,368640,131.0,,,
FAIL_CONTRACT_TIMEOUT,False,1.0.0-local-freeze,128,1177627976,dense_fd,True,False,,,,129,51,0,180,0,,0.28924091171896393,1.1205060915895813,,0.11469170963391662,0.047985686047468334,0.0001223880099132657,0.0006043940084055066,0.04725890402914956,0.0,46080,368640,129.0,,,
PASS,False,1.0.0-local-freeze,128,1177627976,oracle,False,True,3,1,3,0,3,0,3,1,4,0.02463448204978806,2.0598985310357428e-17,0.99468994140625,0.002262473979499191,0.00022070505656301975,1.9414001144468784e-05,0.0,0.00020129105541855097,0.0,768,6144,1.0,2,,
PASS,False,1.0.0-local-freeze,128,822056531,retained_residual,True,True,13,11,13,0,13,0,13,1,14,0.02933798925028805,0.04816376100086591,0.9909210205078125,0.004039290070068091,0.0011781619396060705,0.00013364903861656785,0.0,0.0010445129009895027,0.0,3328,26624,6.0,12,,
PASS,False,1.0.0-local-freeze,128,822056531,anderson_residual,True,True,12,10,12,0,12,0,12,1,13,0.028945798174841456,0.05411010385085681,0.9900054931640625,0.011161175090819597,0.0063812939915806055,0.0020901780226267874,0.0,0.004291115968953818,0.0,3072,24576,16.0,11,,
FAIL_CONTRACT_TIMEOUT,False,1.0.0-local-freeze,128,822056531,full_broyden,True,False,,,,0,180,0,180,0,,0.08484640019406789,0.4582344353728944,,0.11679249035660177,0.2016500686877407,0.00034738797694444656,0.0,0.20130268071079627,0.0,46080,368640,131.0,,,
FAIL_CONTRACT_TIMEOUT,False,1.0.0-local-freeze,128,822056531,dense_fd,True,False,,,,129,51,0,180,0,,0.3008426574159882,1.3350746423249915,,0.09347968682413921,0.04479049803921953,0.00013467995449900627,0.0005646790377795696,0.04409113904694095,0.0,46080,368640,129.0,,,
PASS,False,1.0.0-local-freeze,128,822056531,oracle,False,True,3,1,3,0,3,0,3,1,4,0.021111029593977135,1.5515838457795457e-17,0.994964599609375,0.0014529259642586112,6.0541031416505575e-05,2.2670021280646324e-05,0.0,3.787101013585925e-05,0.0,768,6144,1.0,2,,
PASS,False,1.0.0-local-freeze,128,445399178,retained_residual,True,True,10,8,10,0,10,0,10,1,11,0.027848356043648274,0.055513610035549436,0.9900054931640625,0.007124572992324829,0.0018595890724100173,0.0003091410035267472,0.0,0.00155044806888327,0.0,2560,20480,6.0,9,,
PASS,False,1.0.0-local-freeze,128,445399178,anderson_residual,True,True,11,9,11,0,11,0,11,1,12,0.03469407079510891,0.05867178110012511,0.9892730712890625,0.007037276169285178,0.00535032496554777,0.0002503800205886364,0.0,0.005099944944959134,0.0,2816,22528,16.0,10,,
PASS,False,1.0.0-local-freeze,128,445399178,full_broyden,True,True,64,55,64,0,64,0,64,1,65,0.032104144076356526,0.3382540510477771,0.9863128662109375,0.04743306996533647,0.07922669895924628,0.00033813301706686616,0.0,0.07888856594217941,0.0,16384,131072,131.0,63,,
FAIL_CONTRACT_TIMEOUT,False,1.0.0-local-freeze,128,445399178,dense_fd,True,False,,,,129,51,0,180,0,,0.29700468393045654,1.2447015456547639,,0.12044989573769271,0.052613308071158826,0.0006516600260511041,0.000573479977902025,0.0513881680672057,0.0,46080,368640,129.0,,,
PASS,False,1.0.0-local-freeze,128,445399178,oracle,False,True,3,1,3,0,3,0,3,1,4,0.02236636611117811,1.4513737894400392e-17,0.9951629638671875,0.0020890399464406073,6.747705629095435e-05,2.068100729957223e-05,0.0,4.679604899138212e-05,0.0,768,6144,1.0,2,,
PASS,False,1.0.0-local-freeze,128,1242705187,retained_residual,True,True,10,8,10,0,10,0,10,1,11,0.031161615432941735,0.05382813465677632,0.99041748046875,0.00691454391926527,0.002307913906406611,0.0002174070104956627,0.0,0.0020905068959109485,0.0,2560,20480,6.0,9,,
PASS,False,1.0.0-local-freeze,128,1242705187,anderson_residual,True,True,12,10,12,0,12,0,12,1,13,0.031113520260340023,0.05159224599968243,0.9904937744140625,0.007765817048493773,0.006014236947521567,0.00014522799756377935,0.0,0.005869008949957788,0.0,3072,24576,16.0,11,,
FAIL_CONTRACT_TIMEOUT,False,1.0.0-local-freeze,128,1242705187,full_broyden,True,False,,,,0,180,0,180,0,,0.07971988772459314,0.5973199528702466,,0.13391889008926228,0.2854262819746509,0.00023083697305992246,0.0,0.285195445001591,0.0,46080,368640,131.0,,,
FAIL_CONTRACT_TIMEOUT,False,1.0.0-local-freeze,128,1242705187,dense_fd,True,False,,,,129,51,0,180,0,,0.3109860299088469,1.253200517391471,,0.134993297921028,0.051836923928931355,0.00017302698688581586,0.0009296159842051566,0.05073428095784038,0.0,46080,368640,129.0,,,
PASS,False,1.0.0-local-freeze,128,1242705187,oracle,False,True,3,1,3,0,3,0,3,1,4,0.022067163462181103,2.0306733323419068e-17,0.995025634765625,0.0025499079492874444,0.00010098901111632586,3.564701182767749e-05,0.0,6.534199928864837e-05,0.0,768,6144,1.0,2,,
